date,skew20,kurt20,var20,CHV_10_10,CHV_10_10_delta,MACDh_12_26_9,RSI_14,ATRn_14,ADX_14,AROONOSC_25,BBP_20_2.0,CLV,MFI_14,OBV,ROC_12,VWAP_dev,ROLL_spread_20,AMIHUD_20,breakeven10y_pct,DXY_broad,WTI_usd_bbl,VIX_pct,VIX3M_pct,VVIX,VIX9D_pct,VIX6M_pct,MOVE_bp,UST_10Y_2Y_slope_bp,IG_OAS_bp,ANFCI,gamma_30,vega_30,call_iv_30,put_iv_30,call_iv_10,put_iv_10,iv_atm10,iv_atm30,call_iv_60,put_iv_60,iv_atm60,call_price_10,put_price_10,call_price_30,put_price_30,call_price_60,put_price_60,vomma_30,vanna_30,charm_30,call_put_vol_ratio_30,call25_iv_10,put25_iv_10,call25_iv_30,put25_iv_30,call25_iv_60,put25_iv_60,RV10,RV10_past,dRV10,logratio_RV10,RV30,RV30_past,dRV30,logratio_RV30,RV60,RV60_past,dRV60,logratio_RV60,RV_over_IV_30_past,iv_asymmetry_30,rr25_rel_10,bf25_10,skew_slope25_10,VRP_30,VRP_10,VRP_60,dVRP_5,rr25_rel_30,bf25_30,skew_slope25_30,rr25_rel_60,bf25_60,skew_slope25_60,VIX_term_slope,dVIX_term_5,VVIX_level,dVVIX_5,VIX_short_slope,dVIX_short_5,VIX_mid_slope,dVIX_mid_5,VIX_curve,dVIX_curve_5,vol_on_20,vol_intra_20,on_share_20,d_on_share_5,ret1d,neg_ret,neg_abs_ret,RSminus_20,RSplus_20,RSratio_20,mean_var_sector,dispersion_30,realized_corr_30,d_dispersion_5,d_realized_corr_5,is_opex_week,is_month_end,is_quarter_end
2010-12-01,0.3571365193,-0.1727899561,9.14092618e-05,2.532937169,-2.305188148,-2.185983999,57.21021593,0.01370745382,18.993005,28,0.5986334276,0.853399491,30.07789554,45295720000,0.5720420589,0.01180206272,0.005580003642,1.623512841e-15,2.14,91.6799,86.75,21.36000061,23.98999977,92.02999878,,26.39999962,110.0999985,244,181,-0.41795,0.005348,162.643,0.1857602,0.1853806,0.1751299091,0.1774600909,0.176295,0.1855704,0.2007882105,0.2006423158,0.2007152632,14.49545455,15.38181818,28.98,31.72,43.39736842,49.63947368,-0.8982656716,0.06742684919,-0.05317377191,0.864357292,0.1587889091,0.211268,0.1648034,0.2214332,0.1748296316,0.2444973158,0.07611315803,0.1814905274,-0.1053773693,-0.8689823072,0.065664609,0.1412878386,-0.07562322964,-0.7662391138,0.09554297523,0.1337913365,-0.0382483613,-0.3367052475,0.7613705561,-0.0003796,-0.2836271374,0.008733454545,0.1049581818,0.02566270926,-0.0018588845,0.02238649513,,-0.2932389111,0.0075479,0.1132596,-0.3322833634,0.008948210526,0.1393353684,0.123127298,,92.02999878,,,,0.123127298,,0.100458519,,0.04319116847,0.1347883181,0.2426749807,0.00436895244,0.02138662226,0,0,0.1005320086,0.1293659445,0.777113397,0.02825877931,0.008296525958,0.706408905,,,0,0,0
2010-12-08,0.51067838,-0.06012619347,0.0001006237158,-15.92352285,-6.092298188,2.592485223,64.00682206,0.01198307818,20.05215391,56,0.8960623109,0.862137707,62.06069781,62053150000,2.379706208,0.01997475038,0,1.517904035e-15,2.19,91.3376,88.3,17.73999977,20.37999916,81.80000305,,23.27000046,112.0999985,263,174,-0.42414,0.006218533333,166.62056,0.1540664667,0.1535724,0.1445125,0.144022,0.14426725,0.1538194333,0.1718647895,0.1718574211,0.1718611053,11.875,13.825,24.00333333,27.45,37.52631579,43.78684211,-0.7627821465,0.06782678217,-0.04408296233,0.2572551683,0.13865675,0.1629095,0.1403911333,0.1788026667,0.1500755263,0.2051182632,0.0555668945,0.1507437964,-0.09517690191,-0.997994082,0.06862201669,0.1430898369,-0.07446782016,-0.7348592365,0.1074939913,0.1338007948,-0.02630680351,-0.2189171368,0.9302455077,-0.0004940666667,-0.1608452537,0.006515875,0.0485055,0.01099605778,-0.001910652733,0.01163358681,-0.01466665148,-0.2406784426,0.005777466667,0.07682306667,-0.3099307391,0.005735789474,0.1100854737,0.148816202,0.025688904,81.80000305,-10.22999573,,,0.148816202,0.025688904,0.1418057613,0.04134724235,0.04544244906,0.1210058824,0.2730123437,0.03033736301,0.003694925753,0,0,0.09616414137,0.1186633483,0.8103946395,0.02863189797,0.008157196555,0.7151010888,-0.0001393294036,0.008692183802,0,0,0
2010-12-15,0.1683635235,0.3659367118,8.771595408e-05,-35.44140695,-5.486920143,2.377773257,63.70421856,0.0092862965,23.59692015,72,0.7774037834,-0.7617242448,62.30510847,75209220000,3.99659614,0.01189745012,0.003129264883,1.312357903e-15,2.31,91.094,88.66,17.94000053,20.73999977,83.41999817,,23.30999947,125.1999969,285,169,-0.44916,0.0059058,166.88294,0.1635186,0.163277,0.151894,0.147786,0.14984,0.1633978,0.1763224737,0.1765051053,0.1764137895,14.55,14,27.01,27.69,40.25526316,43.67105263,-0.811556704,0.0675513629,-0.0468258647,0.8218359233,0.14102025,0.169183625,0.1446466,0.1892114,0.1552313158,0.2102594211,0.04331338369,0.07611315803,-0.03279977434,-0.563759475,0.08684969111,0.1434085005,-0.05655880938,-0.5015182685,0.1165909632,0.1315270651,-0.0149361019,-0.1205408803,0.8776648186,-0.0002416,-0.1815797756,0.0052619375,0.05632675,0.0116183639,0.01665881277,0.01382245625,0.0006223061264,-0.2669685914,0.0035312,0.0891296,-0.3011190146,0.006331578947,0.1100562105,0.1560757611,0.007259559063,83.41999817,1.619995117,,,0.1560757611,0.007259559063,0.1239151265,-0.01789063486,0.04030573434,0.1042022926,0.2789169238,0.005904580158,-0.005135617015,1,0.005135617015,0.06474676105,0.1203649211,0.5379205207,0.02860769052,0.00804169251,0.7188975285,-0.0001155040444,0.003796439642,1,0,0
2010-12-22,0.4256300138,1.152302561,6.445802728e-05,-32.87980222,-3.445126939,1.992848856,72.53726892,0.006526992792,26.36673019,100,0.8698687815,0.7527911123,77.55093207,92891910000,2.920397904,0.01818160752,0.004912306018,1.242242243e-15,2.33,91.429,89.83,15.44999981,19.56999969,86.02999878,,22.69000053,106.4000015,271,168,-0.48509,0.0070741,168.89603,0.1383711,0.13939775,0.1100237333,0.1081327333,0.1090782333,0.138884425,0.160098,0.160508,0.160303,10.23,11.54333333,22.2125,25.3375,36.25,41.85,-0.6981258337,0.06708399399,-0.03980538516,0.3509580674,0.1035157333,0.1263215333,0.12459125,0.1661848,0.141518,0.192843,0.06525636498,0.0555668945,0.009689470485,0.1607359879,0.0983848208,0.1313130992,-0.0329282784,-0.2886980098,0.1313766491,0.1224638897,0.008912759419,0.07025217332,0.9454847021,0.00102665,-0.1984517161,0.0058404,0.0456116,0.006627119389,0.008810381223,0.01069964753,-0.004991244514,-0.2860864916,0.0065036,0.0831871,-0.3070035082,0.0068775,0.10265,0.2666666626,0.1105909015,86.02999878,2.61000061,,,0.2666666626,0.1105909015,0.1594277408,0.03551261434,0.0329116359,0.08943822078,0.2689961132,-0.009920810638,0.003373857626,0,0,0.03940547118,0.1124619767,0.3503892811,0.02373139387,0.006488263847,0.726595754,-0.001553428663,0.007698225503,0,0,0
2010-12-29,1.61479129,4.212154016,3.661987764e-05,-35.95319338,-3.620481062,0.7324896229,71.90510897,0.005630237395,28.65399053,84,0.8331004556,-0.476432429,73.27587923,97062190000,1.562399589,0.01210630859,0,8.565978192e-16,2.29,90.7669,91.13,17.28000069,20.84000015,85.70999908,,23.96999931,111.3000031,271,167,-0.52354,0.00653395,166.094255,0.15433785,0.15478305,0.1329754667,0.124124,0.1285497333,0.15456045,0.1751165,0.174134,0.17462525,11.59333333,11.36,25.5025,26.445,43.4,41.35,-0.7640357975,0.06592192883,-0.04429517645,0.555559001,0.1203095333,0.1480424,0.1350621,0.1796043,0.153241,0.207864,0.07832617782,0.05365879255,0.02466738527,0.3782365315,0.100014598,0.1240327957,-0.0240181977,-0.2152298569,0.1329822178,0.120196865,0.01278535281,0.1010844784,0.8024872835,0.0004452,-0.2066902692,0.005626233333,0.05546573333,0.01447570797,0.01364576792,0.01604669159,0.007848588585,-0.2831074433,0.00277275,0.0890844,-0.3025325044,0.00592725,0.109246,0.2060184794,-0.06064818313,85.70999908,-0.3199996948,,,0.2060184794,-0.06064818313,0.1501918972,-0.009235843612,0.0247114533,0.07746946023,0.2418402072,-0.02715590598,0.001008636511,0,0,0.01969029219,0.09953935886,0.1978141351,0.02067183918,0.005287704783,0.7442073375,-0.001200559065,0.01761158351,0,1,1
2011-01-05,0.7158174092,1.338592501,1.315159266e-05,8.822752308,13.07529538,0.6002507809,76.26190028,0.006198026421,31.93698089,100,0.9806628297,0.8255999045,81.39930316,97546870000,2.624789858,0.01558839256,0.002254511388,6.978227163e-16,2.42,90.5715,90.3,17.02000046,20.04999924,84.69999695,15.56999969,22.78000069,116.1999969,279,163,-0.55454,0.006414,169.39381,0.1505236,0.1496796,0.1353848,0.1362824,0.1358336,0.1501016,0.1685463333,0.1678124167,0.168179375,13.05,11.99,25.195,25.905,40.1,42.9125,-0.7567345807,0.06634776665,-0.04301820742,0.6608115243,0.1212374,0.1519418,0.1336353,0.1744099,0.1445760833,0.2000524167,0.0865053905,0.0632410417,0.0232643488,0.3132532455,0.0971829552,0.1091081641,-0.01192520893,-0.1157443836,0.1325271138,0.115096862,0.01743025175,0.1410132045,0.7268954104,-0.000844,-0.2247931028,0.000756,0.0614088,0.01706345008,0.01445133753,0.01503701453,0.002587742103,-0.2647312797,0.003921,0.0815492,-0.3219486104,0.004134875,0.1109526667,0.1780257754,-0.027992704,84.69999695,-1.010002136,0.09312786072,,0.1780257754,-0.027992704,0.1361596785,-0.01403221873,0.01617538932,0.05708291222,0.220799404,-0.02104080322,0.004994676074,0,0,0.02042938668,0.06262372985,0.3262243679,0.01671006992,0.004805478436,0.7124202077,-0.0004822263467,-0.03178712982,0,0,0
2011-01-12,0.9116616521,1.277550347,1.41470582e-05,63.30980379,16.94728734,-0.05106113909,75.74263683,0.006884243636,33.26127553,96,0.9898372777,0.8377831451,64.84330323,91980900000,2.259961591,0.01377179094,0.002152119562,7.323158609e-16,2.42,90.4111,91.85,16.23999977,19.22999954,77.94000244,14.81999969,21.94000053,98.30000305,279,163,-0.57292,0.006521263158,171.2979053,0.143735,0.1446995789,0.12414575,0.12972925,0.1269375,0.1442172895,0.1641835,0.166623,0.16540325,11.86,12.115,23.82894737,25.78157895,42.2,39.475,-0.7352416545,0.06660312345,-0.04133288266,0.4389665887,0.12101725,0.147867,0.1278899474,0.1713287368,0.1395555,0.1977785,0.07756905679,0.07832617782,-0.0007571210396,-0.009713279488,0.1184333961,0.08568287227,0.03275052386,0.3236977958,0.1314332499,0.11503516,0.01639808992,0.1332612968,0.594123441,0.0009645789474,-0.1997123297,0.007504625,0.0536995,0.01903220466,0.009978138774,0.01412514707,0.001968754579,-0.2903481084,0.005392052632,0.08687757895,-0.34519497,0.00326375,0.116446,0.184113289,0.006087513565,77.94000244,-6.759994507,0.09581647136,0.002688610642,0.184113289,0.006087513565,0.140925692,0.00476601348,0.01638726176,0.06218291072,0.208568484,-0.01223092,0.008967253799,0,0,0.02326217515,0.06549907922,0.3551527049,0.0113646614,0.004023106803,0.6459985335,-0.0007823716327,-0.06642167422,0,0,0
2011-01-19,0.9656212267,0.07667026523,1.570735657e-05,18.23885806,5.896175515,-0.03471537032,63.98111082,0.00806045559,35.65456193,84,0.7311675604,-0.6173452705,70.31510029,92872930000,1.930602479,0.004206321499,0.002905614552,7.666147948e-16,2.38,89.6948,90.85,17.30999947,19.63999939,83.69999695,17.73999977,22.04000092,93.40000153,277,161,-0.58511,0.006459421053,167.1882526,0.1510458421,0.1513228947,0.13968985,0.15608525,0.14788755,0.1511843684,0.165758,0.1659726667,0.1658653333,11.435,11.0475,24.67631579,26.16315789,38.925,41.89166667,-0.7522693566,0.06521009604,-0.04332830844,0.4011429478,0.1285074,0.1728352,0.1329983684,0.1795505263,0.1457345,0.2006938333,0.1397498855,0.08899527307,0.05075461244,0.451271036,0.1319847101,0.0684333713,0.06355133883,0.6568254934,0.1300291589,0.1111671271,0.01886203178,0.1567240059,0.4526484584,0.0002770526316,-0.2942020146,0.00278375,0.0886556,0.02528048184,0.01395056882,0.01515317865,0.006248277187,-0.2978872022,0.005090078947,0.09310431579,-0.3172912146,0.007348833333,0.1099186667,0.1346042747,-0.04950901426,83.69999695,5.759994507,-0.02423902541,-0.1200554968,0.1346042747,-0.04950901426,0.1221996742,-0.0187260178,0.01579568668,0.07376878364,0.1763610796,-0.0322074044,-0.01016716579,1,0.01016716579,0.03934750561,0.06653222709,0.5914052081,0.009343569011,0.004660442704,0.5012138618,0.0006373359005,-0.1447846716,1,0,0
2011-01-26,0.07526895018,1.098552041,2.270594881e-05,1.726783039,0.0183767454,-0.6624923066,70.60410284,0.007916674125,31.655627,100,0.8916225976,0.1994909822,63.89583813,106101760000,1.976406204,0.01078494056,0.002592370592,6.663886205e-16,2.29,89.5091,86.15,16.63999939,18.81999969,79.43000031,16.27000046,21.23999977,93.30000305,283,159,-0.5994,0.007027052632,169.6296263,0.1387905263,0.1373678421,0.1479775,0.130952,0.13946475,0.1380791842,0.15158125,0.151252625,0.1514169375,12.475,10.4,23.74210526,23.35789474,34.19375,40.73125,-0.6970928696,0.0654117313,-0.03957473025,1.221353915,0.124764,0.1551905,0.1200241053,0.1666257895,0.1301825,0.185457125,0.1410851809,0.08727838547,0.05380679543,0.4802609847,0.1490453183,0.06861523395,0.08043008437,0.7757358302,0.1350987186,0.1114221185,0.02367660009,0.192679902,0.4969267044,-0.001422684211,-0.2173674651,0.0005125,0.060853,0.02298090764,0.01183289992,0.01051220047,-0.002299574205,-0.3251470527,0.005245763158,0.09320336842,-0.3502388206,0.006402875,0.11054925,0.1310096385,-0.003594636201,79.43000031,-4.269996643,0.02274117526,0.04698020067,0.1310096385,-0.003594636201,0.1285866161,0.00638694197,0.01710315781,0.07494029674,0.1858161223,0.009455042701,0.004212024148,0,0,0.03918237605,0.06737807554,0.581530056,0.01026081225,0.005552761922,0.4588379764,0.0008923192178,-0.04237588541,0,0,0
2011-02-02,-0.6715059797,2.430134296,5.126885765e-05,17.42478036,-33.07557765,-0.4484860336,63.92574497,0.009009987095,26.97622717,84,0.920832114,-0.4348549342,63.41902094,110025720000,0.8343415873,0.01088811722,0.004498429711,8.641926476e-16,2.36,89.0737,89.78,17.29999924,19.09000015,83.16000366,16.82999992,21.21999931,102.5,285,159,-0.6178,0.006497789474,172.2660368,0.1451013684,0.1446363158,0.13628,0.1442976364,0.1402888182,0.1448688421,0.158217,0.1560933333,0.1571551667,10.93636364,14.05,22.81842105,27.50263158,38.21666667,39.48333333,-0.7427375384,0.06605140865,-0.04151950027,0.3273795944,0.126258,0.1660790909,0.1282889474,0.1755712105,0.1362603333,0.187503,0.05397432528,0.1397498855,-0.08577556023,-0.951345817,0.151554176,0.09934801325,0.05220616273,0.4223141869,0.1261683464,0.1167349782,0.009433368207,0.07771087587,0.6857790247,-0.0004650526316,-0.272432696,0.005879727273,0.07964218182,0.02005896962,0.0001509220069,0.01107069127,-0.002921938014,-0.3112106798,0.007061236842,0.09456452632,-0.3165439776,0.0047265,0.1024853333,0.1034682656,-0.02754137295,83.16000366,3.730003357,0.02792628137,0.005185106112,0.1034682656,-0.02754137295,0.1115766969,-0.01700991923,0.01916890747,0.1088742185,0.1497066502,-0.03610947208,-0.002726230259,1,0.002726230259,0.07527718337,0.08475269691,0.8881980882,0.01667730315,0.006807275413,0.5918239687,0.001254513491,0.1329859922,0,0,0
2011-02-09,-1.002557253,2.993871786,5.070715329e-05,11.6980162,2.12386666,1.436637115,68.3138813,0.008964262944,25.65847169,84,0.9288028026,0.2414456124,63.27223112,122184220000,2.327169894,0.0166290836,0.004261838574,9.185334184e-16,2.31,89.4166,85.59,15.86999989,17.86000061,82.11000061,14.30000019,20.09000015,99.30000305,284,152,-0.63743,0.006708625,177.0047875,0.133452125,0.133469,0.1209629474,0.1209885263,0.1209757368,0.1334605625,0.1456085417,0.1456524583,0.1456305,10.72368421,11.63947368,21.39375,26.3,33.97708333,39.26041667,-0.7030701936,0.06700259959,-0.03825171766,0.7206168139,0.1078596842,0.1381730526,0.120720875,0.1602715,0.1271918333,0.1792558333,0.1237688771,0.1410851809,-0.01731630383,-0.130947896,0.1596018148,0.09999769552,0.05960411929,0.467534915,0.128048285,0.1118507856,0.01619749939,0.1352417076,0.749267751,1.6875e-05,-0.2464173574,0.002040631579,0.06062673684,0.01518615053,-0.005269899363,0.008697644282,-0.004872819096,-0.2815067491,0.007035625,0.07910125,-0.3397904808,0.007593333333,0.104128,0.1253938714,0.02192560583,82.11000061,-1.050003052,0.109790187,0.08186390561,0.1253938714,0.02192560583,0.1248599925,0.0132832956,0.01835589345,0.1079217444,0.1453613939,-0.004345256326,-0.002789653078,1,0.002789653078,0.07510619584,0.08704027762,0.8628901228,0.01723759889,0.007238059778,0.5801004638,0.0004307843656,-0.01172350489,0,0,0
2011-02-16,-0.7702176416,2.940604618,4.855758791e-05,-21.54567141,6.852600461,1.158529484,71.71314754,0.009025318058,26.73511014,100,0.8979220267,0.6814708763,54.20037608,132194760000,3.903208982,0.01933191022,0.004115376271,8.967919875e-16,2.25,89.7059,83.8,16.71999931,18.31999969,83.05000305,16.87000084,20.32999992,95.5,276,149,-0.64841,0.006338,181.9807,0.13648,0.136456,0.1239633684,0.1313176842,0.1276405263,0.136468,0.14690475,0.14726525,0.147085,10.74736842,10.50526316,21.9,28.3,33.725,41.5125,-0.7391232788,0.06809024036,-0.03911321217,0.6464448793,0.1073950526,0.1506997368,0.121704,0.171916,0.12782025,0.1796975,0.1802869621,0.05397432528,0.1263126368,1.20604134,0.1604033408,0.09759009668,0.06281324416,0.4969155035,0.1316095142,0.1027309648,0.0288785494,0.2477257338,0.7151134089,-2.4e-05,-0.335571937,0.001406868421,0.08660936842,0.01843201073,0.01337887617,0.01108034609,0.003245860205,-0.3420202983,0.010342,0.100424,-0.3373935326,0.006673875,0.1037545,0.09569380665,-0.02970006475,83.05000305,0.9400024414,-0.008891613421,-0.1186818004,0.09569380665,-0.02970006475,0.1097161715,-0.01514382097,0.0219556761,0.09721271224,0.184240774,0.03887938009,0.006237938699,0,0,0.06658683171,0.08249767011,0.807135906,0.01769671748,0.00817289051,0.5381691255,0.0009348307318,-0.04193133829,1,0,0
2011-02-23,-1.304837276,3.056235394,6.664424416e-05,19.32833618,14.90945373,-2.509924615,49.45715153,0.009189986436,25.43403356,84,0.3851121283,-0.1448821515,56.47248341,132670400000,-0.2647074627,-0.01025461065,0,1.692927401e-15,2.39,89.4186,96.04,22.12999916,22.46999931,99.04000092,22.77000046,23.87999916,96.69999695,275,150,-0.63691,0.005035,173.8771333,0.1825413333,0.182529,0.203185,0.1967515,0.19996825,0.1825351667,0.1854404167,0.1856061667,0.1855232917,17.425,15.05,30.71666667,32.93333333,43.0875,49.0375,-0.9446039141,0.06649729744,-0.05230493321,0.510650213,0.172365,0.235759,0.1568423333,0.2275713333,0.1596335833,0.2286835,0.1574559411,0.1240536452,0.03340229582,0.2384315848,0.1474769954,0.1175750273,0.02990196812,0.2265955403,0.1255458043,0.1033979375,0.02214786672,0.1940856507,0.6441226065,-1.233333333e-05,-0.3106604855,0.00409375,0.126788,0.03514979924,0.02459799411,0.02372775826,0.0167177885,-0.3679837952,0.009671666667,0.141458,-0.3556367702,0.00863525,0.1380998333,0.01536376708,-0.08033003957,99.04000092,15.98999786,-0.02810721494,-0.01921560152,0.01536376708,-0.08033003957,0.06275032891,-0.04696584262,0.02089673131,0.1225259195,0.1457003562,-0.03854041778,-0.006130715011,1,0.006130715011,0.1015245842,0.08043938838,1.262125263,0.02376631308,0.00994242603,0.5816588801,0.00176953552,0.04348975462,0,0,0
2011-03-02,-0.952725936,2.029604889,6.842456638e-05,50.18944189,6.023570896,-4.161966157,49.24772998,0.01052671036,20.68080044,60,0.2462000048,0.009473341114,56.05161336,136380960000,-1.558144877,-0.01144688923,0,2.192040799e-15,2.45,88.7317,102.27,20.70000076,21.68000031,87.55000305,20.78000069,23.29000092,96.59999847,277,151,-0.60241,0.005269,172.39625,0.175967,0.1766775,0.1804866364,0.1809474545,0.1807170455,0.17632225,0.1822023158,0.1821244211,0.1821633684,14.92272727,17.05454545,28.725,32.2,43.11842105,47.56052632,-0.9046813896,0.06587854621,-0.05052634379,0.3768833796,0.159274,0.2156521818,0.150811,0.21688075,0.1563375263,0.2230070526,0.190383431,0.1573245829,0.03305884811,0.1907290184,0.1386384148,0.1269928542,0.0116455606,0.08773839269,0.1228755516,0.09905707624,0.02381847537,0.2154758559,0.7202315883,0.0007105,-0.3007428371,0.006746045455,0.1127563636,0.02672181815,0.007907626147,0.02337118844,-0.008427981085,-0.3593757543,0.007523625,0.1321395,-0.3514985057,0.007508921053,0.1333390526,0.04734297131,0.03197920423,87.55000305,-11.48999786,-0.003849851832,0.02425736311,0.04734297131,0.03197920423,0.07426201973,0.01151169082,0.01975734587,0.1122485589,0.1496701674,0.003969811244,0.00161389789,0,0,0.09696592256,0.06167729293,1.572149457,0.02740753135,0.01128034634,0.5884216569,0.001337920311,0.006762776828,0,0,0
2011-03-09,-0.5755982881,0.7957445883,7.772148198e-05,24.16858851,-21.67419464,-2.19677177,52.97743985,0.01296246839,15.55176213,52,0.4466729699,0.4168266012,59.44868559,133354860000,-1.71182568,0.0001786610965,0.003081742108,2.400450562e-15,2.5,88.5328,104.39,20.21999931,21.81999969,84.88999939,19.93000031,23.46999931,90.90000153,278,149,-0.55941,0.005296416667,172.9031667,0.17488525,0.1733434167,0.1697415,0.168472,0.16910675,0.1741143333,0.1814071579,0.1814704737,0.1814388158,15.7875,16.1375,29.48333333,30.84166667,42.46842105,48.83421053,-0.8959797499,0.06549263142,-0.04989423422,0.1551776606,0.1463075,0.20470425,0.1488885,0.2084923333,0.1547727895,0.2215114211,0.1954961429,0.1574559411,0.03804020181,0.2163949698,0.1338160131,0.1382711174,-0.004455104307,-0.0327505568,0.1270291606,0.1081991859,0.01882997475,0.1604428292,0.7941397746,-0.001541833333,-0.3327338757,0.006399125,0.1167935,0.02176593531,0.003804719519,0.02121298005,-0.004955882841,-0.333559205,0.004576083333,0.1192076667,-0.3547245923,0.006703289474,0.1334772632,0.07912959623,0.03178662492,84.88999939,-2.660003662,0.01455087826,0.01840073009,0.07912959623,0.03178662492,0.07561868202,0.001356662289,0.02397173649,0.1309908145,0.1546937395,0.005023572045,-0.001362631393,1,0.001362631393,0.1044372913,0.08711683547,1.198818699,0.03078970171,0.01167079979,0.62095119,0.0003904534506,0.03252953309,0,0,0
2011-03-16,-0.1970776994,-0.427610313,0.0001007735114,44.52624062,21.96335436,-7.176925862,33.49690525,0.01622953419,21.08784104,-68,-0.1988659667,-0.5084771089,34.67085547,117287470000,-5.299797123,-0.0357476362,0,2.762953745e-15,2.37,88.9785,97.99,29.39999962,26.90999985,112.3899994,31.04000092,27.10000038,103.5999985,264,157,-0.52227,0.004040041667,163.0895458,0.2468245833,0.248758625,0.276217375,0.27761875,0.2769180625,0.2477916042,0.2324091053,0.2322834737,0.2323462895,26.125,24.775,40.16666667,40.24375,54.21842105,56.81052632,-1.202744648,0.06487872583,-0.07097382194,0.2946827955,0.239689625,0.328702125,0.2030853333,0.306806125,0.1912028947,0.2859146842,0.09676853678,0.190383431,-0.09361489419,-0.6767181882,0.09620862956,0.1455704247,-0.04936179514,-0.41414093,0.1171635606,0.1255112332,-0.008347672571,-0.06882434949,0.5874711743,0.001934041667,-0.3132082758,0.0072778125,0.178025,0.06524524921,0.04043776255,0.03823172858,0.0434793139,-0.406834788,0.007154125,0.2074415833,-0.397016558,0.0062125,0.1894235789,-0.08469387086,-0.1638234671,112.3899994,27.5,-0.05283509177,-0.06738597003,-0.08469387086,-0.1638234671,0.007060592164,-0.06855808985,0.03280116169,0.1543961137,0.1752224311,0.02052869161,-0.01968748195,1,0.01968748195,0.148983694,0.08807914716,1.69147521,0.03130237582,0.01011162727,0.6769693351,-0.001559172518,0.05601814509,1,0,0
2011-03-23,-0.09594168583,-0.90168209,0.0001212939275,1.187756273,6.755600953,-1.590005348,49.14110996,0.01551342486,23.97536206,-68,0.4340742135,0.6391278552,41.177144,130597450000,-0.9609707261,0.002214084939,0.006895721897,2.125681035e-15,2.38,88.3328,105.21,19.17000008,20.93000031,84.76999664,19.05999947,22.75,91.69999695,267,153,-0.50471,0.0059205,167.7347,0.168651,0.166652,0.1666936667,0.1649376667,0.1658156667,0.1676515,0.1764242632,0.1777867895,0.1771055263,14.31666667,17.06666667,26.325,30.35,40.41578947,47.79473684,-0.8369337517,0.0646356567,-0.04804384892,0.4752277002,0.1475766667,0.1933986667,0.1431865,0.2036465,0.1530876316,0.2208392105,0.0644239832,0.1954961429,-0.1310721597,-1.110054676,0.09109031404,0.157129956,-0.06603964192,-0.5452217316,0.1176888665,0.1316621424,-0.01397327587,-0.1121946963,0.9372415752,-0.001999,-0.268770175,0.004672,0.091644,0.01205906724,-0.01072390657,0.01403144772,-0.05318618198,-0.348640412,0.005765,0.12092,-0.3623787935,0.009857894737,0.1355031579,0.09181013155,0.1765040024,84.76999664,-27.62000275,0.005771280873,0.05860637265,0.09181013155,0.1765040024,0.08695650589,0.07989591373,0.03656614899,0.1535441267,0.1923417809,0.01711934977,0.002909742259,0,0,0.1283002631,0.1116321102,1.149313248,0.03575729965,0.01106747659,0.6904834342,0.0009558493167,0.01351409907,0,0,0
2011-03-30,-0.3633282098,-0.434831319,0.0001076453994,-37.46190472,-11.97164229,3.824315743,59.15562394,0.01308693777,19.11123143,-36,0.8318642689,0.2934032296,55.80341057,143121910000,2.458364748,0.02637248812,0.004376314802,1.540969705e-15,2.47,88.2298,103.8,17.70999908,19.75,82.75,16.97999954,21.75,89.59999847,267,150,-0.51651,0.006597583333,172.1725583,0.1515783333,0.1519202917,0.1488039091,0.1470890909,0.1479465,0.1517493125,0.167285,0.16618,0.1667325,12.12727273,14.30454545,24.45208333,28.53125,40.95,44.375,-0.7775912904,0.06481131643,-0.04349010459,0.4518120314,0.134485,0.1799143636,0.1324904167,0.1852149167,0.1412695,0.202224,0.05516852863,0.09676853678,-0.04160000815,-0.5619292511,0.09429439187,0.1614044907,-0.06711009878,-0.5374918618,0.1207400637,0.1324944506,-0.01175438693,-0.09290076161,1.063625844,0.0003419583333,-0.2889914478,0.009253181818,0.09085872727,0.005312997154,0.01252401715,0.01024494712,-0.006746070081,-0.3319081833,0.007103354167,0.105449,-0.3549091904,0.00501425,0.121909,0.1151892163,0.02337908476,82.75,-2.019996643,0.04299172921,0.03722044833,0.1151892163,0.02337908476,0.1012658228,0.01430931689,0.03827027013,0.1418154385,0.2125114226,0.0201696417,0.006662462626,0,0,0.1156397152,0.1142414551,1.012239516,0.03616305916,0.01011164956,0.7203873292,-0.0009558270331,0.029903895,0,1,1
2011-04-06,-0.7561324355,0.4802454808,8.512628865e-05,-41.47327002,-1.783062119,4.050504674,61.36234255,0.008550313006,15.924684,60,0.84174303,0.0735952409,73.1249343,148374580000,2.862030687,0.01626485344,0,1.244766079e-15,2.57,87.4913,108.38,16.89999962,19.37999916,83.22000122,15.21000004,21.62999916,89.69999695,271,147,-0.54395,0.0068,176.2766367,0.14099475,0.1445744167,0.12576225,0.1256585833,0.1257104167,0.1427845833,0.165676,0.164613,0.1651445,11.95833333,11.5125,24.54166667,26.1375,45.13181818,40.07727273,-0.7490948249,0.06599451782,-0.04092252158,0.3455625581,0.1098194167,0.1488243333,0.1201135833,0.1773876667,0.1363847273,0.1980185455,0.1106957314,0.0644239832,0.0462717482,0.5412993052,0.101393817,0.1474769954,-0.0460831784,-0.3746600871,0.1314114871,0.132246685,-0.0008351979365,-0.006335481456,1.032863577,0.003579666667,-0.3016111286,0.003611458333,0.07800983333,0.006811534524,0.01165265925,0.009783520181,0.00149853737,-0.3850342366,0.005966041667,0.1145481667,-0.3686197069,0.002057136364,0.1232676364,0.1467455384,0.03155632204,83.22000122,0.4700012207,0.1111110832,0.06811935404,0.1467455384,0.03155632204,0.1160990762,0.01483325345,0.0385935186,0.1218805303,0.2404969456,0.02798552299,0.002181296758,0,0,0.108705095,0.09356608837,1.161800144,0.03009225438,0.008342790195,0.7227595484,-0.001768859362,0.002372219201,0,0,0
2011-04-13,-0.6303340267,1.923378632,5.843580336e-05,-10.28931661,5.300457246,-0.6772073953,48.93543919,0.008423660248,13.60956875,68,0.493150508,-0.1414345229,44.13531753,136882570000,0.3220977845,-0.008223160125,0,9.010922311e-16,2.61,87.2093,106.6,16.92000008,19.98999977,86.04000092,17.96999931,22.36000061,83.90000153,274,146,-0.57371,0.006131631579,175.1537316,0.1496395789,0.1516713684,0.1431321667,0.1405582083,0.1418451875,0.1506554737,0.1662125455,0.1665280909,0.1663703182,10.50833333,11.6375,24.94736842,28.1,38.87272727,46.17727273,-0.7853532261,0.06662827108,-0.04317683545,0.4291912909,0.1312045417,0.1704267917,0.1261937368,0.1854358947,0.1412570909,0.2079744545,0.1051095093,0.05516852863,0.04994098066,0.6446100952,0.1072147542,0.1386384148,-0.03142366057,-0.2570353396,0.1377734409,0.1318201771,0.005953263824,0.04417190447,0.9202348336,0.002031789474,-0.2600674775,0.008970479167,0.0784445,0.00940803021,0.01707649067,0.01030252368,0.002596495686,-0.38020876,0.005159342105,0.1184843158,-0.3820809689,0.008245454545,0.1334347273,0.1814420615,0.03469652317,86.04000092,2.819999695,-0.05843067764,-0.1695417609,0.1814420615,0.03469652317,0.118559323,0.002460246745,0.02454067576,0.0811094225,0.2322825645,-0.008214381088,0.0001902174903,0,0,0.03736381502,0.09015446917,0.4144421831,0.02782128593,0.008600675886,0.6908598723,0.0002578856909,-0.03189967606,1,0,0
2011-04-20,-0.4977689366,0.2837524596,2.558977134e-05,27.50815849,6.535120496,-1.037757678,57.21566974,0.00977340351,15.78895706,68,0.7271336159,0.6602596466,43.99010805,148877780000,-0.188316173,0.005349978641,0,8.457633404e-16,2.61,86.5642,110.84,15.06999969,18.47999954,86.20999908,15.03999996,21.37000084,77.40000153,274,147,-0.59223,0.007142421053,176.7672,0.1305652632,0.134016,0.1345908571,0.1375388571,0.1360648571,0.1322906316,0.151248,0.15342,0.152334,10.12857143,10.81428571,22.31052632,24.98421053,36.65,41.7,-0.6959715634,0.06643585195,-0.03791657697,0.4656082503,0.1186477143,0.1560428571,0.1125013684,0.1638223158,0.128894,0.189476,0.0932234916,0.1106957314,-0.01747223979,-0.1717855331,0.1215891353,0.1338160131,-0.01222687785,-0.09581820263,0.1348749336,0.1349582394,-8.330577516e-05,-0.0006174613513,1.011530533,0.003450736842,-0.2722710333,0.001280428571,0.07479028571,0.004803763713,0.006260100401,0.004991921182,-0.004604266497,-0.3714552918,0.005871210526,0.1026418947,-0.3805760593,0.006851,0.121164,0.2262773667,0.0448353052,86.20999908,0.1699981689,0.001994663102,0.06042534074,0.2262773667,0.0448353052,0.1563853554,0.03782603246,0.03388578337,0.07156465148,0.3213432303,0.08906066584,0.01342443513,0,0,0.05275626423,0.07512675702,0.7022300219,0.0259999721,0.008093246735,0.6887209454,-0.0005074291513,-0.002138926887,0,0,0
2011-04-27,-0.08765513663,0.2937212648,3.355704627e-05,-5.64730174,2.858221253,2.89707477,66.52349666,0.009834437089,13.91168843,96,1.08051567,0.7235713891,45.01595376,158282520000,2.069764362,0.0230424535,0,8.484175993e-16,2.58,86.2519,112.31,15.35000038,17.89999962,83.20999908,14.60999966,20.63999939,79.19999695,274,146,-0.59614,0.007050842105,177.1773842,0.1327460526,0.1319791053,0.123492,0.125176,0.124334,0.1323625789,0.14591272,0.14575556,0.14583414,10.725,11.15,22.47105263,24.90789474,33.204,43.004,-0.6979659377,0.06534727889,-0.03793718729,0.9765334572,0.1098285,0.1439415,0.1159106842,0.1597398421,0.12822808,0.18078528,0.1025827225,0.1063833029,-0.003800580425,-0.03637911532,0.1206225144,0.1155898988,0.005032615532,0.04261738106,0.1396183154,0.1304043909,0.009213924483,0.06827205926,0.873282311,-0.0007669473684,-0.2688497458,0.002551,0.068226,0.01020122646,0.00414153641,0.004262291217,0.005397462745,-0.3180052546,0.005462684211,0.08765831579,-0.3401613445,0.00867254,0.1051144,0.1661237247,-0.06015364205,83.20999908,-3,0.05065029036,0.04865562726,0.1661237247,-0.06015364205,0.1530726162,-0.003312739269,0.03331411595,0.06888621769,0.3259687592,0.004625528917,0.0062303978,0,0,0.05215204527,0.07517147807,0.6937743757,0.02045171995,0.007090695235,0.6532958962,-0.0010025515,-0.03542504918,0,1,0
2011-05-04,0.09483895011,0.5608661048,3.211150896e-05,-9.331445276,11.09329043,2.026098614,57.61162332,0.00905820636,15.655309,36,0.6734447167,-0.191675497,65.53160173,153504680000,2.094438913,0.007364626555,0,8.771796827e-16,2.55,85.8917,108.79,17.07999992,19.44000053,91.38999939,16.37000084,21.81999969,80.19999695,265,147,-0.5943,0.006212842105,178.2844368,0.1475143158,0.1497211579,0.1373106364,0.1438312727,0.1405709545,0.1486177368,0.16231908,0.16222156,0.16227032,13.1,12.45,25.81842105,27.40789474,39.084,44.548,-0.7885782595,0.06616261795,-0.04259322687,0.5502000266,0.1238418182,0.1650587273,0.1297895263,0.1783558947,0.14006156,0.19787724,0.11939917,0.09799926208,0.02139990789,0.1975123004,0.1388768815,0.08610048089,0.05277640062,0.4780727994,0.1457356063,0.1267750415,0.01896056478,0.1393798751,0.5793418923,0.002206842105,-0.2853363189,0.003879318182,0.08243381818,0.02175934693,0.01015633789,0.0102597456,0.01155812047,-0.3152172001,0.005454973684,0.09713273684,-0.3421665698,0.00669908,0.11563136,0.1381733385,-0.02795038621,91.38999939,8.180000305,0.04337196384,-0.007278326521,0.1381733385,-0.02795038621,0.122427937,-0.03064467917,0.03247200394,0.07510516726,0.3018484645,-0.02412029477,-0.006878914253,1,0.006878914253,0.05879245726,0.07075583109,0.8309203122,0.01539178874,0.007978495929,0.4816394595,0.0008878006947,-0.1716564367,0,0,0
2011-05-11,-0.2924415121,-0.4221412267,4.180291577e-05,23.73035279,3.69931059,-1.007180351,52.36354495,0.009387348139,12.10125067,36,0.5420520571,-0.3697010458,66.18012478,158524910000,0.5115114065,-0.005205623863,0,1.041678797e-15,2.43,86.7195,97.88,16.95000076,19.04999924,96.25,16.79999924,21.48999977,83.19999695,263,149,-0.59628,0.0060215,179.8899625,0.1462225,0.1454455,0.1395739474,0.1447915789,0.1421827632,0.145834,0.15979608,0.15985928,0.15982768,13.72368421,12.82631579,24.34375,28.625,39.572,42.388,-0.7807759759,0.0670190907,-0.04179593771,0.4546215154,0.1239688421,0.1667065789,0.131636625,0.181743,0.13593152,0.19385488,0.1053535523,0.1025827225,0.002770829813,0.02665233696,0.139450993,0.09515371319,0.04429727979,0.3822196171,0.1787203717,0.1309472546,0.0477731171,0.3110278096,0.652479622,-0.000777,-0.2940581401,0.003154947368,0.08547547368,0.01967602345,0.009692723179,0.008397703805,-0.002083323478,-0.3197806813,0.0108558125,0.10021275,-0.3512780394,0.00506552,0.11584672,0.1238937097,-0.01427962875,96.25,4.86000061,0.00892866266,-0.03444330118,0.1238937097,-0.01427962875,0.1280840227,0.00565608566,0.0349099739,0.0829678979,0.296153751,-0.005694713438,-0.01117368969,1,0.01117368969,0.07054836587,0.07876172785,0.89571887,0.01838448863,0.009330259499,0.4924928463,0.00135176357,0.01085338672,0,0,0
2011-05-18,-0.1995372884,-0.7858987574,4.534970641e-05,33.4222814,-8.562272282,-2.820788683,51.76303081,0.01101785866,11.73365196,36,0.3983257243,0.8503093841,43.56987005,154897270000,-1.508934444,-0.003444695476,0,1.131502881e-15,2.36,87.295,99.52,16.22999954,18.53000069,90.69999695,16.25,21.11000061,77.90000153,260,150,-0.60283,0.006177,180.8004,0.138232,0.138021,0.1305664737,0.1384715263,0.134519,0.1381265,0.15563304,0.15558984,0.15561144,10.96842105,11.24736842,19.95,31.75,37.776,42.076,-0.7432537634,0.06742861831,-0.03958828355,0.06135831382,0.1222275789,0.1571995789,0.125682,0.180783,0.1335064,0.18774732,0.1533754485,0.11939917,0.03397627851,0.2504165778,0.1517438306,0.1013947809,0.05034904972,0.4031721549,0.2775762055,0.1262163827,0.1513598228,0.7880977531,0.7340718896,-0.000211,-0.2503121047,0.005194578947,0.069944,0.01606038693,0.003839199571,0.008284345006,-0.003615636524,-0.3595908179,0.015106,0.110202,-0.3376827512,0.00501542,0.10848184,0.1417129519,0.01781924219,90.69999695,-5.550003052,-0.001230797401,-0.01015946006,0.1417129519,0.01781924219,0.1392336658,0.01114964318,0.03211163377,0.09270236816,0.2572758927,-0.03887785831,0.008765271984,0,0,0.06889818424,0.08286445768,0.8314564069,0.0206606995,0.01037979791,0.4976066559,0.001049538412,0.005113809652,1,0,0
2011-05-25,-0.1693144886,-1.278477154,4.265913017e-05,1.068071278,-7.467148799,-3.985389501,43.24604872,0.01141258908,12.93763728,32,0.1270505048,0.2332803723,44.86304462,151465200000,-1.917868187,-0.01176810362,0,1.056388621e-15,2.33,87.6136,100.78,17.06999969,18.87000084,85.29000092,16.82999992,21.56999969,75.80000305,259,153,-0.61251,0.006009090909,179.1061455,0.1481592727,0.1481983636,0.1493032667,0.1492176667,0.1492604667,0.1481788182,0.16083208,0.16122216,0.16102712,12.88666667,13.02333333,24.55454545,28.92727273,38.588,42.892,-0.7898731239,0.06781908921,-0.04246751829,0.5360230667,0.1326596,0.1714120667,0.130583,0.1779936364,0.1380218,0.19412936,0.1580938805,0.1053535523,0.05274032815,0.4058671778,0.1558577397,0.1066559681,0.04920177164,0.3793352635,0.2956469151,0.1226676723,0.1729792429,0.8796870409,0.719778774,3.909090909e-05,-0.2548903493,0.002775366667,0.07750493333,0.01776299343,0.01117931592,0.01088237556,0.001702606504,-0.3072859755,0.0061095,0.09482127273,-0.3378435288,0.00504846,0.11221512,0.1054482236,-0.03626472831,85.29000092,-5.409996033,0.01426023602,0.01549103342,0.1054482236,-0.03626472831,0.1430841937,0.003850527876,0.02491089167,0.09445207212,0.208698669,-0.04857722372,0.003178113157,0,0,0.08536802156,0.05420034178,1.575045816,0.0209742483,0.009598752778,0.5423553379,-0.0007810451342,0.04474868199,0,0,0
2011-06-01,-0.1681559562,-1.267544653,4.866672887e-05,12.64582751,26.26515316,-1.848443902,42.62555552,0.01171448327,12.30497767,-68,0.05979965317,-0.9466441314,42.73785836,158304380000,-1.735722162,-0.0124742,0.002935574383,1.336528364e-15,2.22,86.5964,100.3,18.29999924,19.36000061,87.58999634,19.10000038,21.40999985,72.90000153,252,157,-0.61444,0.005782909091,175.1931818,0.1569958182,0.1570575455,0.1753653636,0.1722953636,0.1738303636,0.1570266818,0.1664524737,0.1667753158,0.1666138947,14.77272727,15.20454545,25.9,29.55909091,41.35789474,41.76578947,-0.8187501196,0.06663618037,-0.04500144584,0.1884350889,0.1598213636,0.2022120909,0.1382522727,0.1868567273,0.1413275263,0.1974066842,0.1498734393,0.1628490387,-0.01297559937,-0.08303242858,0.1487157104,0.1262640225,0.02245168786,0.1636613679,0.3033959754,0.1268220826,0.1765738928,0.8722536219,0.8040927891,6.172727273e-05,-0.234181271,0.007186363636,0.08478145455,0.01754639382,0.003697185915,0.01167634928,-0.0002165996136,-0.2990040543,0.005527818182,0.09720890909,-0.3311100925,0.002753210526,0.1121583158,0.05792357473,-0.04752464886,87.58999634,2.299995422,-0.04188487583,-0.05614511185,0.05792357473,-0.04752464886,0.105888387,-0.03719580671,0.024039769,0.1306464964,0.155409848,-0.05328882099,-0.0230482257,1,0.0230482257,0.1174645863,0.06720490153,1.747857427,0.02592721255,0.009984609159,0.6148984724,0.0003858563818,0.07254313447,0,0,0
2011-06-08,-0.5509335647,0.04896496687,7.273670815e-05,0.596628585,-0.435817307,-5.858699461,31.92405839,0.0111874272,18.35604966,-100,-0.02418609723,-0.5550902839,35.99173424,139664140000,-4.028438362,-0.02823333083,0.004592330822,1.331958624e-15,2.22,86.5714,100.77,18.79000092,19.95000076,88.98000336,19.02000046,21.86000061,77.5,259,162,-0.60282,0.00567868,169.94044,0.1664784,0.16663128,0.17051175,0.16875975,0.16963575,0.16655484,0.1716845263,0.1718307368,0.1717576316,15.25,15.7375,27.254,29.486,39.33421053,44.35,-0.8423929403,0.06640581137,-0.04772984398,0.4192914239,0.1544275,0.18770125,0.14623848,0.19365136,0.1492187368,0.2041181053,0.1650265657,0.1521474347,0.012879131,0.0812564493,0.1553455235,0.1199313541,0.03541416943,0.2587322901,0.3113703435,0.1217441911,0.1896261525,0.93906097,0.7200712634,0.00015288,-0.1945101077,0.001428625,0.0665475,0.02092288375,0.00562744578,0.01467903595,0.003376489935,-0.2789896868,0.00339008,0.09482576,-0.3107480561,0.004910789474,0.1097987368,0.06173495428,0.003811379553,88.98000336,1.390007019,-0.01209250982,0.02979236602,0.06173495428,0.003811379553,0.09573933706,-0.01014904994,0.01582455268,0.1301291148,0.1084217543,-0.04698809372,-0.004195664422,1,0.004195664422,0.1228341852,0.05709225121,2.151503622,0.02381801965,0.009434489966,0.6038927626,-0.0005501191937,-0.0110057098,0,0,0
2011-06-15,-0.5735118332,0.09063017679,8.157852034e-05,5.65703102,-12.2834477,-4.005302511,34.48869687,0.01278287915,21.86956097,-100,0.08883595744,-0.7289161723,34.3075988,142712700000,-4.934259849,-0.02587617977,0.008092819334,1.568518609e-15,2.24,87.3342,94.83,21.31999969,21.37999916,105.0699997,22.03000069,22.90999985,85.90000153,260,165,-0.57666,0.00535196,166.195712,0.18418344,0.18464468,0.19397075,0.194319625,0.1941451875,0.18441406,0.1866481579,0.1869235263,0.1867858421,17.9,18.35,29.676,31.746,42.66052632,47.42368421,-0.9121674406,0.06566820186,-0.05284277358,0.2360049509,0.175079625,0.229558125,0.15782612,0.221221,0.1596758947,0.225245,0.1318153535,0.1498734393,-0.01805808584,-0.128389094,0.1501192884,0.1390998386,0.01101944979,0.07623829536,0.3219050644,0.1177773419,0.2041277225,1.005460762,0.754280008,0.00046124,-0.2692704771,0.0081736875,0.108957,0.02610547359,0.01523030601,0.02101744854,0.005182589834,-0.3344960384,0.0051095,0.12678976,-0.3406887293,0.005674605263,0.1311382105,0.002814233902,-0.05892072038,105.0699997,16.08999634,-0.03222882295,-0.02013631314,0.002814233902,-0.05892072038,0.0715622426,-0.02417709447,0.006920200205,0.1529384392,0.0432894977,-0.06513225658,-0.01758556951,1,0.01758556951,0.1363546489,0.07499704009,1.818133739,0.02934894118,0.01000017607,0.6592662064,0.000565686102,0.05537344377,1,0,0
2011-06-22,-0.7064575652,0.01249655159,9.617476869e-05,11.50994811,1.63238693,1.241298168,45.40977849,0.01208769729,19.47291593,-76,0.4209773844,-0.9407822037,42.80610463,155277800000,0.07541543264,0.004187444716,0.008518911539,1.542891172e-15,2.19,86.8067,94.96,18.52000046,20.71999931,91.70999908,18.63999939,22.65999985,79,262,167,-0.55429,0.00598732,167.888404,0.16687868,0.167438,0.1718243636,0.1690673636,0.1704458636,0.16715834,0.1749185789,0.1785635789,0.1767410789,17.15909091,15.06818182,28.348,28.046,41.87894737,45.14473684,-0.8352365154,0.0652176158,-0.04790264383,0.4224165388,0.1478462727,0.2024449091,0.14130324,0.1995368,0.1526452105,0.2104030526,0.1331347501,0.1650265657,-0.03189181569,-0.2147446918,0.2131890286,0.1422021934,0.07098683517,0.4049292882,0.3248824012,0.1203418033,0.2045405979,0.9931272194,0.850703551,0.00055932,-0.3117328622,0.004699727273,0.1091972727,0.01407757788,0.00181802503,0.01675525936,-0.0120278957,-0.3417060977,0.00326168,0.11646712,-0.318182721,0.004783052632,0.1155156842,0.118790432,0.1159761981,91.70999908,-13.36000061,-0.006437711149,0.02579111181,0.118790432,0.1159761981,0.09362937251,0.02206712991,0.003327552511,0.1564380102,0.02082772067,-0.02246177704,-0.006489459844,1,0.006489459844,0.1286486058,0.08577367279,1.499861224,0.02983865722,0.009617193405,0.6776934922,-0.0003829826629,0.01842728584,0,0,0
2011-06-29,-0.2542401026,-0.6772520975,0.0001084264842,-7.734300614,-16.54855955,4.141743094,54.54691236,0.0130432351,17.80950751,-48,0.9446026115,0.7087493704,56.19170351,158137120000,2.797549936,0.02121738628,0.001934889844,1.590342898e-15,2.4,86.8014,94.85,17.27000046,19.42000008,85.90000153,16.95999908,21.85000038,87.19999695,267,167,-0.54617,0.00677528,170.508536,0.1482172,0.15083652,0.1455016,0.1498126,0.1476571,0.14952686,0.1634791111,0.1637162222,0.1635976667,14.74,12.83,25.86,25.5,41.15555556,40.97777778,-0.7587977974,0.0652085176,-0.04285360207,0.6507517703,0.1232246,0.1790752,0.12427012,0.18208568,0.136705,0.1988953333,0.1562563584,0.1318153535,0.02444100495,0.1700958757,0.3652982156,0.150993133,0.2143050825,0.8834796897,0.3334125152,0.1262756231,0.2071368921,0.9709135052,1.009806085,0.00261932,-0.3695047102,0.0034928,0.1117012,0.007026365354,0.004427331763,0.01081866356,-0.007051212531,-0.3774406099,0.00365104,0.11563112,-0.3706214038,0.0042025,0.1243806667,0.1244933157,0.005702883634,85.90000153,-5.809997559,0.01827838385,0.02471609499,0.1244933157,0.005702883634,0.1251287485,0.03149937598,0.004011419069,0.1473758134,0.02649773699,0.00567001632,0.008248633535,0,0,0.1082178249,0.09705912044,1.114968119,0.03168390927,0.008884983045,0.7195742808,-0.0007322103598,0.0418807886,0,1,1
2011-07-06,-0.5460378616,-0.5468079549,8.904118304e-05,-12.93501546,-9.499789607,8.87038307,63.34249005,0.01141281284,19.39497922,-48,0.9947365775,0.6566889612,71.21978608,165976420000,5.325990618,0.03378433152,0,1.600593736e-15,2.38,86.6825,96.67,16.34000015,18.40999985,82.69000244,15.65999985,20.62000084,89,269,163,-0.55743,0.0069108,172.6412608,0.14279548,0.14308504,0.13569868,0.13481864,0.13525866,0.14294026,0.1522697778,0.1529444444,0.1526071111,11.662,13.41,22.782,27.01,31.87777778,47.58888889,-0.7344460329,0.0644559,-0.04096711144,0.4238736019,0.12572504,0.1573828,0.12765544,0.1686508,0.1344368889,0.1945803333,0.1599409248,0.1407865486,0.01915437619,0.1275596233,0.3681896705,0.151746542,0.2164431285,0.8863865723,0.3386758886,0.1311367006,0.2075391881,0.9488032745,1.061608129,0.00028956,-0.2236445306,0.00629526,0.06331552,0.003672547497,-0.001525947167,0.006092096128,-0.003353817857,-0.2767093936,0.00521286,0.08199072,-0.3655945062,0.0119015,0.1202868889,0.1266829667,0.002189651011,82.69000244,-3.209999084,0.04342275299,0.02514436914,0.1266829667,0.002189651011,0.1200435095,-0.005085238974,0.004150060989,0.1476346982,0.02734175032,0.0008440133322,0.00100105782,0,0,0.09498902908,0.1152798249,0.8239865839,0.03114572565,0.008118712653,0.7393314016,-0.0007662703917,0.01975712079,0,0,0
2011-07-13,-0.5673201963,-0.6591956944,0.0001028578386,-0.4278986123,0.6666070513,2.560394681,51.97839449,0.01286908542,18.55984288,56,0.6194409778,-0.6159701813,56.85037052,162404650000,3.884269891,0.002604086091,0,1.596917131e-15,2.33,86.5697,98.04,19.90999985,20.85000038,88.91999817,20.64999962,22.46999931,88.09999847,255,166,-0.57514,0.005416157895,172.4067105,0.1704636316,0.1703633684,0.17933524,0.17608104,0.17770814,0.1704135,0.177557,0.17773925,0.177648125,11.566,14.604,26.75,32.44210526,38.9625,51.1625,-0.8744175882,0.06541856788,-0.04883466474,0.2401634737,0.16653404,0.21206352,0.1483375263,0.2062774737,0.15654925,0.21938,0.171085749,0.1559283722,0.01515737681,0.09276813774,0.4028458529,0.1616549364,0.2411909166,0.9130899487,0.3520494907,0.1379979304,0.2140515602,0.936533076,0.9486040506,-0.0001002631579,-0.2405164999,0.01159064,0.09105896,0.01350849094,0.007266525764,0.01251542751,0.009835943438,-0.3267766303,0.006894,0.1158798947,-0.3342690147,0.0103165,0.1256615,0.04721248324,-0.07947048344,88.91999817,6.229995728,-0.03583534067,-0.07925809366,0.04721248324,-0.07947048344,0.07769778908,-0.04234572044,0.005107926017,0.1538055792,0.0321428063,0.004801055981,0.003101027109,0,0,0.1066150744,0.1100353982,0.9689161503,0.03469579979,0.008563481335,0.7531839189,0.000444768682,0.01385251732,1,0,0
2011-07-20,-0.2534385186,-0.9666579758,9.740128409e-05,10.08929084,-6.228553656,0.09841265249,54.54628668,0.01239536768,14.25326611,56,0.6259139902,-0.3540023766,50.08160763,158707860000,-1.032349584,0.0002824734425,0,1.530436013e-15,2.34,86.2794,98.11,19.09000015,20.37000084,86.05999756,19.75,22.34000015,85.09999847,256,168,-0.57532,0.005661421053,172.9144684,0.1660594211,0.1665551579,0.1878939048,0.1908117619,0.1893528333,0.1663072895,0.1748271875,0.17419225,0.1745097187,14.27380952,14.69761905,27.45526316,30.23947368,41.765625,46.35625,-0.855861207,0.0652094025,-0.0476589625,0.5799054052,0.162652619,0.2261101905,0.1435092105,0.2015860526,0.149944125,0.2117845625,0.1789200825,0.1599409248,0.01897915774,0.1121347128,0.4141358369,0.1520422312,0.2620936057,1.002035709,0.3581427565,0.1386282867,0.2195144699,0.9491355136,0.9142246965,0.0004957368421,-0.3264590639,0.005028571429,0.1269151429,0.0133259705,0.01027339606,0.01123584007,-0.0001825204337,-0.3365844061,0.006240342105,0.1161536842,-0.3419161357,0.006354625,0.123680875,0.06705084738,0.01983836414,86.05999756,-2.86000061,-0.03341771379,0.002417626875,0.06705084738,0.01983836414,0.0967108116,0.01901302252,0.008084765675,0.1471017778,0.05209707937,0.01995427307,-0.0006710584074,1,0.0006710584074,0.09427444201,0.1141557323,0.8258406309,0.0309949556,0.007878115517,0.7458258815,-0.0006853658176,-0.007358037418,0,0,0
2011-07-27,-0.188074705,-0.552216361,8.539913518e-05,-2.253542229,15.53117668,-0.8493458564,44.82419044,0.01317134091,14.3186627,36,0.1234022118,-0.9014762668,36.76858364,156045140000,-1.106486271,-0.01526406828,0,1.511509608e-15,2.45,85.7126,97.4,22.97999954,22.69000053,102.0100021,24.40999985,23.54999924,89.09999847,257,165,-0.54187,0.004833526316,170.7499842,0.1984409474,0.1984603684,0.248253,0.228655,0.238454,0.1984506579,0.1947915,0.1948185,0.194805,18.85,18.475,32.86578947,34.62105263,46.3875,50.2625,-1.008495438,0.06542696481,-0.05686025587,0.3388853474,0.219949,0.266516,0.1692956842,0.2368889474,0.164623375,0.237202625,0.5167302074,0.171085749,0.3456444584,1.105356009,0.4251636519,0.1589459449,0.266217707,0.9839099831,0.362226167,0.1458179838,0.2164081832,0.9099096301,0.8009343307,1.942105263e-05,-0.1914505668,0.0047785,0.093134,0.02754422451,0.0275899766,0.01668610364,0.01421825401,-0.3328203871,0.004641657895,0.1351865263,-0.3612471567,0.006108,0.1451585,-0.01261962637,-0.07967047375,102.0100021,15.95000458,-0.058582561,-0.02516484721,-0.01261962637,-0.07967047375,0.03790210149,-0.05880871011,0.008066072582,0.15776985,0.04863887424,-0.003458205135,-0.02051772481,1,0.02051772481,0.1114631841,0.1103887542,1.009733147,0.03272245434,0.007458640953,0.7720635232,-0.0004194745647,0.02623764175,0,1,0
2011-08-03,-0.2101532427,0.3576489115,0.0001099780563,48.25249973,20.89644286,-8.523144914,34.04325284,0.01543460218,20.69569839,-76,-0.0196873588,0.9354362748,26.83962504,142305410000,-3.454772154,-0.03492304196,0,1.515213329e-15,2.28,86.0706,91.87,23.37999916,23.12000084,98.58000183,24.70000076,23.85000038,85.5,231,168,-0.46778,0.004691263158,166.8940789,0.2068111579,0.2075697368,0.2348847273,0.2309216364,0.2329031818,0.2071904474,0.20353095,0.20360285,0.2035669,19.33181818,19.43636364,33.46578947,35.62105263,47.2025,50.0925,-1.029132705,0.06620994293,-0.05936120417,0.5789377881,0.210824,0.2632044545,0.1758453158,0.2465057368,0.1708313,0.2447948,0.6134905659,0.1789200825,0.4345704833,1.232225647,0.4331022872,0.1644955364,0.2686067508,0.9680904936,0.370914931,0.1534027546,0.2175121764,0.882905894,0.7939339796,0.0007585789474,-0.2210013093,0.004111045455,0.1047609091,0.02760365458,0.02223149616,0.01790707766,5.943006552e-05,-0.3346051613,0.003985078947,0.1413208421,-0.3559136445,0.00424615,0.147927,-0.01112054452,0.001499081849,98.58000183,-3.430000305,-0.05344135876,0.005141202243,-0.01112054452,0.001499081849,0.03157437352,-0.00632772797,0.008311549481,0.165179277,0.04790771736,-0.0007311568799,0.005003145953,0,0,0.1473852716,0.08817485449,1.671511368,0.03473524148,0.007676459978,0.7790008173,0.0002178190253,0.006937294043,0,0,0
2011-08-10,-0.7024743001,2.893742033,0.0005368997672,193.7623465,-47.69710349,-19.96541896,26.58878191,0.0323689643,36.38892051,-92,-0.04196507682,-0.897693471,9.726237659,127317730000,-16.20047668,-0.1088289434,0.03631122932,3.958731355e-15,2.3,87.3792,83.05,42.99000168,36.58000183,132.8600006,56.65999985,33.90000153,98.90000153,198,201,-0.36177,0.002891,149.8112333,0.3652826667,0.366606,0.4936914737,0.5018554211,0.4977734474,0.3659443333,0.3219578,0.3215026,0.3217302,36.33421053,39.08421053,52.55,57.13333333,63.69,72.5,-1.631624164,0.06683466279,-0.1047008486,0.5612282673,0.4200307895,0.6130755263,0.3065986667,0.4496883333,0.2656322,0.3988542,0.4107497176,0.5167302074,-0.1059804898,-0.2295368264,0.3321817381,0.3358281112,-0.003646373103,-0.0109172322,0.313647117,0.2593152362,0.0543318807,0.1902240726,0.9177027232,0.001323333333,-0.3737170781,0.01877971053,0.3860894737,0.07203350413,-0.01923170234,0.03626592984,0.04442984955,-0.3784004397,0.01219916667,0.2861793333,-0.4009773563,0.010513,0.266444,-0.1491044335,-0.137983889,132.8600006,34.27999878,-0.2412636464,-0.1878222877,-0.1491044335,-0.137983889,-0.07326408341,-0.1048384569,0.008766619712,0.3913132823,0.02191217221,-0.02599554514,-0.04515679703,1,0.04515679703,0.3640433367,0.1825425413,1.994293133,0.1336789721,0.02089845182,0.8436668723,0.01322199184,0.06466605504,0,0,0
2011-08-17,-0.2223528612,0.824214329,0.0007667987531,54.63967337,-16.90000692,-2.103287858,41.95776031,0.03517072846,41.58614941,-52,0.3377442544,-0.2094537464,30.74063446,140232750000,-7.230323946,-0.01441735563,0.03621638099,4.501377998e-15,2.16,86.5518,87.58,31.57999992,30.03000069,104.6200027,31.21999931,29.53000069,87.80000305,198,209,-0.25148,0.003702666667,161.5523,0.265068,0.2650111111,0.2309117895,0.2592482105,0.24508,0.2650395556,0.2501374,0.249896,0.2500167,16.82368421,20.05789474,40.32777778,45.58888889,51.02,62.2675,-1.274337791,0.06765795006,-0.0759039165,0.3430023193,0.2112531053,0.2861027895,0.2222407778,0.3266243333,0.21102255,0.31202175,0.3669228927,0.6134905659,-0.2465676732,-0.5140131621,0.3110855114,0.3681896705,-0.05710415908,-0.1685303837,0.3077180791,0.2811684412,0.02654963792,0.09023011166,1.389187624,-5.688888889e-05,-0.3009904376,0.003597947368,0.1496993684,-0.03583399393,-0.316306468,-0.01654734206,-0.1078674981,-0.3803614165,0.009393,0.2087671111,-0.386197498,0.01150545,0.2019984,-0.04908167324,0.1000227603,104.6200027,-28.23999786,0.01153108963,0.252794736,-0.04908167324,0.1000227603,-0.01665001627,0.05661406714,0.005657524104,0.4392693961,0.01271562553,-0.009196546686,0.0009469381398,0,0,0.3637537535,0.2482899752,1.465036006,0.1576482859,0.02208465241,0.8599118773,0.001186200598,0.01624500498,1,0,0
2011-08-24,-0.03468295425,-0.101403327,0.0009162240254,-30.16863144,-7.180550199,0.7508043545,44.33243485,0.03603576208,44.72276459,-52,0.4281438004,0.9137392105,49.30799155,147595120000,5.193576964,0.01123517296,0.03443535406,5.200470639e-15,2.04,87.1316,84.99,35.90000153,34.79999924,104.5400009,37.43000031,33.34999847,105.8000031,206,227,-0.16917,0.003484,158.422975,0.28863275,0.288709,0.3331953333,0.3488130667,0.3410042,0.288670875,0.2770502,0.2768095,0.27692985,22.96666667,27.3,42.7,48.9375,57.625,66.195,-1.361074369,0.06726518979,-0.08265525874,0.5263394989,0.2920501333,0.4182382,0.24032925,0.36589175,0.2253903,0.3519716,0.2927963744,0.4107497176,-0.1179533432,-0.3385066698,0.2974908506,0.4028458529,-0.1053550023,-0.3031705195,0.2898556814,0.3051393568,-0.01528367537,-0.05138543094,1.395519562,7.625e-05,-0.3553150481,0.01413996667,0.2523761333,-0.03340377028,-0.05243146609,-0.01641988522,0.002430223652,-0.4142466196,0.014439625,0.251125,-0.4384816525,0.0117511,0.2531626,-0.03064073098,0.01844094226,104.5400009,-0.08000183105,-0.04087626948,-0.05240735912,-0.03064073098,0.01844094226,-0.0416666895,-0.02501667323,0.01390847285,0.4778803315,0.02828139382,0.01556576829,0.01303465137,0,0,0.3943332181,0.275347753,1.432127969,0.1881086105,0.02582382929,0.8627185156,0.003739176874,0.002806638267,0,0,0
2011-08-31,-0.4552606766,-0.2245742023,0.0009736338335,-13.03417456,0.2263428312,11.41644315,52.37546583,0.02533276247,36.36344837,-36,0.860705609,-0.1067373029,57.25368772,160950500000,1.195528774,0.03703955569,0.03193926761,5.44739268e-15,2.05,86.7739,88.81,31.62000084,31.67000008,94.16000366,32.33000183,31.59000015,97.90000153,203,221,-0.10877,0.003582125,162.5286938,0.2748154375,0.2742294375,0.2918364,0.3147248,0.3032806,0.2745224375,0.2648745789,0.2633844737,0.2641295263,23.66,28.65,42.9125,46.16875,56.57894737,65.75,-1.327909916,0.06667077987,-0.07861360645,0.5138940772,0.2588586,0.3586228,0.232857375,0.333843875,0.2240002105,0.3226131579,0.2939709023,0.3669228927,-0.07295199046,-0.2216709339,0.2980017279,0.4141358369,-0.1161341091,-0.3290947438,0.286606685,0.3106024124,-0.02399572742,-0.08040283734,1.508568264,-0.000586,-0.3231326482,0.0054601,0.1995284,-0.07152604611,-0.04265328686,-0.02670945192,-0.03812227583,-0.3564011902,0.0088281875,0.201973,-0.360814254,0.009177157895,0.1972258947,0.001581253502,0.03222198448,94.16000366,-10.37999725,-0.02196105634,0.01891521314,0.001581253502,0.03222198448,-0.002526047474,0.03914064203,0.01452821458,0.4904168939,0.02877186912,0.0004904753086,0.004909908712,0,0,0.3863661302,0.2975085716,1.298672264,0.1985938485,0.02708535704,0.8636143201,0.00126152775,0.0008958045755,0,1,0
2011-09-07,-0.01203080501,-0.2316618322,0.0006593388351,-13.29003796,-0.1053980318,6.866200643,49.53591345,0.02781532165,32.29913539,-20,0.6948845197,1,43.11685867,151105410000,6.683396426,0.02109443509,0.01563838991,3.663085131e-15,1.96,87.9699,89.34,33.38000107,32.95999908,93.30000305,32.43999863,32.13999939,100.5999985,184,224,-0.07407,0.003561375,156.71805,0.2865504375,0.2848394375,0.2883127778,0.2912271111,0.2897699444,0.2856949375,0.2729994737,0.2742796842,0.2736395789,22.59444444,26.97222222,41.928125,47.715625,56.81315789,66.67105263,-1.332546235,0.06537436802,-0.08180527257,0.6543534829,0.255566,0.3467211111,0.2410444375,0.35086925,0.2279136842,0.3441455789,0.2572617736,0.2910032395,-0.03374146589,-0.1232402586,0.292010761,0.4276270755,-0.1356163145,-0.3814608426,0.2944984109,0.3199474465,-0.02544903562,-0.08288314551,1.496796126,-0.001711,-0.302696536,0.01137361111,0.1823102222,-0.0714424686,-0.0007162646702,-0.02748774939,8.357751208e-05,-0.3710838753,0.01026190625,0.219649625,-0.4063631243,0.01239005263,0.2324637895,-0.01258244368,-0.01416369719,93.30000305,-0.8600006104,0.02897664862,0.05093770496,-0.01258244368,-0.01416369719,-0.02487863221,-0.02235258473,0.01430539586,0.3753474178,0.03671318507,0.007941315942,0.02824382496,0,0,0.264319548,0.2674540985,0.9882800433,0.2108413872,0.02797647144,0.8673103425,0.0008911144055,0.003696022397,0,0,0
2011-09-14,-0.1184824127,-0.02106864141,0.000397117372,-9.56914803,11.0628112,3.466741524,49.23463061,0.02583178878,28.9491776,64,0.625361688,0.3089562302,48.87319391,156890530000,1.009517708,0.004998693123,0,3.010413102e-15,1.91,89.419,88.91,34.59999847,34.95999908,100.2200012,35.02999878,34.02000046,96.59999847,184,233,-0.04463,0.0033148,155.66999,0.3096711,0.310417,0.3258454444,0.3118937778,0.3188696111,0.31004405,0.3009432632,0.3012229474,0.3010831053,27.02222222,27.48333333,47.31,49.275,64.71315789,70.29473684,-1.436445064,0.06548019231,-0.08875786521,0.3773267586,0.2906062222,0.3524721111,0.2655995,0.3673163,0.2523449474,0.3610905263,0.3057411718,0.2792094528,0.02653171894,0.09077667297,0.2896412103,0.4300823531,-0.1404411428,-0.3953337582,0.2902568362,0.3240021414,-0.03374530519,-0.1099839519,1.387165318,0.0007459,-0.1924054526,0.002669555556,0.1237317778,-0.06525484099,0.02371991034,-0.01432635133,0.006187627608,-0.3214228496,0.00641385,0.2034336,-0.3545461051,0.005634631579,0.2174911579,0.01040464238,0.02298708606,100.2200012,6.919998169,-0.01227520183,-0.04125185045,0.01040464238,0.02298708606,-0.02688783328,-0.002009201067,0.01432728652,0.3091426369,0.04429248435,0.007579299288,0.01338976052,0,0,0.2315843171,0.2084167094,1.11116003,0.2130672458,0.02809641539,0.8681335778,0.0001199439502,0.0008232352713,1,0,0
2011-09-21,-0.02571164817,-0.6191686496,0.0002959658817,-12.56768167,8.116878823,3.545061855,44.12985999,0.02406238593,22.96860515,28,0.2409154878,-0.9725593603,50.0200809,153320800000,-0.6141520752,-0.01624831496,0,2.55294113e-15,1.86,90.3453,85.77,37.31999969,36.18999863,98.58000183,37.75999832,35.63000107,93.30000305,167,238,-0.01753,0.0033393,151.20355,0.32054325,0.3231773,0.3536779375,0.3392414375,0.3464596875,0.321860275,0.3088781053,0.3057921053,0.3073351053,30.41875,27.575,48.84,48.31,66.9,68.73947368,-1.448405244,0.06479633772,-0.09213014771,0.2130254239,0.307764375,0.3955378125,0.26324105,0.3805435,0.2561687368,0.3665214737,0.3523530026,0.2572617736,0.09509122907,0.3145393808,0.3110048516,0.3442505248,-0.03324567321,-0.1015611501,0.2860059472,0.3291880827,-0.04318213553,-0.1406166624,1.069565124,0.00263405,-0.2496037665,0.00519140625,0.175546875,0.02076981388,0.05385069492,-0.01390992689,0.08602465487,-0.364415238,3.2e-05,0.2346049,-0.3544386437,0.00401,0.2207054737,-0.03027869982,-0.0406833422,98.58000183,-1.63999939,-0.01165250652,0.0006226953097,-0.03027869982,-0.0406833422,-0.01547382094,0.01141401234,0.009063662863,0.2691709235,0.03257561535,-0.011716869,-0.02983099509,1,0.02983099509,0.1923500016,0.1821373155,1.056071355,0.1372990684,0.01879064453,0.8631407718,-0.009305770865,-0.004992805998,0,0,0
2011-09-28,-0.3057979705,-0.7020246272,0.0003049310152,3.745094619,-5.390416779,-1.367627085,43.88904076,0.02598290184,22.80200422,-60,0.2246837356,-0.9615251879,49.2778642,157780630000,-0.9644885224,-0.01813064894,0,2.644538948e-15,1.87,91.0227,80.94,41.08000183,39.52000046,104.3000031,42.81000137,38.20999908,103.0999985,176,254,0.00756,0.0030418,148.51074,0.3613372,0.36,0.436997,0.427286,0.4321415,0.3606686,0.337879,0.337929125,0.3379040625,30.35,29.275,52.71,54.02,71.61875,76.61875,-1.594141687,0.06451042517,-0.1031973856,0.280256943,0.3779205,0.486595,0.3025426,0.4313512,0.2794185,0.408082125,0.3235980297,0.3057411718,0.0178568579,0.05676319626,0.3074507764,0.3100002267,-0.002549450291,-0.008258031056,0.2773829852,0.3380674036,-0.06068441837,-0.1978461251,0.8595154296,-0.0013372,-0.2514113396,0.00011625,0.217349,0.07265651452,0.09326861191,-0.0001104139024,0.05188670064,-0.3510279008,0.0062783,0.2576172,-0.3742938416,0.00584625,0.25732725,-0.03797471528,-0.007696015459,104.3000031,5.720001221,-0.04041110691,-0.02875860039,-0.03797471528,-0.007696015459,-0.03314780764,-0.0176739867,0.01077000693,0.2820461072,0.03678078634,0.004205170983,-0.02090819585,1,0.02090819585,0.2294223751,0.1640700461,1.398319684,0.1210147267,0.02491458613,0.7941193868,0.006123941599,-0.06902138499,0,1,1
2011-10-05,-0.2489626937,-1.320439805,0.0003864889874,27.36254913,-18.49268166,-3.091696948,45.88566104,0.02881355374,23.88305635,-92,0.3377023141,0.8657502993,33.78789532,159204530000,-4.987994106,-0.01263323535,0,3.051477271e-15,1.8,92.3008,79.41,37.81000137,38.31000137,94.66000366,37.58000183,37.86000061,108.9000015,167,272,0.01245,0.0032305,148.5388395,0.33985175,0.33994905,0.3640843636,0.3622475455,0.3631659545,0.3399004,0.324485,0.323414,0.3239495,27.16363636,28.66818182,48.635,52.3825,65.4,78.15,-1.502631279,0.06491911904,-0.09727643122,0.5687593127,0.3306984545,0.4028006364,0.29123885,0.39786035,0.277725,0.386837,0.2695992819,0.3523530026,-0.08275372073,-0.267696806,0.2848630059,0.2950602148,-0.01019720891,-0.03517106986,0.2616962056,0.3497112818,-0.08801507622,-0.2899235946,0.8680784572,9.73e-05,-0.1965978764,0.003583590909,0.1442043636,0.05589909,0.007736872072,-0.01735470209,-0.01675742452,-0.3094518177,0.0046492,0.213243,-0.3283726725,0.0083315,0.218224,0.01322401433,0.05119872961,94.66000366,-9.63999939,0.006120264264,0.04653137117,0.01322401433,0.05119872961,-0.01174629984,0.02140150781,0.01216275534,0.2999892422,0.03896420793,0.002183421596,0.01770791895,0,0,0.245825693,0.1660413457,1.480508918,0.117112287,0.03005175657,0.7433936494,0.005137170441,-0.05072573744,0,0,0
2011-10-12,-0.3530102576,-1.001413552,0.0003935233182,-10.34635883,-4.848756436,8.200827905,57.16853978,0.0256988938,18.99119863,-40,0.8135150292,-0.08062912227,56.87983818,172949140000,3.809282487,0.04359598833,0,3.063703036e-15,1.98,90.3378,85.3,31.26000023,32.97000122,91.33999634,29.02000046,33.38999939,108.3000031,195,255,-0.01204,0.003735315789,158.0792895,0.2698540526,0.2709658947,0.2607391,0.2591807,0.2599599,0.2704099737,0.2743967143,0.2747718571,0.2745842857,22.855,20.65,42.67631579,42.88684211,64.69285714,62.95,-1.272208825,0.06547081776,-0.07743856625,0.4642766544,0.2279375,0.2954469,0.2247652105,0.3253195263,0.2275350714,0.3297148571,0.2498150026,0.3235980297,-0.0737830271,-0.2587814422,0.2796857347,0.2982527824,-0.01856704771,-0.06427479329,0.2508594148,0.358129477,-0.1072700622,-0.356001907,1.102965169,0.001111842105,-0.2579725341,0.0017323,0.1350188,0.008764039207,-0.0371365352,-0.05286019234,-0.04713505079,-0.3655957312,0.004632394737,0.2011086316,-0.366728753,0.004040678571,0.2043595714,0.05470252653,0.0414785122,91.33999634,-3.320007324,0.077188137,0.07106787274,0.05470252653,0.0414785122,0.01273879749,0.02448509733,0.01464807642,0.3092382811,0.04522597536,0.006261767427,0.009747046938,0,0,0.2249678412,0.2078425515,1.082395494,0.1204000773,0.0314453551,0.738826122,0.001393598532,-0.004567527326,0,0,0
2011-10-19,-0.3270209943,-1.242830353,0.000424558431,-22.76640902,-0.08664160242,7.997125153,55.19909932,0.02400000553,15.98671099,40,0.7819661502,-0.6939603075,57.4998631,168322640000,10.06613961,0.02859034953,0.00724001286,3.150043519e-15,1.95,90.3317,86.11,34.43999863,34.38999939,103.2900009,34.70000076,34.56999969,105,190,243,-0.06567,0.003486842105,157.7174053,0.2942712105,0.2949343158,0.3031955,0.30895665,0.306076075,0.2946027632,0.2903022857,0.290205,0.2902536429,20.9275,22.29,44.57894737,48.31842105,69.58571429,65.82857143,-1.382856648,0.06517894554,-0.08434932371,0.4515885576,0.26960285,0.36344195,0.2480104737,0.3612690526,0.2338605714,0.3518752857,0.3270256342,0.2695992819,0.05742635225,0.1931018443,0.3018697476,0.292010761,0.00985898662,0.03320497074,0.2407946812,0.3641980602,-0.123403379,-0.4137532159,0.9912017045,0.0006631052632,-0.2964690651,0.010446325,0.1876782,0.03334106601,0.02099879088,-0.04839304989,0.0245770268,-0.3717787126,0.010037,0.2265171579,-0.4029622324,0.002614285714,0.2360294286,-0.001451778137,-0.05615430467,103.2900009,11.95000458,-0.007492856787,-0.08468099379,-0.001451778137,-0.05615430467,0.005234088641,-0.007504708853,0.01568793849,0.3039132522,0.04908598263,0.003860007266,-0.01272981879,1,0.01272981879,0.2124019904,0.2191357406,0.9692713283,0.1201502211,0.0348799366,0.709697275,0.003434581499,-0.02912884701,1,0,0
2011-10-26,-0.2342945457,-1.174863828,0.0003423433551,-11.25655939,2.962264013,6.358270317,58.79830686,0.01971473457,15.46612705,56,0.8019092517,0.6605841183,57.542816,182882640000,3.942621059,0.02540572671,0.01607404758,2.991072136e-15,2.08,90.0836,90.2,29.86000061,30.94000053,97.73999786,30.32999992,31.81999969,105.1999969,195,231,-0.12049,0.003944736842,162.0641,0.2559992105,0.2571154211,0.294825,0.2987385,0.29678175,0.2565573158,0.2584924,0.25434225,0.256417325,22.175,22.1,40.16315789,43.07631579,59.085,64.615,-1.237462217,0.06524319646,-0.07347963023,0.5404437114,0.2562775,0.340929,0.2172875263,0.3084405263,0.2153166,0.3099196,0.3642202125,0.2498150026,0.1144052099,0.3770380099,0.2952119893,0.2896412103,0.00557077908,0.01905075519,0.2328646523,0.3643472153,-0.1314825629,-0.4476499075,1.12895323,0.001116210526,-0.2834915561,0.0018215,0.169303,0.005269932969,0.02567187163,-0.06699904871,-0.02807113304,-0.3467686365,0.006306710526,0.182306,-0.3602303116,0.006200775,0.189206,0.03616878438,0.03762056252,97.73999786,-5.550003052,-0.01549618577,-0.008003328987,0.03616878438,0.03762056252,0.02844211847,0.02320802983,0.01380255742,0.2764282155,0.04755718106,-0.001528801562,0.01048143054,0,0,0.1776047401,0.2179655974,0.8148292311,0.120486886,0.0365948553,0.6962752004,0.001714918701,-0.01342207466,0,0,0
2011-11-02,-0.2006243016,-0.8474792349,0.0003428203373,1.022651543,-0.5621090363,0.9488982445,53.92883752,0.02212385435,15.2441696,68,0.6218418056,0.5993036755,50.30389298,187941720000,3.08445943,0.000958399885,0.009469716444,2.669791875e-15,2.1,90.244,92.51,32.74000168,32.88000107,107.4000015,33.06000137,33.63999939,111.9000015,180,228,-0.15884,0.003583,163.7041895,0.2755634211,0.2756235263,0.2975534545,0.2990599091,0.2983066818,0.2755934737,0.2655689,0.2658303,0.2656996,22.88636364,26.72727273,42.23684211,48.17368421,58.49,69.655,-1.342732328,0.06612173418,-0.07891961023,0.4511352022,0.262817,0.3489448182,0.2326016316,0.3340061053,0.2210176,0.3347907,0.2780145135,0.3270256342,-0.04901112068,-0.1623652407,0.2622848538,0.3110048516,-0.04871999777,-0.1703773705,0.2065097947,0.3256900494,-0.1191802547,-0.455598317,1.128491352,6.010526316e-05,-0.2815730424,0.007574227273,0.1722556364,0.01046675327,-0.01795888898,-0.03547773084,0.005196820297,-0.3579353655,0.007710394737,0.2028089474,-0.409396909,0.01220455,0.2275462,0.004276095983,-0.0318926884,107.4000015,9.660003662,-0.009679361208,0.005816824567,0.004276095983,-0.0318926884,0.02311430343,-0.005327815042,0.01532129688,0.281054693,0.05169547265,0.004138291585,0.0159763633,0,0,0.1761027478,0.232475983,0.757509423,0.1357283039,0.03900428614,0.7126296798,0.002409430838,0.01635447944,0,0,0
2011-11-09,-0.4008707448,-0.6669736273,0.0002936162091,17.37039234,16.90754671,-1.519683401,50.03505941,0.02282272362,12.74937269,64,0.3886304176,-0.8986419877,57.04816655,191638700000,-2.000491711,-0.01706622902,0.01195549972,2.780154965e-15,2.04,90.6991,95.74,36.15999985,35.49000168,122.7300034,38.13999939,35.54999924,111.8000031,176,236,-0.15952,0.00315125,165.7398875,0.304610125,0.302096,0.3360013684,0.3307205263,0.3333609474,0.3033530625,0.29320895,0.29359615,0.29340255,27.86578947,28.52368421,49.825,50.875,67.94,71.765,-1.496360192,0.06742327211,-0.08684779487,0.4327339799,0.2833698421,0.4005513684,0.254830625,0.376444375,0.240035,0.36425885,0.216487222,0.3642202125,-0.1477329905,-0.5202271393,0.2483595171,0.3074507764,-0.05909125931,-0.2134376356,0.1880643232,0.3072876599,-0.1192233367,-0.4910002629,1.013508068,-0.002514125,-0.3426755144,0.008599657895,0.2343630526,0.03622857901,-0.02152684197,-0.008340649601,0.02576182574,-0.3852956319,0.0122844375,0.2432275,-0.4111372307,0.008744375,0.2484477,-0.0185287105,-0.02280480649,122.7300034,15.33000183,-0.05191398988,-0.04223462867,-0.0185287105,-0.02280480649,0.001690548204,-0.02142375523,0.01314554185,0.297460045,0.04232229686,-0.009373175791,-0.0373853471,1,0.0373853471,0.2197185622,0.2026962269,1.083979537,0.1274536601,0.03292768025,0.741649787,-0.006076605892,0.02902010715,0,0,0
2011-11-16,-0.5105527647,-0.3468463298,0.0003411752429,-11.34320376,2.868406693,-3.359258551,50.31289605,0.02046110829,10.726737,40,0.3366270557,-0.8964082482,48.57216987,195306250000,-1.307748664,-0.01160378371,0.005644334288,2.764086135e-15,1.96,91.1237,102.59,33.50999832,34.38999939,111.1800003,34.11999893,35.13999939,106.0999985,175,244,-0.13036,0.003118,169.5715,0.294878,0.295901,0.2984998947,0.3122689474,0.3053844211,0.2953895,0.2852644,0.283858,0.2845612,22.69736842,22.08157895,54.9,45.9,64.77,72.05,-1.490763113,0.06854641809,-0.08457398474,0.1096280938,0.2672413158,0.3537712105,0.24918,0.340358,0.2391402,0.344649,0.3294326723,0.2780145135,0.05141815885,0.1696986811,0.2400215608,0.2848630059,-0.04484144518,-0.171279628,0.1795830671,0.2886228264,-0.1090397593,-0.4744828664,0.9643640208,0.001023,-0.2786735889,0.005121842105,0.1730597895,0.0311450666,0.01596757492,-0.002328059385,-0.00508351241,-0.3093201795,-0.0006205,0.182356,-0.3614619798,0.0073334,0.2110176,0.02626085086,0.04478956136,111.1800003,-11.55000305,-0.01787809582,0.03403589406,0.02626085086,0.04478956136,0.0218086657,0.02011811749,0.01028434556,0.2895668719,0.03429816176,-0.008024135095,-0.01675579834,1,0.01675579834,0.2144757137,0.1952101059,1.098691652,0.1074188292,0.02627189706,0.7554255874,-0.006655783187,0.0137758004,1,0,0
2011-11-23,-0.1156025943,-0.4646645501,0.0003315603863,-20.4009285,-11.50528332,-11.75805807,36.88231481,0.02066945527,14.18575489,-76,-0.10660708,-1,26.93617026,175121470000,-7.876328695,-0.05714998166,0,2.827096679e-15,1.9,92.7463,96.16,33.97999954,35.86999893,101.4599991,33.59999847,37.04999924,104.6999969,163,264,-0.08826,0.003167071429,159.4937714,0.3128275,0.3129246429,0.3268214545,0.3159797273,0.3214005909,0.3128760714,0.3119933158,0.3120602105,0.3120267632,29.56363636,27.13181818,53.44285714,46.80357143,69.05789474,71.77105263,-1.485172161,0.0686413945,-0.08956621179,1.156468826,0.2871645455,0.3544706364,0.2664822143,0.3599605714,0.2599817895,0.3706463684,0.2858488396,0.216487222,0.06936161757,0.2779316132,0.2172581093,0.2796857347,-0.06242762539,-0.2525805062,0.1640499604,0.286803691,-0.1227537306,-0.5586269603,0.8939185839,9.714285714e-05,-0.2097955125,-0.000583,0.1346121818,0.03723992669,0.05643162255,0.01510434375,0.006094860085,-0.2984418027,0.0003453214286,0.1869567143,-0.3509661837,0.003287315789,0.2213291579,0.05562093629,0.02936008543,101.4599991,-9.720001221,0.01130955611,0.02918765193,0.05562093629,0.02936008543,0.03289658044,0.01108791474,0.01042689572,0.2869575306,0.03506200996,0.0007638481997,-0.02234297046,1,0.02234297046,0.2354245016,0.1732804101,1.358633105,0.1030318105,0.02480770029,0.7592229024,-0.00146419677,0.003797315044,0,0,0
2011-11-30,-0.1671891687,-0.54249923,0.0003002084413,12.55345332,24.46835948,-3.115827226,56.0200901,0.01934074544,15.11498802,-80,0.6479632636,0.9940454705,38.61912608,187172580000,-1.336393953,0.02444454308,0.009426636344,2.88691978e-15,2.05,91.4728,100.36,27.79999924,30.57999992,92.22000122,27.43000031,31.94000053,99.69999695,183,266,-0.05316,0.003901785714,169.9420786,0.2428705714,0.2431083571,0.2531039091,0.2532572727,0.2531805909,0.2429894643,0.2559894737,0.2558742632,0.2559318684,21.84545455,20.60909091,40.21785714,42.61428571,57.34473684,66.14736842,-1.228992102,0.06814255412,-0.06960084839,0.5208330536,0.2224551818,0.2872195455,0.2078501429,0.2886368571,0.2151902105,0.3106505263,0.1829521633,0.3409043362,-0.1579521729,-0.6223771829,0.1639277619,0.3043997497,-0.1404719879,-0.6189159495,0.1283119489,0.2999073017,-0.1715953528,-0.8490090329,1.252728182,0.0002377857143,-0.2541399845,0.001656772727,0.1295287273,-0.01537521189,-0.05211535485,-0.02444326835,-0.05261513857,-0.3254333519,0.005254035714,0.1615734286,-0.3630769132,0.0069885,0.1909206316,0.1000000274,0.04437909115,92.22000122,-9.239997864,0.0134888417,0.002179285585,0.1000000274,0.04437909115,0.04447353217,0.01157695173,0.007209271845,0.295462279,0.02381879574,-0.01124321422,0.04240343834,0,0,0.1936242488,0.2210966074,0.8757450017,0.1148390678,0.02217986017,0.8068613705,-0.002627840121,0.0476384681,0,1,0
2011-12-07,0.3776712341,0.8770990388,0.000332534896,-6.188629867,7.297644925,5.937442142,58.6797172,0.01793459611,15.4625165,-48,0.7713949225,0.4564199305,53.69886327,191252420000,3.731335865,0.03381120187,0.005431333708,2.471319053e-15,2.03,91.2331,100.45,28.67000008,30.62000084,92.83999634,30.19000053,31.95999908,94.30000305,178,256,-0.04944,0.003539,174.2319,0.256821,0.256229,0.278916,0.275215,0.2770655,0.256525,0.2657648421,0.2656888947,0.2657268684,25.625,24.3,44.6,44.85,63.03421053,66.38157895,-1.330203516,0.06908426579,-0.07347039321,1.112594323,0.2529045,0.306399,0.221511,0.301331,0.2243483684,0.3176832632,0.2478784538,0.288432574,-0.04055412015,-0.1515228258,0.1644905996,0.2897614232,-0.1252708236,-0.5662044825,0.1331335945,0.2877432304,-0.1546096359,-0.7707154273,1.129564071,-0.000592,-0.1912897023,0.00258625,0.106989,-0.001764791958,-0.006428058436,-0.01218539806,0.01361041993,-0.3053312473,0.004896,0.15964,-0.3443891068,0.005288947368,0.1866697895,0.06801537348,-0.03198465396,92.83999634,0.6199951172,-0.05034781156,-0.06383665325,0.06801537348,-0.03198465396,0.04376218839,-0.0007113437792,0.007295339712,0.2807689346,0.02532538868,0.001506592938,0.002016320783,0,0,0.1924500063,0.2011961263,0.9565293822,0.1042690312,0.02030734879,0.8052408413,-0.001872511375,-0.001620529224,0,0,0
2011-12-14,1.088134565,1.469515082,0.0002792603595,-14.59605845,-26.58128272,-0.8937964551,45.67609428,0.01947129456,12.38332285,-48,0.4195097255,-0.710950286,60.16051079,178764230000,1.615856498,-0.01692973008,0,2.400918354e-15,1.96,93.2176,94.92,26.04000092,30.42000008,99.62999725,25.62000084,31.95000076,91.69999695,167,262,-0.06575,0.00390675,165.9445,0.2485845,0.248516,0.24553525,0.244647,0.245091125,0.24855025,0.2642862632,0.2645194211,0.2644028421,23.2625,21.875,41.45,41.375,60.39736842,63.70526316,-1.227546041,0.06846912083,-0.07119071187,0.3518400193,0.222081875,0.267801875,0.2113415,0.2905355,0.2207007895,0.3171397368,0.190409596,0.1829521633,0.007457432624,0.0399528039,0.1291214645,0.2664824072,-0.1373609426,-0.7245546802,0.1170273479,0.292581169,-0.1755538211,-0.916334479,1.072147009,-6.85e-05,-0.1866565282,-0.00014925,0.09144,-0.003204708561,0.02659816549,-0.01569487752,-0.001439916603,-0.3155912704,0.00238825,0.158388,-0.3586153986,0.004517421053,0.1928778947,0.1682027268,0.1001873534,99.62999725,6.790000916,0.01639344506,0.06674125662,0.1682027268,0.1001873534,0.05029588043,0.006533692044,0.006821226363,0.2611855323,0.02545169531,0.0001263066363,-0.0114132515,1,0.0114132515,0.1716529649,0.1951962668,0.8793865153,0.08752112983,0.0165082565,0.8113797602,-0.003799092296,0.006138918884,1,0,0
2011-12-21,0.9111033396,0.6878272616,0.0002884283592,4.491170654,-8.059156446,-0.1401902902,54.05798683,0.0176532551,10.64536033,32,0.6543018777,0.8241336352,57.15064899,191275160000,-1.062779284,0.005536393067,0.009961981283,2.359812462e-15,2.05,92.5262,98.54,21.43000031,25.55999947,85.54000092,20.62000084,28.55999947,91.80000305,170,262,-0.09071,0.004761,169.34875,0.2032665,0.202272,0.1928958571,0.1924755714,0.1926857143,0.20276925,0.221077,0.2208973333,0.2209871667,17.07142857,20.1,32.3,37.2,49.20555556,58.00555556,-1.021985685,0.06808154167,-0.05809609976,0.3573684315,0.1794094286,0.2153981429,0.177937,0.2389695,0.1895322222,0.2669563333,0.1315762499,0.2478784538,-0.1163022039,-0.6333519897,0.1010757874,0.2698488046,-0.1687730172,-0.9819912138,0.09922218856,0.2807291613,-0.1815069727,-1.040028701,1.330817195,-0.0009945,-0.1823101525,0.004718071429,0.07197742857,-0.02689388603,-0.02431594338,-0.02997353415,-0.02368917747,-0.2927874715,0.005684,0.122065,-0.3392160008,0.007257111111,0.1548482222,0.1927204434,0.02451771656,85.54000092,-14.08999634,0.03928222274,0.02288877768,0.1927204434,0.02451771656,0.1173708945,0.06707501404,0.006760829204,0.2627027008,0.02508996006,-0.0003617352569,0.001947608165,0,0,0.1392174555,0.2220233992,0.6270395643,0.08983159034,0.017013213,0.8106099098,0.0005049565009,-0.0007698503882,0,0,0
2011-12-28,1.072690262,2.069663061,0.0002193453097,-33.28273293,-2.877975908,3.025325655,53.93753048,0.0160126053,10.73212122,84,0.61155274,-0.8837882313,55.65756869,196781850000,-0.44215832,0.01183207121,0.01143362216,2.172105432e-15,2,92.8374,99.44,23.52000046,26.75,94.08000183,22.42000008,29.02000046,95.09999847,165,258,-0.12023,0.0045624,167.54598,0.2163044,0.2161261,0.2027138571,0.2119471429,0.2073305,0.21621525,0.2316632222,0.2316718889,0.2316675556,17.3,18.45,35.16,37.885,53.18888889,59.04444444,-1.078154641,0.06703769886,-0.06194327894,0.243399093,0.1864388571,0.2372115714,0.1877482,0.2583564,0.1948116667,0.2776456667,0.09837877226,0.2012233719,-0.1028445996,-0.7155905422,0.09129699947,0.2432460111,-0.1519490116,-0.9799554,0.09791543915,0.2661984914,-0.1682830522,-1.000137998,1.125017829,-0.0001783,-0.2396915516,0.004494714286,0.1015454286,-0.003849579762,0.002495090841,-0.01719178052,0.02304430627,-0.3165544583,0.00683705,0.1412164,-0.3506517696,0.004561111111,0.165668,0.1373299098,-0.05539053356,94.08000183,8.540000916,0.04906335315,0.009781130411,0.1373299098,-0.05539053356,0.0848598302,-0.03251106427,0.006348355846,0.2359292649,0.0262028157,0.001112855642,-0.01255650626,1,0.01255650626,0.1224211971,0.2015929665,0.6072691884,0.07360973874,0.01444111682,0.8038151327,-0.002572096176,-0.006794777034,0,1,1
2012-01-04,0.2391962601,0.03783697314,0.0001558966569,-26.05923898,-6.242241156,3.819876825,60.25693789,0.01266846531,11.45688772,96,0.8750448518,0.7309631263,78.13464399,204324420000,5.062722503,0.02855423248,0.01400383632,2.168523826e-15,2.08,92.0345,103.22,22.21999931,25.30999947,88.88999939,19.31999969,27.67000008,88.90000153,175,253,-0.15202,0.0048406,169.37168,0.1996054,0.2023228,0.1729648,0.17641,0.1746874,0.2009641,0.216356,0.216188,0.216272,17.1,15.49,33.9,34.56,51.55,54.95,-1.01302462,0.06630066547,-0.05757953501,0.3220298906,0.1566372,0.2001682,0.1710261,0.2397523,0.181544,0.266217,0.07601503271,0.1853042217,-0.109289189,-0.8910677965,0.08500819927,0.2377948188,-0.1527866195,-1.028660482,0.09300089418,0.2602100463,-0.1672091522,-1.028880067,1.18327014,0.0027174,-0.2440041546,0.0037153,0.087062,-0.007173538877,-0.003821966859,-0.02093569023,-0.003323959115,-0.3346144783,0.0044251,0.1374524,-0.3782062306,0.0076085,0.169346,0.1390639176,0.001734007718,88.88999939,-5.190002441,0.1501035023,0.1010401491,0.1390639176,0.001734007718,0.09324380325,0.008383973049,0.004346878277,0.1929419117,0.02203307282,-0.00416974288,0.0001879063444,0,0,0.1231798067,0.1451381291,0.8487074172,0.07154486599,0.01499849017,0.7903624536,0.0005573733438,-0.01345267918,0,0,0
2012-01-11,0.67321057,1.145852045,0.0001163498445,-23.42840461,3.530010883,3.34322065,63.81829597,0.009885203961,16.58592117,56,0.852758248,0.6853239441,94.81724301,216545220000,3.068578985,0.01747395113,0.009020734729,1.759635732e-15,2.03,92.554,100.89,21.04999924,24.11000061,93.16999817,17.12000084,26.45000076,78.19999695,169,249,-0.18958,0.004924368421,172.0882053,0.1890061579,0.1871157895,0.15181565,0.1584061,0.155110875,0.1880609737,0.1983093333,0.198169,0.1982391667,15.5425,14.235,32.49736842,32.39210526,43.5,56.06666667,-0.9631867691,0.0665728697,-0.05388666805,0.4126212273,0.1454492,0.17519965,0.1620721053,0.2244214737,0.171972,0.2470406667,0.08538607479,0.1275942384,-0.04220816366,-0.4016721878,0.08310528845,0.2032656908,-0.1201604023,-0.8944056055,0.09947043149,0.2489728431,-0.1495024116,-0.9174833977,1.080849933,-0.001890368421,-0.1855640524,0.00521355,0.0595009,0.002993305731,0.007779093859,-0.02268870941,0.01016684461,-0.3226411605,0.005185815789,0.1246987368,-0.3583121592,0.01126716667,0.1501373333,0.1453682415,0.006304323974,93.16999817,4.279998779,0.2295559699,0.07945246763,0.1453682415,0.006304323974,0.0970551677,0.003811364459,0.004142816365,0.157325286,0.02565718122,0.003624108405,0.0003095493446,0,0,0.08158592489,0.1364809054,0.5977827056,0.05543522108,0.01411828003,0.7453193159,-0.0008802101405,-0.04504313762,0,0,0
2012-01-18,0.962939194,2.619714346,8.750883581e-05,-15.73652832,-7.049328363,2.360164411,66.99305577,0.01055559917,20.36842044,76,0.8997137101,0.9918287022,87.9329599,224979390000,3.564473946,0.02047109458,0.01030231444,1.71737412e-15,2.07,91.6943,100.61,20.88999939,24.18000031,90.08999634,20.67000008,26.56999969,75,168,244,-0.24136,0.005439263158,170.3882789,0.1761422105,0.1750101579,0.1489375,0.1543438,0.15164065,0.1755761842,0.1990014,0.2010344,0.2000179,10.9625,14.015,27.60789474,33.03421053,50.49,49.18,-0.8903608289,0.06513114238,-0.05031275337,0.4103594718,0.1400837,0.18181655,0.1520399474,0.2185255789,0.1643938,0.2448674,0.07626242406,0.07616252641,9.989765157e-05,0.001310778394,0.07926643636,0.1661366662,-0.08687022987,-0.73999595,0.1109643054,0.2415545571,-0.1305902517,-0.7778867804,0.9462369112,-0.001132052632,-0.2592905722,0.009309475,0.0834657,0.01603781558,0.0171941563,-0.01834144372,0.01304450985,-0.3588333337,0.009706578947,0.1329712632,-0.3932627867,0.0046127,0.1609472,0.1574916712,0.01212342968,90.08999634,-3.080001831,0.01064341135,-0.2189125586,0.1574916712,0.01212342968,0.09884199171,0.001786824003,0.005381707719,0.1477623492,0.03514147285,0.009484291625,0.01104668913,0,0,0.06607579786,0.1418792655,0.4657184939,0.03988281499,0.01228142312,0.6920622798,-0.001836856903,-0.05325703615,1,0,0
2012-01-25,-0.02323520218,0.590530033,4.144929181e-05,-4.575616287,9.52946747,2.200753907,71.56817404,0.009400559862,26.86661935,96,0.9361308841,0.7830520498,86.69993792,237846160000,3.775991563,0.02164875473,0.006924599804,1.145550496e-15,2.13,91.277,99.23,18.30999947,21.36000061,86.01000214,17.36000061,24.05999947,76.69999695,179,232,-0.30415,0.006145052632,173.3912263,0.1562715789,0.1554235789,0.150201,0.145622,0.1479115,0.1558475789,0.1700304,0.1721573333,0.1710938667,12.9,12.3,26.65263158,27.92631579,41.38333333,45.47666667,-0.8042441319,0.06537834876,-0.04466378225,0.6238694373,0.1373955,0.1652705,0.1353185263,0.1882395789,0.1446499333,0.2146448667,0.09351912827,0.07472242417,0.0187967041,0.224385759,0.09684258035,0.1449595517,-0.04811697135,-0.4033679725,0.114801373,0.2229550799,-0.1081537069,-0.6637668722,0.930136693,-0.000848,-0.184196441,0.0034215,0.05575,0.01251233642,0.01629437116,-0.02043585645,-0.003525479167,-0.3271193135,0.005931473684,0.1058421053,-0.3896239708,0.008553533333,0.1399898667,0.1665757091,0.009084037873,86.01000214,-4.079994202,0.05472343446,0.04408002311,0.1665757091,0.009084037873,0.1264044372,0.02756244549,0.005378485338,0.09906782885,0.05149521436,0.01635374151,0.008641694717,0,0,0.0512270034,0.09263377951,0.5530056495,0.03145633503,0.0104430634,0.6680139822,-0.001838359721,-0.02404829764,0,0,0
2012-02-01,0.9288972861,0.6527151618,2.926219306e-05,5.075124443,0.1367024783,-0.7985955632,67.02867037,0.01043951612,30.38059745,76,0.8333452166,0.2883199351,73.6659083,225926510000,2.715093665,0.01064590076,0.002591389813,6.851662928e-16,2.15,90.0963,97.63,18.54999924,21.54000092,85.77999878,16.87000084,24.37000084,72.69999695,164,227,-0.36653,0.005746105263,174.9475737,0.1617339474,0.1606348421,0.1487032727,0.1532864545,0.1509948636,0.1611843947,0.1753044,0.1764716,0.175888,12.28181818,15.16363636,26.03947368,30.82631579,40.91,48.36,-0.8392505588,0.06606332413,-0.04619205823,0.5544644265,0.1371907273,0.1748957273,0.1436544211,0.1940136316,0.149921,0.2167124,0.09584104906,0.07626242406,0.01957862499,0.2285107395,0.1043858556,0.1307158382,-0.02632998263,-0.2249316099,0.1178669242,0.2038632459,-0.08599632164,-0.5478931783,0.810970804,-0.001099105263,-0.2416317623,0.005048363636,0.07541,0.01732361682,0.01698349152,-0.01062363448,0.004811280399,-0.2982764294,0.007649631579,0.1007184211,-0.3643497837,0.0074287,0.1335828,0.1611860809,-0.005389628146,85.77999878,-0.2300033569,0.09958496231,0.04486152786,0.1611860809,-0.005389628146,0.1313834635,0.00497902629,0.004182114167,0.07400580577,0.05348798344,0.001992769081,0.008860237474,0,0,0.03064555215,0.07190237398,0.4262105748,0.02518579575,0.008099165397,0.6784232876,-0.002343898006,0.01040930543,0,0,0
2012-02-08,0.670404101,-0.1412432509,2.933461495e-05,-5.46718557,-20.45947002,1.353567815,74.7908783,0.009695525134,36.03520366,100,0.9521025536,0.7701583533,80.13016918,239115470000,2.580544144,0.01917234117,0.003638882012,6.938288522e-16,2.22,89.6555,98.8,18.15999985,20.68000031,97.01000214,16.32999992,23.13999939,79,174,215,-0.41182,0.005663333333,180.6893333,0.1555416667,0.1564136667,0.1352612632,0.1354328947,0.1353470789,0.1559776667,0.16873965,0.16834985,0.16854475,11.98157895,13.73157895,26.16666667,30.51666667,40.4125,46.7075,-0.8387946609,0.06692395824,-0.04470103618,0.9234652504,0.1248199474,0.1647821579,0.138399,0.187862,0.1427421,0.2078376,0.087353172,0.09351912827,-0.006165956272,-0.06820664622,0.1017498836,0.09765193982,0.004097943819,0.04110815857,0.1215191608,0.1874983987,-0.06597923798,-0.4336983532,0.626063602,0.000872,-0.2759801106,0.009453973684,0.07992442105,0.02344265809,0.009573004427,-0.006748316781,0.006119041278,-0.3032112327,0.007152833333,0.098926,-0.3713592088,0.0067451,0.130191,0.1387665462,-0.02241953474,97.01000214,11.23000336,0.1120636823,0.01247872,0.1387665462,-0.02241953474,0.1189554665,-0.01242799694,0.004816937628,0.08079473232,0.05626496517,0.002776981733,0.002157880933,0,0,0.02932767733,0.08236837957,0.3560550478,0.01632041374,0.00678451239,0.584292868,-0.001314653007,-0.09413041962,0,0,0
2012-02-15,0.6503033002,0.1475435871,3.013543129e-05,-16.23821351,-0.1056526901,-0.8979760751,63.81403448,0.009316027356,38.32467567,88,0.697724611,-0.6775128996,65.23162751,235095960000,2.301579613,0.005916243747,0.004070940544,6.851589128e-16,2.19,90.1932,101.82,21.13999939,24.12000084,114.6500015,21.26000023,26.17000008,76.59999847,164,214,-0.43511,0.004833777778,181.9119333,0.1808704444,0.1810856667,0.1543188421,0.1772775263,0.1657981842,0.1809780556,0.1929766,0.1947482,0.1938624,11.95526316,15.73157895,30.67222222,35.47777778,47.425,52.155,-0.9798234517,0.06771436512,-0.05185919152,0.3210803752,0.1386675263,0.2110756316,0.157321,0.2250758889,0.1622352,0.2417803,0.07121764162,0.09584104906,-0.02462340743,-0.2969505169,0.1051020263,0.08077211858,0.0243299077,0.2632997183,0.1207824473,0.1760967913,-0.05531434398,-0.3770428232,0.4463089093,0.0002152222222,-0.4140644563,0.009073394737,0.1448162105,0.03816582228,0.0183035312,0.006572550232,0.01472316418,-0.3543694567,0.01022038889,0.1355097778,-0.3937725162,0.00814535,0.1590902,0.1409650679,0.002198521713,114.6500015,17.63999939,-0.005644442048,-0.1177081244,0.1409650679,0.002198521713,0.08499167354,-0.03396379301,0.004040056912,0.08217400766,0.04686076375,-0.009404201418,-0.005397747536,1,0.005397747536,0.03911516891,0.07499787231,0.5215503814,0.01214903393,0.005624898787,0.5370085539,-0.001159613603,-0.0472843141,1,0,0
2012-02-22,0.6864951223,0.07969271056,3.230715173e-05,-17.80738985,-6.446098394,-0.7052499284,67.01732013,0.008363120309,40.67038322,96,0.7688264904,-0.4058499047,71.76298792,243083970000,0.9487701341,0.007436532281,0.005444970649,7.840985318e-16,2.28,90.2472,105.99,18.19000053,22.09000015,100.8099976,17.09000015,25.01000023,79.59999847,172,210,-0.43773,0.0056928,180.2554,0.1552456,0.1552744,0.139376,0.15484,0.147108,0.15526,0.1745596,0.1745902,0.1745749,10.575,14.9,25.25,31.28,40.625,49.67,-0.8329301608,0.06638458819,-0.04449551322,0.1426102866,0.1308885,0.175587,0.135866,0.1901258,0.1493081,0.2215758,0.1061794308,0.08577351028,0.02040592053,0.2134201856,0.1085839871,0.08545643589,0.02312755118,0.2395172236,0.1249755987,0.1640499604,-0.03907436167,-0.2720525099,0.5504085784,2.88e-05,-0.2916937896,0.00612975,0.089397,0.02578480951,0.0142836686,0.003564006204,-0.01238101277,-0.3328905819,0.0077359,0.1085196,-0.389705242,0.01086705,0.1445354,0.2144034912,0.07343842324,100.8099976,-13.84000397,0.06436514755,0.0700095896,0.2144034912,0.07343842324,0.1321865123,0.04719483874,0.004338003369,0.09012168262,0.04592438905,-0.0009363747018,-0.003345697412,1,0.003345697412,0.04071565225,0.08307424305,0.490111625,0.01300930316,0.005706500725,0.5613523142,8.160193795e-05,0.02434376032,0,0,0
2012-02-29,0.664064672,0.9322811891,2.647368918e-05,-3.79865495,7.780956963,-0.9716341789,66.49760478,0.0082418297,38.23117167,84,0.7609620452,-0.737175308,56.28253338,253121420000,1.716025056,0.0062389347,0.005672989171,7.614683093e-16,2.26,89.7487,107.08,18.43000031,21.79999924,101.5999985,16.85000038,24.43000031,75.90000153,168,203,-0.4369,0.005827666667,181.20168,0.1534206667,0.1533963333,0.1453551818,0.1436809091,0.1445180455,0.1534085,0.1707164211,0.1706406316,0.1706785263,13.48181818,13.1,27.44333333,28.35666667,42.26842105,46.35263158,-0.8273177954,0.06634119267,-0.04396527732,0.2145244806,0.1325986364,0.1646323636,0.1331479333,0.1849204667,0.1448601053,0.2123552632,0.1441856368,0.07696860704,0.06721702973,0.6277039757,0.1314547246,0.08292358399,0.0485311406,0.4607429837,0.1294647546,0.128775022,0.0006897326731,0.005341813118,0.540541,-2.433333333e-05,-0.215547687,0.004097454545,0.06406745455,0.02709017034,0.01496129899,0.01254815306,0.001305360835,-0.3255433946,0.0056257,0.1035450667,-0.3778961594,0.007929157895,0.1349903158,0.1828539813,-0.03154950981,101.5999985,0.7900009155,0.09376853934,0.02940339179,0.1828539813,-0.03154950981,0.1206422551,-0.01154425722,0.004095079063,0.08297099741,0.04703415186,0.001109762813,-0.004748242757,1,0.004748242757,0.03751362412,0.07993168507,0.469321072,0.01195288527,0.005076564485,0.5752854335,-0.0006299362401,0.01393311928,0,1,0
2012-03-07,-0.6948161175,1.632474892,3.312973182e-05,17.3097378,5.868819519,-4.00836231,52.82371333,0.008526238211,32.7504076,80,0.3478806721,0.6125692373,56.9409008,249717010000,-0.631779766,-0.006940578419,0.005653668496,8.76636564e-16,2.2,90.6837,106.16,19.06999969,22.71999931,100.4599991,17.37000084,25.37000084,75.09999847,168,203,-0.44476,0.0056394,179.9920733,0.15832,0.1594315333,0.1469361111,0.1480943333,0.1475152222,0.1588757667,0.1772288421,0.1774803684,0.1773546053,12.73888889,15.80555556,26.49666667,31.01,42.00526316,49.56052632,-0.8510826978,0.06653411256,-0.04553096292,0.3846583492,0.1334882222,0.1740467778,0.1361391333,0.1985613333,0.1494954737,0.224382,0.1017851755,0.1061794308,-0.004394255335,-0.04226593704,0.134647422,0.09599462013,0.03865280184,0.3383675233,0.138475071,0.1253071396,0.01316793137,0.0999224761,0.6042118452,0.001111533333,-0.2637654612,0.006252277778,0.08111711111,0.02715152174,0.01048666926,0.01575277677,6.135139897e-05,-0.373003364,0.008474466667,0.1248444,-0.4005939463,0.009584131579,0.1497730526,0.1914000879,0.008546106597,100.4599991,-1.13999939,0.09786982,0.00410128066,0.1914000879,0.008546106597,0.1166373946,-0.004004860424,0.003648897105,0.09323779056,0.03766149089,-0.009372660975,0.006876921723,0,0,0.06892491407,0.06127858002,1.124779883,0.01478914572,0.005574178628,0.6230898841,0.0004976141424,0.04780445067,0,0,0
2012-03-14,0.03132907276,1.507556602,5.039504433e-05,15.41749279,-14.76070607,0.7729096476,68.62505453,0.00893958563,29.70188263,100,1.055018467,-0.08782535684,58.24496118,259865600000,1.951612994,0.01826891087,0.004137386905,9.968653902e-16,2.36,90.9325,105.49,15.31000042,20.75,106.6299973,16.71999931,23.37999916,89.69999695,189,194,-0.45981,0.00601545,185.316695,0.1441523,0.14425355,0.1347576667,0.1373532222,0.1360554444,0.144202925,0.1630323684,0.1625457895,0.1627890789,13.01111111,14.41666667,25.345,28.425,40.42894737,46.33684211,-0.7953336152,0.06645605438,-0.04132876837,0.4547035561,0.1277226667,0.1562602222,0.12874445,0.17386415,0.140625,0.2033172632,0.09830951841,0.1441856368,-0.04587611835,-0.3829807609,0.1309699182,0.1057058952,0.02526402301,0.2143070006,0.1415409626,0.1172420713,0.02429889136,0.1883483811,0.7330357217,0.00010125,-0.2009808103,0.005936,0.05707511111,0.01226587501,-0.002278413886,0.01275458095,-0.01488564674,-0.2982050081,0.007101375,0.0902394,-0.3645510882,0.009182052632,0.1253845263,0.3553232809,0.163923193,106.6299973,6.169998169,-0.08433008084,-0.1821999008,0.3553232809,0.163923193,0.1267469475,0.01010955288,0.003676076695,0.1107888647,0.03211530667,-0.005546184219,-0.001196978089,1,0.001196978089,0.06446639873,0.09234368417,0.6981137834,0.01733737726,0.006163640984,0.64448827,0.0005894623562,0.02139838591,1,0,0
2012-03-21,-0.03499701774,2.303293949,4.558176894e-05,-17.17411487,-4.114026634,1.839758388,67.90821801,0.008410696067,33.5323076,36,0.8250582864,-0.3670873036,61.00899254,265964900000,2.826300077,0.01462213047,0.00355412293,9.258406145e-16,2.39,90.6761,106.87,15.13000011,19.25,104.6500015,15.36999989,21.82999992,89.5,192,189,-0.48133,0.0067346,185.08804,0.1319162,0.1321216,0.1288586,0.1257968,0.1273277,0.1320189,0.1522051053,0.1530794737,0.1526422895,12.11,14.01,22.89,26.59,37.65789474,44.56315789,-0.7272356977,0.06596669732,-0.03783873553,0.2860875281,0.1162586,0.1510096,0.1163806,0.1594364,0.1302592632,0.1891676316,0.115773179,0.1017851755,0.01398800353,0.128768454,0.1326786531,0.0987123336,0.03396631948,0.2957201633,0.1490857023,0.09868749569,0.05039820662,0.4125630755,0.7477136501,0.0002054,-0.2600459015,0.0063064,0.069502,0.01314756554,0.005852121241,0.01356044673,0.000881690537,-0.3122055566,0.0058896,0.0861116,-0.3688378743,0.007071157895,0.1178167368,0.2723066659,-0.08301661509,104.6500015,-1.979995728,-0.01561481932,0.06871526152,0.2723066659,-0.08301661509,0.1340259701,0.007279022556,0.003334187514,0.1037921387,0.03112388552,-0.000991421147,-0.001872949904,1,0.001872949904,0.06169073723,0.0871573591,0.7078087021,0.0159076185,0.006163493698,0.6125445366,-1.472852902e-07,-0.03194373345,0,0,0
2012-03-28,0.1782220931,0.7641177435,5.754685735e-05,-2.014818135,11.69100127,-0.05368205485,62.11781538,0.008349118419,30.5257708,60,0.7140301702,0.01398793402,60.62872379,261867770000,2.512604869,0.005620568959,0.002424191881,1.092329225e-15,2.32,90.603,105.4,15.47000027,18.79000092,102.7399979,14.93000031,21.23999977,77.40000153,187,192,-0.49444,0.00662965,185.042265,0.1352275,0.1369571,0.1351788,0.1376712,0.136425,0.1360923,0.1526695556,0.153358,0.1530137778,12.35666667,12.48666667,24.2,26.635,39.81666667,42.80555556,-0.7494889119,0.06582604017,-0.03900559289,0.2417114576,0.1232158,0.1570905333,0.1190159,0.1644949,0.1285492222,0.1869055556,0.1536961294,0.09830951841,0.05538661103,0.446856615,0.1329465562,0.1066244141,0.02632214203,0.220634703,0.1540215981,0.0969456687,0.05707592938,0.4629421347,0.7834713216,0.0017296,-0.2416979519,0.003728166667,0.06774946667,0.01256332513,0.008947019215,0.01401475351,-0.0005842404082,-0.3208272842,0.0056631,0.090958,-0.3699822443,0.004713611111,0.1167126667,0.2146089587,-0.05769770715,102.7399979,-1.910003662,0.03616878438,0.0517836037,0.2146089587,-0.05769770715,0.1303884373,-0.003637532797,0.003013057808,0.1181301441,0.02487186866,-0.00625201686,-0.004953758683,1,0.004953758683,0.0677513284,0.09841382139,0.6884330619,0.01807159968,0.006702833992,0.6290957021,0.0005393402933,0.01655116555,0,1,1
2012-04-04,0.7885497655,0.4033689764,4.191524115e-05,38.63343011,18.1649751,-1.788224576,54.25029189,0.009181831259,25.80061411,76,0.4901425068,-0.487368935,44.0110115,257524290000,-0.7653867042,-0.004581920235,0,1.004166311e-15,2.3,90.8284,101.53,16.44000053,19.45000076,99.73000336,12.92000008,21.89999962,84.59999847,190,194,-0.48857,0.0061577,185.71,0.1427378,0.1431434,0.1341905455,0.1295305455,0.1318605455,0.1429406,0.160101,0.160134,0.1601175,12.91363636,13.64090909,25.21,28.17,40.45,46.2,-0.7900446079,0.06637430663,-0.04096720883,0.4979025238,0.1199743636,0.1525215455,0.124456,0.1726871,0.140448,0.192914,0.1747354047,0.115773179,0.05896222568,0.411639933,0.1362437415,0.1085839871,0.0276597544,0.2269215504,0.1650163554,0.09716653282,0.06784982254,0.5296182528,0.7596441254,0.0004056,-0.2388819849,0.004387409091,0.06509436364,0.01523687951,0.003983774472,0.01619627871,0.002673554373,-0.3246321385,0.00563095,0.0964622,-0.3147689299,0.0065635,0.104932,0.1830900323,-0.0315189264,99.73000336,-3.009994507,0.2724458543,0.2362770699,0.1830900323,-0.0315189264,0.1259639465,-0.004424490762,0.002441628112,0.1088175,0.02194541836,-0.002926450307,-0.01025492685,1,0.01025492685,0.05294859706,0.0974195467,0.5435110186,0.01822831707,0.006437834822,0.6468223152,-0.0002649991702,0.01772661301,0,0,0
2012-04-11,0.3062779496,0.6795556464,6.801352466e-05,38.74376367,9.954040507,-7.062040465,42.12298557,0.01121703709,23.6380594,76,-0.02570134015,0.2371255626,34.77419428,249862880000,-2.032769411,-0.02061305814,0,1.050066382e-15,2.3,91.1768,102.66,20.02000046,22.46999931,111.1900024,18.69000053,24.62000084,76.30000305,175,203,-0.46728,0.005037894737,179.4122263,0.1768599474,0.1769734211,0.1661013,0.1616714,0.16388635,0.1769166842,0.1851942667,0.1848400667,0.1850171667,15.085,16.15,30.03684211,33.67631579,43.13,54.36666667,-0.9446731008,0.06554062815,-0.05069652192,0.6798615063,0.1477384,0.1949122,0.1500698947,0.2139868421,0.161161,0.2314887333,0.1571654074,0.1292465545,0.0279188529,0.1955769457,0.1346788821,0.1261244813,0.008554400762,0.06562392748,0.1609206287,0.1063695182,0.0545511105,0.4139922013,0.7129032622,0.0001134736842,-0.2753463732,0.00743895,0.0943476,0.02417265705,0.01015406387,0.02291687757,0.008935777541,-0.3511372866,0.005111684211,0.1278338947,-0.3582212204,0.0113077,0.1406554667,0.1223775624,-0.06071246989,111.1900024,11.45999908,0.07116104257,-0.2012848117,0.1223775624,-0.06071246989,0.0956832039,-0.03028074261,0.002132319887,0.114578505,0.01827011238,-0.003675305976,0.0074212898,0,0,0.09051493985,0.06890227947,1.313671196,0.02307635272,0.007168967938,0.6893370445,0.0007311331167,0.04251472938,0,0,0
2012-04-18,0.2246578712,-0.470465878,8.136644647e-05,17.96353989,-15.8595695,-3.420034732,50.03715518,0.0117311561,18.31062287,-20,0.3681844682,-0.5060138857,41.64750494,246268280000,-1.656404222,-0.00295580841,0,1.389388663e-15,2.26,90.9326,102.65,18.63999939,21.12000084,106.0599976,18.85000038,23.45999908,72.5,173,202,-0.43811,0.005530210526,180.7291947,0.1632245263,0.1641104737,0.162801,0.15607925,0.159440125,0.1636675,0.1787722,0.1786824,0.1787273,12.9075,13.3225,28.26578947,31.24736842,49.38,44.97,-0.8803421274,0.06523860214,-0.04690309162,0.4339617659,0.14015655,0.1787799,0.1401194211,0.1990811579,0.1458782,0.212716,0.1051781253,0.1790075786,-0.07382945332,-0.5317727995,0.1239943001,0.1343497413,-0.01035544117,-0.08021081164,0.1576943894,0.1151824379,0.04251195156,0.3141416283,0.8208700034,0.0008859473684,-0.2422009149,2.81e-05,0.0772467,0.01669510474,-0.006622559735,0.01867645377,-0.007477552308,-0.3476511569,0.005932789474,0.1179234737,-0.3727768045,0.0005698,0.1336756,0.1330472924,0.01066973001,106.0599976,-5.130004883,-0.01114063595,-0.08230167852,0.1330472924,0.01066973001,0.1107953671,0.01511216316,0.002142632865,0.142539691,0.01480922346,-0.00346088892,-0.004063533762,1,0.004063533762,0.1012817924,0.09707320234,1.043354808,0.02516614661,0.007116293626,0.7172275225,-5.267431234e-05,0.02789047798,1,0,0
2012-04-25,0.3090974251,-0.169353655,7.240383598e-05,-3.956673015,5.590904288,-1.481221348,53.1516835,0.01186152974,18.11588056,-20,0.5514989362,0.9293817896,49.35774592,249882250000,0.6142374862,0.008996199007,0,1.410648454e-15,2.25,90.756,103.72,16.81999969,19.45999908,93.27999878,16.13999939,22.14999962,70.59999847,175,202,-0.41153,0.006034052632,181.5372789,0.1504164211,0.1498493158,0.1444255,0.1444835,0.1444545,0.1501328684,0.1603456667,0.1621588,0.1612522333,12.7,13.375,25.65526316,29.29736842,39.29666667,46.71666667,-0.8111521552,0.06526877987,-0.04302716265,0.8345620101,0.1278405,0.1636095,0.1270771053,0.1806508947,0.1342095333,0.2004622667,0.1082619949,0.1571654074,-0.04890341248,-0.3727446329,0.1512783791,0.1295489509,0.02172942817,0.1550629005,0.1564255581,0.1184137526,0.0380118055,0.2783953603,0.8628953293,-0.0005671052632,-0.2454554812,0.0012705,0.071538,0.01150830829,-0.003833862703,0.01198046594,-0.005186796454,-0.3481892416,0.003731131579,0.1071475789,-0.3959265963,0.006083666667,0.1325054667,0.1569559713,0.02390867889,93.27999878,-12.77999878,0.04213137118,0.05327200713,0.1569559713,0.02390867889,0.1382323053,0.02743693822,0.002193870203,0.1442260167,0.01498341687,0.0001741934071,0.0135523429,0,0,0.1039183221,0.09698978651,1.071435724,0.02385370256,0.007070771869,0.7035775954,-4.552175639e-05,-0.01364992707,0,0,0
2012-05-02,0.1089180808,-0.6948448896,8.418860594e-05,-11.64194225,6.207502126,2.38308467,56.13937431,0.01050510217,14.78692148,-20,0.8049724002,0.4490581154,57.23572463,253992860000,2.390539628,0.01158426675,0,1.401731283e-15,2.24,90.6144,105.25,16.87999916,19.01000023,86.29000092,16.22999954,21.61000061,65.09999847,169,201,-0.38697,0.005971842105,185.4389947,0.1465899474,0.1478204211,0.1434020909,0.1506192727,0.1470106818,0.1472051842,0.1569838,0.1561792,0.1565815,14.01818182,13.73636364,26.20789474,28.54473684,39.69,44.26,-0.8124280173,0.06611911586,-0.04218866184,0.5169203103,0.1313840909,0.1694649091,0.1302345263,0.1777259474,0.1337406,0.195154,0.08473883699,0.1051781253,-0.02043928828,-0.2160813233,0.1632269553,0.1309136911,0.0323132642,0.2206033367,0.1656938821,0.1154182885,0.05027559367,0.361579182,0.8893279932,0.001230473684,-0.2531556906,0.003413818182,0.07616163636,0.01135504266,0.01054970253,0.01119638483,-0.0001532656259,-0.3084254319,0.006775052632,0.09498284211,-0.3734533799,0.0078658,0.1228268,0.1261849037,-0.03077106764,86.29000092,-6.989997864,0.04004926906,-0.002082102122,0.1261849037,-0.03077106764,0.1367701394,-0.001462165864,0.002378787936,0.1441744814,0.01623155831,0.001248141437,-0.002499805577,1,0.002499805577,0.102593547,0.09779528934,1.049064303,0.02392516134,0.006786766833,0.7163334977,-0.0002840050366,0.01275590231,0,0,0
2012-05-09,0.1161377414,-0.4253000717,7.395333183e-05,6.950082831,0.002052980805,-3.888892616,37.88324207,0.01127021677,16.41769784,-100,0.03038172285,0.1116470623,42.66475267,241021990000,-0.9042083692,-0.02032844208,0,1.290615805e-15,2.14,91.7632,96.8,20.07999992,21.53000069,102.0699997,20.23999977,23.79000092,58.70000076,160,203,-0.36024,0.004930333333,181.5958,0.178198,0.1797956667,0.1834982632,0.1843238947,0.1839110789,0.1789968333,0.18182105,0.18220955,0.1820153,16.80789474,17.65789474,32.08333333,33.06666667,46.0075,48.0975,-0.9674128913,0.06703029721,-0.05129202646,0.7888524513,0.1669009474,0.2105216316,0.1535456667,0.2153316667,0.15283075,0.2244422,0.1365199273,0.1082619949,0.02825793236,0.2319164231,0.1734975463,0.1329344236,0.04056312265,0.2663075056,0.1663347066,0.1210162276,0.04531847897,0.3180774139,0.7426635497,0.001597666667,-0.2311503691,0.004800210526,0.08724136842,0.02264907871,0.02210262542,0.01848464208,0.01129403605,-0.3349948312,0.005441833333,0.123572,-0.3796267397,0.006621175,0.1432229,0.07221119365,-0.05397371003,102.0699997,15.77999878,-0.00790513089,-0.04795439995,0.07221119365,-0.05397371003,0.1049698169,-0.03180032256,0.002132524453,0.1350851229,0.01554118216,-0.0006903761494,-0.006724827532,1,0.006724827532,0.09325403771,0.09418871944,0.9900765003,0.02392205367,0.006250492685,0.7387142103,-0.0005362741474,0.02238071254,0,0,0
2012-05-16,0.2835633994,0.5081195601,4.677969222e-05,15.10470163,5.574990507,-6.444688019,29.6704579,0.01180338767,23.38716634,-44,-0.0002917012955,-0.9988216867,20.77449504,228798330000,-5.22994925,-0.03260196156,0,1.080609182e-15,2.09,92.903,92.78,22.27000046,24.92000008,109.2200012,22.40999985,26.42000008,67,146,213,-0.32285,0.004363666667,179.6494111,0.2032905556,0.2034038889,0.2036701579,0.1917126842,0.1976914211,0.2033472222,0.2053347,0.205889,0.20561185,15.82368421,15.86315789,35.68333333,37.48888889,49.91,54.23,-1.087238355,0.06780246494,-0.05826148964,0.4521142975,0.1821841053,0.2173885263,0.1731895556,0.2457864444,0.1719853,0.2535555,0.1561017387,0.08473883699,0.07136290173,0.6109339453,0.1792300838,0.1329806298,0.04624945394,0.2984668874,0.1636512402,0.121458818,0.0421924222,0.2981623205,0.6539584283,0.0001133333333,-0.1762103721,0.002094894737,0.07040884211,0.03191144413,0.03190122746,0.02752398839,0.00926236542,-0.3465443791,0.006140777778,0.1451937778,-0.3833719352,0.00715855,0.1631404,0.118994143,0.04678294933,109.2200012,7.150001526,-0.006247183873,0.001657947017,0.118994143,0.04678294933,0.06019261619,-0.04477720066,0.004275291217,0.1071827874,0.03835784062,0.02281665846,-0.004413543929,1,0.004413543929,0.09424353438,0.06012932558,1.567347272,0.02413020924,0.006446361325,0.7328509976,0.0001958686391,-0.005863212647,1,0,0
2012-05-23,0.478850971,0.2559992201,6.963378867e-05,15.13269448,0.6438983424,-4.363358303,36.01199647,0.01407817272,31.67716186,-52,0.2393619375,0.8469825628,20.30130144,231640340000,-3.703323087,-0.01372526817,0,1.141938827e-15,2.14,93.8855,89.4,22.32999992,25.11000061,107.4800034,21.75,27.46999931,73.69999695,145,225,-0.27297,0.004522333333,178.22018,0.1982104,0.1980090667,0.2010432,0.2097941333,0.2054186667,0.1981097333,0.2054998,0.2055958,0.2055478,15.98,18.65666667,33.18,37.65,48.1625,55.745,-1.050808105,0.06756599639,-0.05676268996,0.341123526,0.1803776,0.2405980667,0.1687467333,0.2420469333,0.1712273,0.2568195,0.2056813736,0.1365199273,0.06916144634,0.4098576501,0.1842208006,0.1346788821,0.04954191858,0.3132417481,0.1567950557,0.1296869393,0.02710811639,0.1898161879,0.6798196121,-0.0002013333333,-0.2860995133,0.005069166667,0.1204409333,0.03172448838,0.02355913808,0.02543119586,-0.0001869557408,-0.35687113,0.0072871,0.1466004,-0.3999198219,0.0084756,0.1711844,0.1244962246,0.005502081662,107.4800034,-1.739997864,0.02666666316,0.03291384703,0.1244962246,0.005502081662,0.09398640564,0.03379378945,0.004848553507,0.1184317144,0.03932951792,0.0009716773044,0.001692270515,0,0,0.1054897481,0.06589460756,1.600885899,0.0256429884,0.007504587126,0.7073435042,0.001058225802,-0.02550749341,0,0,0
2012-05-30,0.4484008017,0.6736031724,6.175705993e-05,8.576770486,3.561814379,-0.1336640988,37.43789434,0.01339626011,32.70895383,-52,0.2699543851,-0.7501280875,40.05863971,232612700000,-2.960718487,-0.008916425289,0,1.28458455e-15,2.08,94.302,87.79,24.13999939,26.19000053,109.7300034,23.38999939,27.70999908,73,136,226,-0.22443,0.0044384,174.2062533,0.2084551333,0.2085878,0.213334,0.210352,0.211843,0.2085214667,0.2117255,0.2124175,0.2120715,17.50909091,19.47272727,34.53,38.18666667,49.20625,56.7,-1.081123317,0.06632285099,-0.05974204844,0.2950346929,0.1896100909,0.2477226364,0.1770286667,0.2524286,0.175352625,0.266432875,0.2107529964,0.1569312121,0.05382178432,0.2948792449,0.1788474695,0.1241583282,0.05468914124,0.364975725,0.1534935673,0.1337561644,0.01973740285,0.1376401853,0.5954222853,0.0001326666667,-0.2657589603,0.006823363636,0.1162250909,0.04285866659,0.02025005133,0.02708360959,0.0111341782,-0.3511405636,0.006207166667,0.1507998667,-0.4123279284,0.00882125,0.1821605,0.08492134201,-0.03957488262,109.7300034,2.25,0.03206498587,0.005398322714,0.08492134201,-0.03957488262,0.05803736233,-0.03594904331,0.006506566308,0.1244823305,0.04967265522,0.01034313731,-0.0144386293,1,0.0144386293,0.1167189475,0.06973320378,1.673792988,0.02320214467,0.007786854206,0.6643907571,0.0002822670798,-0.0429527471,0,1,0
2012-06-06,-0.2054251152,1.026627342,8.333310865e-05,12.71216458,10.62860872,-0.4032463783,45.47250608,0.01524890037,35.44639715,-92,0.4664606845,1,46.40193372,235069280000,1.537193267,0.006621156716,0,1.501071099e-15,2.16,94.0362,85.05,22.15999985,24.70999908,97.70999908,19.30999947,26.87000084,87.69999695,140,230,-0.18556,0.004558909091,175.3551091,0.1978344545,0.1972953636,0.1874255,0.189523,0.18847425,0.1975649091,0.2048626667,0.2049546667,0.2049086667,14.8,22.35,32.01818182,37.85909091,46.76666667,55.65,-1.03107191,0.06666835563,-0.05660677073,0.3018205772,0.1682335,0.2195765,0.1710484545,0.2388173636,0.1690066667,0.2558206667,0.133947713,0.2059071365,-0.07195942346,-0.429975751,0.1567039259,0.1577435612,-0.001039635371,-0.006612481901,0.1378976789,0.1456651099,-0.007767431006,-0.05479826634,0.798439166,-0.0005390909091,-0.2647843016,0.00543075,0.102686,0.02422352821,-0.00687520593,0.02076923744,-0.01863513838,-0.3306882696,0.007368,0.1355378182,-0.408702516,0.007505,0.173628,0.1150721685,0.03015082651,97.70999908,-12.02000427,0.1475919451,0.1155269592,0.1150721685,0.03015082651,0.08741407668,0.02937671435,0.006637199523,0.1686180696,0.03787161183,-0.0118010434,0.02278777605,0,0,0.1309154365,0.1086976128,1.204400291,0.03354350734,0.008660476225,0.7418136351,0.0008736220191,0.077422878,0,0,0
2012-06-13,-0.02036319654,0.2276255211,0.0001295562594,13.79122124,-8.732664173,4.08129765,46.48369958,0.01476833456,26.466168,-72,0.5679949108,-0.4788324356,55.20602995,230707210000,-0.2230912815,0.004410534409,0.005911397475,1.649804211e-15,2.12,93.8309,82.56,24.27000046,26.5,110.5999985,26.19000053,28.27000046,89.30000305,131,226,-0.1719,0.0042256,174.529605,0.2165518,0.2178708,0.2459546,0.2456948,0.2458247,0.2172113,0.220503625,0.2208248333,0.2206642292,23.27,25.21,35.76,40.2875,51.48958333,58.67291667,-1.128267928,0.06636712286,-0.06222822983,0.4314701258,0.2140418,0.2830658,0.1864488,0.26331695,0.1825314167,0.2740523333,0.1842293197,0.2107529964,-0.02652367667,-0.1345055301,0.1610317413,0.1588341488,0.002197592555,0.01374092831,0.1376030258,0.1453387328,-0.007735707067,-0.05469419167,0.7312425678,0.001319,-0.2777024532,0.0027291,0.138048,0.03367500541,0.01601295765,0.02756935477,0.0094514772,-0.3418141555,0.007671575,0.1537363,-0.400894323,0.007627645833,0.1830418333,0.09188296251,-0.02318920602,110.5999985,12.88999939,-0.07331042524,-0.2209023704,0.09188296251,-0.02318920602,0.0667924701,-0.02062160658,0.006168071154,0.1785657786,0.03338896019,-0.004482651641,-0.007048030071,1,0.007048030071,0.1307306521,0.119369271,1.095178441,0.03370410125,0.008475814431,0.7485227578,-0.0001846617943,0.006709122695,1,0,0
2012-06-20,-0.5582888334,0.9926648581,0.000115472772,-15.37778916,-11.76711409,7.982912867,59.00845302,0.01422365283,23.06145046,44,0.922821713,0.2222213252,63.91859046,242175580000,6.064082088,0.0285864582,0.006727236619,1.584556949e-15,2.16,93.1602,81.06,17.23999977,20.84000015,96.41000366,17.44000053,23.96999931,77.69999695,133,220,-0.18797,0.0057324,178.54104,0.1594978,0.1586532,0.1555565,0.15082925,0.153192875,0.1590755,0.17187025,0.1721445,0.172007375,15.1875,17.2375,26.88,30.44,41.1375,47.7875,-0.8452828931,0.06584877074,-0.04558815914,0.4946265798,0.13563175,0.181104,0.1364424,0.1944266,0.144591,0.214988,0.2108890513,0.133947713,0.07694133834,0.4538826498,0.165335369,0.1621573555,0.003178013423,0.01940875597,0.1382411258,0.1468714261,-0.008630300223,-0.06055810229,1.01937354,-0.0008446,-0.2871305181,0.005175,0.0909445,0.003426751259,0.005526067134,0.00801532126,-0.03024825415,-0.35049642,0.006359,0.1159684,-0.3915523432,0.007782125,0.140794,0.2088167302,0.1169337677,96.41000366,-14.18999481,-0.0114679333,0.06184249194,0.2088167302,0.1169337677,0.1501918972,0.08339942711,0.006103378252,0.1685104021,0.03495358865,0.001564628464,-0.001687780513,1,0.001687780513,0.115282801,0.122785359,0.938896966,0.0353725408,0.009077532844,0.7433734575,0.000601718413,-0.005149300331,0,0,0
2012-06-27,-0.4119657598,-0.3116815902,0.0001546620675,-8.754731638,-1.754976194,1.457884549,50.69840974,0.0140449112,17.59816152,44,0.6295340936,0.6274598971,48.52875807,246550630000,1.751042526,0.0007514794631,0.008484923966,1.836905789e-15,2.1,93.8728,80.27,19.45000076,22.36000061,98.11000061,17.12000084,24.75,70.19999695,134,218,-0.22453,0.0050113125,177.7863625,0.1812276875,0.1821559375,0.170094,0.1701128,0.1701034,0.1816918125,0.189332375,0.1899043333,0.1896183542,17.91,18.05,31.525,33.303125,45.78958333,50.74791667,-0.9613787631,0.06674413879,-0.05206351441,0.2995323372,0.1509004,0.1917222,0.155280625,0.214835375,0.159674125,0.2318949167,0.1564535288,0.1842293197,-0.02777579087,-0.1634222588,0.1486603831,0.1796063833,-0.03094600027,-0.1891033011,0.12301994,0.1576400348,-0.03462009486,-0.2479677175,0.9885221622,0.00092825,-0.238290177,0.0012079,0.0816436,0.005571800029,-0.005005275548,0.01110473966,0.00214504877,-0.3218166737,0.0033661875,0.1191095,-0.3688789663,0.006166166667,0.1444415833,0.1496143822,-0.05920234806,98.11000061,1.699996948,0.1360981197,0.147566053,0.1496143822,-0.05920234806,0.1068872685,-0.04330462868,0.004568541656,0.1915892041,0.0232901415,-0.01166344715,0.00894478142,0,0,0.1423015358,0.1241946633,1.145794288,0.04229568483,0.0100372319,0.7626889851,0.0009596990518,0.01931552756,0,1,1
2012-07-11,-0.1719844202,0.5030723056,0.0001174904605,-15.35675368,-0.05441393875,0.4613186028,50.03943191,0.01329477264,14.52280724,80,0.4780386717,0.3957363697,27.26317382,237001370000,0.481635597,-0.0001418500906,0.007593712424,1.632184527e-15,2.11,93.5981,85.88,17.95000076,20.25,96.25,17.26000023,22.94000053,63.79999924,127,209,-0.29987,0.005627166667,175.6248667,0.16199075,0.1635761667,0.161415,0.158252,0.1598335,0.1627834583,0.16969575,0.16969875,0.16969725,16.625,14.8,28.17916667,29.10416667,37.075,50.8125,-0.8508578323,0.06546083218,-0.04664995063,1.122870873,0.142099,0.1811425,0.1418420833,0.1893250833,0.14841825,0.21216575,0.1370908691,0.1590297716,-0.02193890255,-0.1484474437,0.1239142332,0.1833802135,-0.05946598022,-0.3919720078,0.1140770306,0.1571408999,-0.04306386934,-0.3202689275,1.126528551,0.001585416667,-0.2415747978,0.00178725,0.078087,-0.001408049951,0.0002562794547,0.004103894221,-0.00697984998,-0.2867615197,0.002800125,0.094966,-0.3535791938,0.01059475,0.127495,0.1281336568,-0.02148072539,96.25,-1.86000061,0.03997685544,-0.09612126427,0.1281336568,-0.02148072539,0.1328395325,0.02595226401,0.004682818413,0.1646453239,0.02765528725,0.004365145744,-1.492368899e-05,1,1.492368899e-05,0.1124550806,0.1189679144,0.9452555438,0.0432993129,0.009671010212,0.7766474901,-0.0003662216838,0.01395850508,0,0,0
2012-07-18,0.05041051193,0.7506600753,0.0001158049393,-5.252788757,6.637058317,1.662987854,60.07257909,0.01216144577,13.1006161,100,0.8585164488,0.6957088295,50.34815356,240906450000,0.7796437166,0.01576576964,0.007995772955,1.66021576e-15,2.12,93.0973,89.88,16.15999985,18.94000053,94.02999878,15,21.70999908,61.90000153,130,201,-0.32183,0.006451375,177.5896042,0.1427531667,0.14350925,0.1357878,0.1355954,0.1356916,0.1431312083,0.1585286875,0.158727125,0.1586279063,12.61,15.69,22.74791667,28.92291667,37.225,46.028125,-0.7565063879,0.06468247067,-0.04102180391,0.6340374543,0.1258584,0.1571306,0.129194875,0.1707382917,0.1382781875,0.194552625,0.1617368585,0.1276058213,0.03413103712,0.2370246925,0.1157589394,0.1686252565,-0.05286631717,-0.376168916,0.1110492713,0.1577217832,-0.0466725119,-0.3508586266,1.178116628,0.0007560833333,-0.2210135376,0.0058029,0.0625444,-0.002319917631,0.002128964674,0.0002866517312,-0.0009118676804,-0.2770178245,0.006835375,0.08308683333,-0.3381564169,0.0077875,0.112548875,0.1720297471,0.0438960903,94.02999878,-2.220001221,0.07733332316,0.03735646772,0.1720297471,0.0438960903,0.1462512393,0.01341170675,0.004603681088,0.1658690538,0.0270053806,-0.0006499066435,0.00665827533,0,0,0.1113680057,0.1214622624,0.9168938852,0.03692925473,0.008494777593,0.7699715942,-0.001176232619,-0.006675895927,1,0,0
2012-07-25,0.9783777037,1.014796195,8.455007527e-05,4.74877848,0.224508301,-2.376555715,45.91980846,0.01241186698,13.37596956,68,0.230443486,0.02404241167,35.78322769,229697150000,-1.077292246,-0.01061381033,0,1.458104127e-15,2.1,94.0564,88.8,19.34000015,21.87999916,106.5299988,19.30999947,24.31999969,63.09999847,121,201,-0.33741,0.0053502,175.811,0.171955,0.1721184,0.1743964,0.1744464,0.1744214,0.1720367,0.183482875,0.183644,0.1835634375,15.37,19.77,27.04,34.15,41.7125,51.91875,-0.9001769126,0.0657045796,-0.04929940362,0.8393385997,0.1570644,0.203554,0.1504572,0.212548,0.15764675,0.228370375,0.1578528728,0.1370908691,0.02076200373,0.1410194305,0.1196118292,0.1558937736,-0.03628194437,-0.2649230936,0.1079150095,0.1574163257,-0.0495013162,-0.3775500834,0.9061657983,0.0001634,-0.2578326563,0.0058878,0.0929792,0.01310069195,0.01162891839,0.008915635988,0.01542060958,-0.3420931711,0.0094659,0.1241816,-0.3664273962,0.009445125,0.14144725,0.1313339704,-0.04069577665,106.5299988,12.5,0.001553634773,-0.07577968839,0.1313339704,-0.04069577665,0.1115173961,-0.03473384315,0.004457750403,0.1417226491,0.03049485716,0.003489476557,-0.0003139107221,1,0.0003139107221,0.07784266094,0.1179671095,0.659867494,0.03299080731,0.008687938665,0.7366557725,0.000193161072,-0.03331582169,0,0,0
2012-08-01,0.821310158,-0.2432072046,8.11012237e-05,-5.030979602,-5.099970302,1.859756461,57.01160586,0.01226208689,13.96662885,92,0.7507293629,-0.6626778007,55.64807778,227050910000,1.60160245,0.008905236396,0,1.365678775e-15,2.23,92.8905,88.99,18.95999908,20.67000008,94.23000336,20.79000092,23.12000084,74.09999847,132,193,-0.35091,0.0053036,182.20918,0.1664702,0.1664875333,0.1782005,0.1785435,0.178372,0.1664788667,0.1745368333,0.1752338333,0.1748853333,16.825,18.75,28.74333333,32.01666667,42.98333333,48.60833333,-0.9027969578,0.06624246721,-0.04770809046,0.5504750353,0.166659,0.197376,0.1477834667,0.1959805333,0.149394,0.2118831667,0.1071927403,0.1617368585,-0.05454411811,-0.4113421584,0.1084099677,0.1638080217,-0.05539805398,-0.4127751049,0.1069117379,0.1618878812,-0.05497614336,-0.4149003901,0.9839568526,1.733333333e-05,-0.1687584985,0.0036455,0.061434,0.009115088564,0.005657759002,0.004377193721,-0.003985603382,-0.2804078767,0.005403133333,0.09639413333,-0.3459347694,0.00575325,0.1249783333,0.09018993008,-0.04114404035,94.23000336,-12.29999542,-0.08802317222,-0.08957680699,0.09018993008,-0.04114404035,0.1185293059,0.007011909801,0.002571212928,0.1403778838,0.01798691273,-0.01250794443,-0.002904192902,1,0.002904192902,0.07967629568,0.1122677297,0.7096990019,0.03457855707,0.007745489104,0.776003114,-0.0009424495605,0.03934734153,0,0,0
2012-08-08,0.6360298411,-0.662360011,8.883039111e-05,-12.85722841,-3.578271199,3.279369863,63.66381194,0.01212516246,13.94226763,72,0.9104047736,0.5205888628,42.51341579,236634670000,3.82815141,0.022188025,0,1.405326275e-15,2.29,92.5407,93.39,15.31999969,18.57999992,85.18000031,13.52000046,21.62999916,75.19999695,139,188,-0.37102,0.006042181818,187.4226364,0.1405328182,0.1392180909,0.1247915,0.125383,0.12508725,0.1398754545,0.1575707778,0.1566264444,0.1570986111,12.625,13.075,25.34545455,27.19090909,39.6,44.6,-0.7802329302,0.06683068148,-0.0400892546,0.7800435279,0.1166115,0.139496,0.1251731818,0.1636157273,0.1357658889,0.1893526667,0.04350052894,0.1578528728,-0.1143523439,-1.288890317,0.09304070343,0.1500481363,-0.05700743289,-0.4779190827,0.1022749802,0.1645794127,-0.06230443256,-0.4757281359,1.072726711,-0.001314727273,-0.178710112,0.0029665,0.045769,0.0009557958515,-0.009270709346,-0.002406409485,-0.008159292712,-0.2662328382,0.004519,0.07688509091,-0.3296445365,0.005460666667,0.1071735556,0.2127937529,0.1226038228,85.18000031,-9.050003052,0.1331360337,0.221159206,0.2127937529,0.1226038228,0.164154965,0.04562565905,0.002171351788,0.1473863387,0.01451848969,-0.003468423038,0.0006206338075,0,0,0.069141641,0.1322363449,0.5228641267,0.02934517222,0.006830729012,0.7672281846,-0.0009147600927,-0.008774929429,0,0,0
2012-08-15,0.8916771642,0.3995180738,7.327631047e-05,-32.98955905,-2.584250983,1.604123017,64.22558253,0.0091470318,15.57307464,92,0.7749672044,0.2542569259,56.33273847,239747120000,1.46033204,0.0111512216,0,1.059651711e-15,2.25,92.6838,94.35,14.63000011,18.86000061,97.94999695,12.36999989,21.81999969,73,153,186,-0.39746,0.00584425,190.23405,0.14283075,0.14238625,0.118784,0.119518,0.119151,0.1426085,0.1594131111,0.1594118889,0.1594125,12.26,13.07,26.2,28.15,40.50277778,45.625,-0.8074104916,0.06767342213,-0.0408720866,0.9564935729,0.111851,0.1343298,0.12547825,0.168056,0.1375012778,0.1910265,0.0696658579,0.1071927403,-0.03752688244,-0.4309181716,0.1044815647,0.1303817025,-0.02590013778,-0.2214556798,0.1171709523,0.1563246056,-0.03915365336,-0.2883006518,0.9142631923,-0.0004445,-0.1826202531,0.0039394,0.0449576,0.004404301997,0.002706677219,0.0009749628277,0.003448506145,-0.2901041361,0.004158625,0.0851555,-0.3258489896,0.004851388889,0.1070504444,0.2891319523,0.07633819949,97.94999695,12.76999664,0.182700101,0.0495640673,0.2891319523,0.07633819949,0.1569458637,-0.007209101331,0.002121665415,0.1324811273,0.0157624175,0.001243927803,0.001138991629,0,0,0.06646771048,0.1137820814,0.5841667657,0.02256701203,0.005567623687,0.7532848531,-0.001263105324,-0.01394333153,1,0,0
2012-08-22,1.351724788,1.171922774,5.465436872e-05,-30.98719755,5.247325813,0.3784599455,64.89090903,0.007511297552,19.50892714,80,0.7465699374,0.4368277286,66.57442159,242797630000,1.381408378,0.0062313354,0,9.061924119e-16,2.26,92.4362,96.89,15.10999966,19.42000008,99.13999939,13.14999962,22.42000008,66.80000305,145,184,-0.42567,0.0059265,190.27755,0.1420575,0.14170425,0.121124,0.12078025,0.120952125,0.141880875,0.161027,0.161128,0.1610775,12.3625,14.575,27.0125,27.2125,40.25,47.9,-0.8034745621,0.06730770999,-0.04066367411,0.5733776812,0.111714,0.1400195,0.121241,0.1711985,0.137963,0.198083,0.1293180895,0.04350052894,0.08581756052,1.089502081,0.1052020914,0.1239142332,-0.01871214188,-0.1637064789,0.1269982122,0.1556202096,-0.02862199737,-0.2032454756,0.8733681212,-0.00035325,-0.2248846498,0.004914625,0.056611,0.007476471763,0.01273712052,0.00172831137,0.003072169766,-0.3416604118,0.004338875,0.099915,-0.3578081572,0.0069455,0.12024,0.2852415961,-0.003890356215,99.13999939,1.190002441,0.1490494369,-0.03365066415,0.2852415961,-0.003890356215,0.154479917,-0.002465946659,0.002185878545,0.1151145424,0.01863487383,0.002872456333,0.0002263776235,0,0,0.03513543699,0.1163146318,0.3020723743,0.01982994568,0.004475208479,0.7743206889,-0.001092415209,0.02103583587,0,0,0
2012-08-29,1.462871654,4.641004859,3.247875203e-05,-7.665748902,3.723752749,-1.88747817,60.13179273,0.006768672847,17.91112028,76,0.6212513579,0.06234182973,57.45070209,239857810000,0.4543807073,0.0005202889867,0.004232851344,7.555581145e-16,2.3,92.3823,95.5,17.05999947,20.45999908,94.70999908,15.28999996,23.14999962,64.90000153,139,184,-0.45227,0.0055835625,188.4521062,0.1537358125,0.1543754375,0.1425082,0.1420582,0.1422832,0.154055625,0.1704718333,0.1705125,0.1704921667,15.66,16.24,27.984375,30.328125,42.48958333,50.63541667,-0.8640508039,0.06680377254,-0.0441506037,0.7628540854,0.127412,0.1665074,0.13274025,0.1874258125,0.1453480833,0.21143725,0.1419197758,0.0696658579,0.0722539179,0.7115515847,0.1080272505,0.1157589394,-0.007731688877,-0.0691264053,0.1287141857,0.1437843507,-0.01507016498,-0.1107202809,0.7514100141,0.000639625,-0.2660280335,0.0046765,0.0781908,0.01570422614,0.01539117725,0.008393639395,0.008227754375,-0.34160749,0.00602740625,0.109371125,-0.3704701987,0.0079005,0.1321783333,0.1992965841,-0.08594501202,94.70999908,-4.430000305,0.1157619038,-0.03328753312,0.1992965841,-0.08594501202,0.1314760828,-0.02300383419,0.002087202744,0.08769356076,0.02324777226,0.004612898436,0.0008439929643,0,0,0.04157427338,0.07853146096,0.5293964084,0.01738670088,0.003986568836,0.7707115994,-0.0004886396424,-0.003609089592,0,1,0
2012-09-05,-0.4647778603,0.7641706073,1.546997311e-05,3.361744631,-21.54972341,-2.9056905,53.84842746,0.007498919592,13.65966719,52,0.2874198236,-0.4206549118,57.57213252,233676360000,-1.037971203,-0.00445046278,0.003012692396,6.271130558e-16,2.29,92.1262,95.37,17.73999977,19.98999977,90.15000153,17.89999962,22.62000084,68.5,135,185,-0.47352,0.005412181818,184.5600545,0.1593321818,0.1599508182,0.158608,0.158132,0.15837,0.1596415,0.169032875,0.16945375,0.1692433125,14.975,17.425,27.88636364,31.19090909,42.4,48.75625,-0.8768882127,0.06575274132,-0.04575023964,0.2883418007,0.143409,0.1832725,0.1384060909,0.1889126364,0.14507575,0.20729025,0.1312832516,0.07351412884,0.05776912274,0.5798795979,0.1104382733,0.1066916778,0.003746595471,0.03451359293,0.1289352251,0.1345457423,-0.005610517211,-0.04259408551,0.6683204418,0.0006186363636,-0.244051163,0.00497075,0.079727,0.02008764507,0.01967672976,0.01054074205,0.004383418935,-0.3086077346,0.004017863636,0.1010130909,-0.3531243082,0.0069396875,0.124429,0.1268320197,-0.07246456444,90.15000153,-4.559997559,-0.008938539152,-0.1247004429,0.1268320197,-0.07246456444,0.1315658378,8.975501373e-05,0.002412137713,0.05919306134,0.03915477509,0.01590700282,-0.001068231653,1,0.001068231653,0.04264862075,0.04015347031,1.062140344,0.01497271826,0.003589604145,0.7602570166,-0.0003969646912,-0.01045458276,0,0,0
2012-09-12,1.440118754,4.405653087,3.812830194e-05,2.268422167,-4.282551182,1.226558166,65.98587521,0.007883927889,18.19712452,100,0.9488566676,0.1591066722,66.50829834,245274010000,1.802105662,0.01370849934,0.002980501535,9.042658112e-16,2.38,91.0477,97.02,15.80000019,17.60000038,93.94000244,15.94999981,20.65999985,69.90000153,152,177,-0.49397,0.006154777778,188.6309889,0.1378318889,0.1370462222,0.139994,0.1399535,0.13997375,0.1374390556,0.1509943333,0.1503205,0.1506574167,15.15,14.225,25.43888889,26.55,39.37916667,43.725,-0.7715852667,0.06565371056,-0.03939136874,0.6522749884,0.1271155,0.157312,0.1211747778,0.1657577778,0.1309970833,0.1815311667,0.1113172915,0.1227460682,-0.01142877669,-0.09773312952,0.1126489489,0.1004010787,0.01224787028,0.1151033856,0.1210354344,0.1358658999,-0.01483046549,-0.1155850201,0.7305134502,-0.0007856666667,-0.2123317893,0.00224,0.060393,0.01488362401,0.00452605342,0.004238114453,-0.005204021068,-0.3107559539,0.006027222222,0.089166,-0.323388899,0.005606708333,0.1010681667,0.1139240613,-0.01290795835,93.94000244,3.790000916,-0.009404364911,-0.0004658257585,0.1139240613,-0.01290795835,0.1738636023,0.04229776442,0.002354113426,0.09632945189,0.02385517202,-0.01529960306,0.002090505603,0,0,0.047729418,0.08417704145,0.5670123015,0.01402658631,0.003946209713,0.7186621445,0.0003566055677,-0.04159487213,0,0,0
2012-09-19,1.31907087,2.26719455,4.981985216e-05,0.4162124159,-0.6308807747,2.980192499,70.64440968,0.008381462543,27.87512452,32,0.8693600905,-0.1279132245,68.47342304,251514090000,3.872520189,0.01701593626,0.001280213446,9.513932478e-16,2.54,90.4646,91.97,13.88000011,16.48999977,88.61000061,13.06999969,19.52000046,57.5,152,167,-0.51724,0.006907555556,192.1439278,0.1238953333,0.1238322778,0.111817,0.1081068,0.1099619,0.1238638056,0.13938425,0.139470375,0.1394273125,12.81,11.44,23.725,24.29722222,37.17916667,41.29791667,-0.7083237532,0.06575542513,-0.03550247534,0.5676207717,0.104494,0.1220474,0.1104218333,0.1445602222,0.1213215833,0.16678875,0.08822417968,0.1312832516,-0.0430590719,-0.3974761433,0.108735407,0.09289427995,0.01584112704,0.1574554006,0.1200111091,0.1239680235,-0.003956914403,-0.03243934304,0.749971144,-6.305555556e-05,-0.1549685841,0.0033088,0.0351068,0.01063609307,-0.005143672694,0.00407190462,-0.004247530936,-0.2677709129,0.003627222222,0.06827677778,-0.3156232971,0.004627854167,0.09093433333,0.1880403195,0.07411625821,88.61000061,-5.330001831,0.06197401978,0.07137838469,0.1880403195,0.07411625821,0.1837477701,0.009884167834,0.002277210889,0.1088031457,0.02050057237,-0.003354599657,0.001184851744,0,0,0.04761816032,0.09953293819,0.4784161021,0.01307792134,0.004448574096,0.6598408892,0.000502364383,-0.05882125531,1,0,0
2012-09-26,1.300994112,2.689192494,5.061417802e-05,13.63439702,7.931812823,-2.556757872,50.31418145,0.007725821126,26.05754018,32,0.4507149985,-0.4959475106,54.79699499,232983500000,0.2966937026,-0.01196368336,0,9.321587874e-16,2.41,91.0028,89.92,16.80999947,18.5,95.05000305,16.44000053,21.12999916,58.5,138,170,-0.54353,0.005840428571,191.8379714,0.1438391429,0.1430542857,0.1373356,0.1374368,0.1373862,0.1434467143,0.153453,0.153145,0.153299,13.59,16.04,26.87142857,28.38571429,38.9,46.2,-0.8190037701,0.06692084511,-0.04111217257,0.5508770723,0.1267728,0.1615652,0.1245427143,0.1735477143,0.131696,0.189082,0.09666447818,0.1113172915,-0.01465281336,-0.1411386114,0.1311878331,0.1012160087,0.02997182447,0.2593732042,0.1230218675,0.1162645158,0.006757351717,0.05649422048,0.7056000493,-0.0007848571429,-0.2413306605,0.0067828,0.0695848,0.01801292779,0.006483428553,0.009983145761,0.007376834724,-0.3287928447,0.0055985,0.09801,-0.3577926167,0.00709,0.114772,0.1005354306,-0.08750488897,95.05000305,6.440002441,0.02250601702,-0.03946800276,0.1005354306,-0.08750488897,0.1421621168,-0.04158565329,0.002470136372,0.113662069,0.02127003758,0.0007694652133,-0.005753253212,1,0.005753253212,0.05759056348,0.09687397937,0.5944894992,0.01524869816,0.005004017746,0.6718396748,0.00055544365,0.01199878564,0,1,1
2012-10-03,1.175402414,1.881357813,5.308263219e-05,21.2011556,6.794286299,-2.712995495,58.68361599,0.008135326758,22.56920418,32,0.5667144668,0.4622188727,46.29853308,242983110000,-0.6980578556,-0.001498692858,0,9.454725655e-16,2.47,90.8726,88.19,15.43000031,17.57999992,87.55999756,14.10999966,20.37000084,59.20000076,141,167,-0.57014,0.006164727273,197.2606182,0.1305986364,0.1327336364,0.1211395,0.121958,0.12154875,0.1316661364,0.1439775714,0.1442215,0.1440995357,13.1,12.675,24.68636364,27.35,38.6,44.18571429,-0.7729923647,0.06797449265,-0.03773768092,0.2235967134,0.1107295,0.1367275,0.1156939091,0.1598405455,0.1259860714,0.1737477143,0.1046650995,0.08822417968,0.01644091985,0.170884653,0.1315087806,0.1036506464,0.02785813418,0.2380475465,0.1384308191,0.1134870797,0.02494373938,0.1986817044,0.7872232701,0.002135,-0.2101213544,0.00217975,0.051996,0.01306503444,0.006990592747,0.007885358934,-0.004947893357,-0.3204436733,0.006101090909,0.08829327273,-0.3186937551,0.005767357143,0.09552328571,0.1393389226,0.03880349206,87.55999756,-7.490005493,0.09355072152,0.07104470449,0.1393389226,0.03880349206,0.1587031244,0.01654100764,0.002183121696,0.1141979957,0.01875838405,-0.00251165353,0.003617857293,0,0,0.05258472864,0.1023604023,0.5137213946,0.01586872872,0.005125272219,0.6770206166,0.0001212544734,0.005180941757,0,0,0
2012-10-10,0.6247301452,1.333362588,3.900302258e-05,4.717753112,0.5306266054,-3.227821039,45.37699641,0.008940534487,21.43245127,28,0.01409845819,-0.6767604114,45.86115319,234655930000,-1.669992643,-0.01160609381,0,9.051857931e-16,2.52,90.883,91.24,16.29000092,18.12999916,94.36000061,15.93000031,20.45999908,59.59999847,145,160,-0.59516,0.0058515,192.7985833,0.1420471667,0.1429515,0.1352245,0.136612,0.13591825,0.1424993333,0.1504378571,0.1511954286,0.1508166429,12.6,16.025,24.41666667,31.21666667,38.25714286,47.27857143,-0.8176687379,0.06729162595,-0.04084081829,0.6836963641,0.125171,0.157394,0.127741,0.1705355,0.1320358571,0.184193,0.1368136577,0.09666447818,0.04014917949,0.3473738424,0.1471077258,0.108025298,0.03908242774,0.3087997061,0.1360882523,0.1117073234,0.02438092886,0.1974213219,0.7580758133,0.0009043333333,-0.2280749562,0.00536425,0.064446,0.01486694797,0.00912974934,0.01026713366,0.001801913535,-0.2869451666,0.006638916667,0.085589,-0.3298695972,0.007297785714,0.1043142857,0.1129526177,-0.02638630495,94.36000061,6.800003052,0.02259890794,-0.07095181358,0.1129526177,-0.02638630495,0.1285162731,-0.03018685132,0.00208520978,0.1008433695,0.02025880271,0.001500418661,-0.006207255566,1,0.006207255566,0.06456635813,0.07470534243,0.8642803316,0.01713605081,0.005466585801,0.6809891695,0.0003413135818,0.003968552943,0,0,0
2012-10-17,0.1401210367,-0.4495753123,3.488499638e-05,-4.791834653,-4.871880789,-0.9907485459,60.30988688,0.008606677993,17.507646,-80,0.812731576,0.7084925309,60.21784212,245901620000,1.13673643,0.009826015349,0,9.546284816e-16,2.48,90.2309,92.04,15.06999969,16.61000061,85.59999847,13.22000027,19.19000053,68.69999695,153,148,-0.60951,0.006368125,196.022725,0.132100625,0.132094,0.119355,0.119279,0.119317,0.1320973125,0.1415264286,0.1415562857,0.1415413571,14.65,14.45,24.68125,27.54375,37.85,43.50357143,-0.7706569989,0.0670892543,-0.03786119795,0.4117892811,0.108491,0.134741,0.11713275,0.157252625,0.1241818571,0.1711472143,0.1309625616,0.1046650995,0.02629746207,0.2241457686,0.1442216787,0.1104382733,0.03378340542,0.2668947992,0.1340270065,0.1076748742,0.02635213226,0.2189250577,0.8360372455,-6.625e-06,-0.2158433101,0.002299,0.0525,0.01051387687,0.00328176343,0.008440077243,-0.004353071097,-0.2924345002,0.005095375,0.08023975,-0.3180544124,0.006123178571,0.09393071429,0.1021898438,-0.01076277383,85.59999847,-8.760002136,0.1399394395,0.1173405316,0.1021898438,-0.01076277383,0.1553281053,0.02681183218,0.002689658345,0.094543591,0.0276619198,0.007403117086,0.004108606126,0,0,0.06431117828,0.06642925782,0.9681152611,0.01829636707,0.006099754864,0.666613878,0.0006331690632,-0.0143752915,1,0,0
2012-10-24,-0.4494655772,-0.09613690674,5.440428658e-05,29.190876,-4.260878504,-4.994360304,36.47844123,0.01026846989,17.56100788,-52,-0.073981718,-0.7449742937,37.23481052,234389000000,-3.237217678,-0.02217424593,0,1.119987396e-15,2.49,91.1275,85.39,18.32999992,19.27000046,96.38999939,18.94000053,21.27000046,67.09999847,151,149,-0.61325,0.005291142857,193.1393429,0.1586860476,0.1584661429,0.17165,0.171635,0.1716425,0.1585760952,0.1630482632,0.1630424737,0.1630453684,18.75,21.7,27.94761905,33.74761905,41.31578947,49.02631579,-0.9115262746,0.06854989986,-0.04544514784,0.7404117437,0.154986,0.200273,0.1404980476,0.1912577143,0.140964,0.2002232632,0.1636189196,0.1368136577,0.02680526197,0.1789202262,0.1304265187,0.1126489489,0.01777756975,0.1465336565,0.1259045343,0.1070001574,0.01890437689,0.16269365,0.7103778711,-0.0002199047619,-0.2549520209,0.005987,0.090574,0.02090910402,0.01074317088,0.01513475848,0.01039522715,-0.3060062401,0.007301785714,0.1015193333,-0.347370899,0.007548263158,0.1185185263,0.05128208063,-0.05090776321,96.38999939,10.79000092,-0.03220700069,-0.1721464402,0.05128208063,-0.05090776321,0.1037882695,-0.05153983583,0.002478616054,0.1159452703,0.02093003473,-0.006731885069,-0.003090152484,1,0.003090152484,0.09289234941,0.06644757298,1.397979569,0.01917045711,0.006480671417,0.6619448677,0.0003809165522,-0.004669010332,0,0,0
2012-10-31,-0.7179135383,0.5179926734,4.769195728e-05,19.71062138,-7.276457722,-4.792087778,38.65811894,0.01054614779,19.2135209,-60,0.1475332534,-0.03043643987,43.84226289,238193840000,-1.443282721,-0.01391637202,0,9.832731362e-16,2.5,91.1609,86.23,18.60000038,19.30999947,90.23000336,19.14999962,20.72999954,71.43000031,142,151,-0.6053,0.005376875,188.5239313,0.158746625,0.1589655,0.1728855,0.1722915,0.1725885,0.1588560625,0.1602058421,0.1602315789,0.1602187105,18.05,17.4,29.103125,30.825,40.15526316,47.47105263,-0.8913145656,0.06675020226,-0.04552532037,0.7763366073,0.157443,0.1926435,0.13851025,0.1880449375,0.1389805789,0.1944872632,0.1700229454,0.1289259153,0.04109703017,0.2766954619,0.132879897,0.1000841017,0.03279579537,0.2834348412,0.1265162684,0.09839713517,0.02811913321,0.2513592142,0.6300301046,0.000218875,-0.2010960148,0.00245475,0.070401,0.02457917401,0.0131648987,0.01598803899,0.003670069987,-0.3033771283,0.00442153125,0.099069375,-0.332905769,0.006515210526,0.1110133684,0.03817199301,-0.01311008763,90.23000336,-6.159996033,-0.02872058736,0.003486413331,0.03817199301,-0.01311008763,0.07353703343,-0.03025123603,0.00429904008,0.1087326956,0.03803392079,0.01710388606,0.0001558675513,0,0,0.09155282605,0.05725456985,1.599048361,0.01590357964,0.005886752233,0.6298473447,-0.000593919184,-0.03209752294,0,1,0
2012-11-07,-0.3361124248,-0.2633999703,5.80334334e-05,37.17220971,32.337199,-2.581303374,37.00707199,0.01273443617,16.58282616,-84,0.01340848227,-0.6815343199,35.85856493,240262770000,-4.309902836,-0.02112921634,0.002553642676,1.307073807e-15,2.48,91.4514,84.5,19.07999992,19.80999947,94.75,19.87000084,21.52000046,60.90000153,141,154,-0.59531,0.005074909091,186.6234091,0.1681561818,0.1681554545,0.1715786667,0.17103,0.1713043333,0.1681558182,0.1689932105,0.1689650526,0.1689791316,18,18.43333333,30.62272727,32.22272727,42.73684211,48.61578947,-0.9339825014,0.06691265483,-0.04818824779,0.7684650253,0.1556253333,0.1932086667,0.1463973636,0.1963305455,0.1457824737,0.2043844211,0.1483001865,0.166415376,-0.01811518949,-0.1152484212,0.1154334067,0.1303945657,-0.01496115899,-0.1218711762,0.1176368735,0.1144967173,0.003140156204,0.02705638379,0.7754389178,-7.272727273e-07,-0.2154797602,0.003112666667,0.07516666667,0.01940189695,0.001651097252,0.01544444863,-0.005177277057,-0.2913867269,0.003208136364,0.09986636364,-0.3347086675,0.006104315789,0.1172038947,0.03825993423,8.794122648e-05,94.75,4.519996643,-0.03975847419,-0.01103788683,0.03825993423,8.794122648e-05,0.08632009278,0.01278305935,0.004104037024,0.145515555,0.02742981029,-0.0106041105,-0.02399048418,1,0.02399048418,0.1288423228,0.06911982846,1.864042861,0.02336220284,0.006359460083,0.7277885083,0.0004727078504,0.09794116361,0,0,0
2012-11-14,-0.7943331779,0.2230131255,8.570383293e-05,30.14061926,15.56921424,-5.946429749,27.68953496,0.01349222373,21.85659808,-68,-0.004555366301,-0.78356933,29.25452664,235133080000,-4.068025624,-0.03287487001,0,1.320178193e-15,2.4,91.7942,86.32,17.92000008,19.87000084,94.66000366,18.67000008,21.75,56.84000015,134,160,-0.58829,0.0050145,187.788725,0.16805,0.16623875,0.1743406,0.1742802,0.1743104,0.167144375,0.1741668947,0.1743504211,0.1742586579,17.87,19.64,29.4875,33.4875,40.36315789,51.78421053,-0.9341615795,0.06926968292,-0.04789864526,0.5367212105,0.1620878,0.192467,0.15052175,0.189648,0.153256,0.208254,0.1199508246,0.1700229454,-0.05007212086,-0.3488515374,0.1109166107,0.1312838205,-0.02036720985,-0.1685828847,0.1095159795,0.1194621869,-0.009946207385,-0.08692942341,0.7854516225,-0.00181125,-0.1713653291,0.002967,0.0607584,0.01487719874,0.00147631357,0.01609486575,-0.004524698215,-0.2300395611,0.0029405,0.0782525,-0.3042682083,0.006496342105,0.109996,0.1088170064,0.07055707216,94.66000366,-0.08999633789,-0.0401713978,-0.0004129236102,0.1088170064,0.07055707216,0.09461495125,0.008294858474,0.004033591303,0.1485665013,0.02643243024,-0.0009973800462,-0.01394887044,1,0.01394887044,0.1389650243,0.06322964215,2.197782869,0.02389469476,0.006659253222,0.721308295,0.0002997931387,-0.006480213322,1,0,0
2012-11-21,-0.2203570099,0.9330420453,9.44849591e-05,-19.63103846,-38.84906454,0.6216401186,46.10095482,0.01335906429,23.80280924,-76,0.463283526,0.9094768041,33.79465304,244499170000,-1.850752881,0.003679910749,0,1.317041614e-15,2.4,91.6645,87.08,15.31000042,17.57999992,85.84999847,15.32999992,19.63999939,53.90000153,142,161,-0.58663,0.005967714286,193.8192286,0.1380158571,0.1378671429,0.1420402,0.1420078,0.142024,0.1379415,0.1512496316,0.151532,0.1513908158,15.18,16.15,25.51428571,28.15714286,37.96842105,44.09473684,-0.7957058071,0.06966752283,-0.03953529145,0.164046531,0.1300836,0.1596208,0.1222308571,0.1624317143,0.130816,0.1818436316,0.09054084797,0.1483001865,-0.05775933853,-0.493437399,0.1289751007,0.1443269666,-0.01535186596,-0.1124619596,0.1072821105,0.125326968,-0.01804485748,-0.1554641544,1.046291121,-0.0001487142857,-0.2039126779,0.0028282,0.0590744,0.002609337989,-0.001822128739,0.007212330193,-0.01226786075,-0.2824456826,0.004389785714,0.08040171429,-0.326410105,0.004939,0.1020552632,0.1482690687,0.03945206231,85.84999847,-8.810005188,-0.001304599099,0.0388667987,0.1482690687,0.03945206231,0.1171785822,0.02256363094,0.003625158608,0.1549295491,0.02286377151,-0.003568658728,0.002317493661,0,0,0.1254974567,0.08779599467,1.429421207,0.02688422544,0.006053952149,0.7748139644,-0.0006053010728,0.05350566935,0,0,0
2012-11-28,-0.273973233,1.003281925,9.574337542e-05,-7.352619666,10.77168485,5.049614738,53.47957369,0.01196209265,18.63746135,-72,0.689640002,0.9694529897,38.69382408,243091300000,2.179952796,0.02113033333,0,1.574951683e-15,2.38,91.33,86.1,15.51000023,17.20000076,80.38999939,15.72000027,19.40999985,52.29999924,136,161,-0.59453,0.006053285714,192.1346857,0.1379881429,0.1382504286,0.1418338,0.1413536,0.1415937,0.1381192857,0.1478130526,0.1476862632,0.1477496579,14.6,15.42,25.15,28.12142857,37.07894737,43.6,-0.7898067129,0.06813624993,-0.03958621706,0.8217280428,0.1299776,0.1604146,0.1230954286,0.162177,0.1304108947,0.1783715789,0.05065777714,0.1509795178,-0.1003217406,-1.092051418,0.1232379356,0.1496098484,-0.02637191281,-0.1939139724,0.1127807987,0.1287138184,-0.01593301974,-0.132145378,1.083193036,0.0002622857143,-0.2096268426,0.0036024,0.060874,0.001672903966,-0.00274603891,0.005262714357,-0.0009364340232,-0.2739947329,0.004516928571,0.07816314286,-0.310643824,0.006641578947,0.09592136842,0.1089619929,-0.03930707585,80.38999939,-5.459999084,-0.01335878083,-0.01205418173,0.1089619929,-0.03930707585,0.1284883132,0.01130973098,0.002468523691,0.1583986823,0.01534510204,-0.007518669477,0.00782533076,0,0,0.1155570596,0.10235961,1.128932199,0.02772064881,0.005337542067,0.8074524841,-0.0007164100824,0.03263851977,0,1,0
2012-12-05,-0.3593017441,1.445136243,9.021150152e-05,-24.5318481,8.580219641,4.205306989,52.4253551,0.01020226705,13.78236617,-40,0.7330705899,0.2752451257,54.11020185,248346080000,3.632675253,0.01084251181,0,1.410966162e-15,2.45,90.9423,87.36,16.45999908,17.82999992,82.98000336,15.97999954,19.62999916,52.29999924,135,160,-0.60366,0.005535571429,191.2448429,0.1499025,0.1497966429,0.1442065,0.143193,0.14369975,0.1498495714,0.1560644211,0.1560943158,0.1560793684,13.2,16.45,26.49285714,31.075,38.52631579,46.79210526,-0.8529154089,0.06785196798,-0.04294602668,0.3005086343,0.1332285,0.163981,0.1345487857,0.1757645,0.1364867895,0.1866846316,0.1077384892,0.09016999221,0.01756849701,0.1780102036,0.1220744011,0.1366916186,-0.01461721751,-0.1130967257,0.1158057286,0.1215420005,-0.005736271968,-0.04834585306,0.9121922556,-0.0001058571429,-0.2069415682,0.004905,0.061505,0.008408558399,0.01251899066,0.009588311353,0.006735654434,-0.2656393792,0.005307071429,0.08243142857,-0.3106576809,0.005506342105,0.1003956842,0.08323213338,-0.02572985947,82.98000336,2.590003967,0.03003751915,0.04339629997,0.08323213338,-0.02572985947,0.1009534069,-0.02753490628,0.0008052004413,0.1482230309,0.005403006087,-0.00994209595,0.001583607655,0,0,0.1120555202,0.09176022568,1.221177469,0.0240096693,0.005325070711,0.7782114095,-1.24713551e-05,-0.02924107462,0,0,0
2012-12-12,0.5138626792,2.0307756,4.978183011e-05,-27.83446444,-9.218752519,4.111820073,61.33394544,0.008823050147,12.48765507,68,0.8122396003,-0.7092177359,62.45005422,265059650000,1.577906462,0.01085414877,0,1.178181559e-15,2.51,90.7708,86.35,15.94999981,17.43000031,83.01999664,15.26000023,19.25,53.59999847,147,158,-0.61286,0.005783736842,193.2906105,0.1436956316,0.1430636316,0.137802,0.1384416667,0.1381218333,0.1433796316,0.1521153684,0.1522981053,0.1522067368,13.73333333,16.71666667,25.78157895,29.99736842,38.33421053,46.3,-0.8248195394,0.06765604367,-0.04109295846,0.3545704067,0.1286253333,0.1582406667,0.1308807368,0.1664003684,0.1350617895,0.1814769474,0.1219361125,0.05065777714,0.0712783354,0.8784044742,0.122295165,0.1314334026,-0.009138237558,-0.07206277091,0.1156910862,0.1166077851,-0.0009166988837,-0.007892450249,0.9166811292,-0.000632,-0.2064750325,0.005311166667,0.05923066667,0.008165510078,0.01651143046,0.0095695152,-0.0002430483215,-0.2389632637,0.005260921053,0.07103926316,-0.2932668422,0.006062631579,0.09283031579,0.09279000085,0.009557867473,83.01999664,0.03999328613,0.04521622346,0.01517870431,0.09279000085,0.009557867473,0.1044176513,0.003464244461,0.000829875885,0.1099995897,0.007487863273,0.002084857186,0.000448139334,0,0,0.05660053725,0.09575367973,0.5911056098,0.02195142958,0.004676690261,0.7869528157,-0.00064838045,0.008741406218,0,0,0
2012-12-19,0.5052006037,-0.4802072201,3.245088266e-05,-5.911969216,-7.23453403,3.355709908,59.3465093,0.008456139212,13.49693276,84,0.8894993987,-0.9983247186,57.62012066,262387570000,1.869517289,0.01007018309,0,1.167924781e-15,2.48,90.4896,89.09,17.36000061,17.86000061,83.33000183,18.46999931,19.05999947,57.79999924,154,154,-0.62246,0.005515,194.3402842,0.1522690526,0.1515246842,0.155797,0.154441,0.155119,0.1518968684,0.15710675,0.157267375,0.1571870625,19.15,18.05,29.73684211,29.40263158,43.2125,44.80625,-0.878561922,0.06767618425,-0.0435323634,0.5063548162,0.141104,0.179529,0.1356959474,0.1782660526,0.137587875,0.18499925,0.1820513211,0.1077384892,0.07431283184,0.5245817365,0.119398384,0.1352716605,-0.01587327652,-0.1248193901,0.1101281176,0.1233776894,-0.01324957181,-0.1136059027,0.8905493704,-0.0007443684211,-0.2396821288,0.0051975,0.07685,0.01183853997,0.0124543221,0.009485718383,0.003673029896,-0.2711799852,0.005084131579,0.08514021053,-0.2939446204,0.0041065,0.09482275,0.02880184231,-0.06398815855,83.33000183,0.310005188,-0.06009738735,-0.1053136108,0.02880184231,-0.06398815855,0.06718918335,-0.037228468,0.0007722730188,0.09657436408,0.007933227503,0.00044536423,-0.007618145563,1,0.007618145563,0.0466295081,0.08598811664,0.5422785139,0.02201488692,0.003716464773,0.8311840171,-0.0009602254888,0.0442312014,1,0,0
2012-12-26,0.2244470322,-0.6650051504,3.676853376e-05,6.30076262,-7.386766163,0.2126706254,50.10547897,0.008609161659,12.67197333,80,0.4497252014,-0.4765350424,59.46373085,257311000000,0.1241130432,-0.00533540072,0.002046832555,1.005371448e-15,2.48,91.0606,90.71,19.47999954,19.93000031,92.16999817,21.47999954,20.87000084,54.5,151,154,-0.63186,0.005037125,192.9507125,0.1660975,0.166899375,0.1763842,0.1755372,0.1759607,0.1664984375,0.169122875,0.1692615,0.1691921875,19.75,19.79,31.33125,33,42.775,50.90625,-0.9561307186,0.06794852641,-0.0477136942,0.3995993627,0.1558242,0.210164,0.145211875,0.200917625,0.147099875,0.2073345,0.170152468,0.1220256817,0.04812678634,0.3324633777,0.1157987307,0.1146173896,0.001181341072,0.01025406922,0.1099704497,0.1217121827,-0.01174173304,-0.101447409,0.6883991904,0.000801875,-0.2969483716,0.0070334,0.1086796,0.02480989222,0.01607190096,0.01381214089,0.01297135225,-0.3218780832,0.0065663125,0.1114115,-0.3398915526,0.008025,0.12046925,0.02310065572,-0.005701186581,92.16999817,8.839996338,-0.09310987163,-0.03301248429,0.02310065572,-0.005701186581,0.04716510385,-0.0200240795,0.0007720285184,0.09584895679,0.007990277846,5.705034283e-05,-0.00479895679,1,0.00479895679,0.05710053984,0.07478775534,0.7635011852,0.01694321354,0.003806067543,0.775363302,8.96027703e-05,-0.05582071517,0,0,1
2013-01-02,0.6154015255,-0.01250362665,5.436026926e-05,63.13617436,15.77864167,0.9707145279,63.93141017,0.01144580113,13.2060092,92,1.167110738,0.9994475864,48.18684921,259461070000,3.027235496,0.02310027655,0,1.390872694e-15,2.48,90.6941,93.14,14.68000031,16.69000053,78.76999664,12.93999958,18.62999916,61.09999847,159,150,-0.64136,0.005037125,192.9507125,0.1660975,0.166899375,0.1763842,0.1755372,0.1759607,0.1664984375,0.169122875,0.1692615,0.1691921875,19.75,19.79,31.33125,33,42.775,50.90625,-0.9561307186,0.06794852641,-0.0477136942,0.3995993627,0.1558242,0.210164,0.145211875,0.200917625,0.147099875,0.2073345,0.05557855608,0.1937154012,-0.1381368451,-1.248592633,0.0716364497,0.1376534594,-0.06601700968,-0.6531353445,0.09088612673,0.1384308191,-0.04754469235,-0.4207633313,0.8267552624,0.000801875,-0.2969483716,0.0070334,0.1086796,0.002601766017,-0.00656348873,0.00946290464,-0.02220812621,-0.3218780832,0.0065663125,0.1114115,-0.3398915526,0.008025,0.12046925,0.1369209937,0.1138203379,78.76999664,-13.40000153,0.1344668301,0.2275767017,0.1369209937,0.1138203379,0.1162371818,0.06907207798,0.0004773470624,0.1441910919,0.003299593649,-0.004690684197,0.02508611596,0,0,0.06745206665,0.1267997137,0.5319575625,0.02182363377,0.002875158888,0.8682548049,-0.000930908655,0.09289150295,0,0,0
2013-01-09,1.084882736,0.9554860485,8.645523686e-05,5.174800989,2.800013651,3.00145816,61.32310529,0.01033426158,16.82871247,12,0.8240577125,0.02111281102,47.28310999,255823450000,1.200401667,0.01326086432,0,1.440856248e-15,2.52,91.0088,93.08,13.81000042,16.5,78.51000214,11.60000038,18.36000061,56.29999924,164,146,-0.65659,0.005037125,192.9507125,0.1660975,0.166899375,0.1763842,0.1755372,0.1759607,0.1664984375,0.169122875,0.1692615,0.1691921875,19.75,19.79,31.33125,33,42.775,50.90625,-0.9561307186,0.06794852641,-0.0477136942,0.3995993627,0.1558242,0.210164,0.145211875,0.200917625,0.147099875,0.2073345,0.04509085644,0.173483043,-0.1283921866,-1.347400373,0.0868306564,0.1248123569,-0.03798170052,-0.3628517211,0.09442525943,0.1360882523,-0.04166299284,-0.365494973,0.7496308001,0.000801875,-0.2969483716,0.0070334,0.1086796,0.003493486719,0.0008658017378,0.0101059839,0.0008917207021,-0.3218780832,0.0065663125,0.1114115,-0.3398915526,0.008025,0.12046925,0.1947863504,0.0578653567,78.51000214,-0.2599945068,0.1905172384,0.05605040832,0.1947863504,0.0578653567,0.1127273097,-0.003509872105,0.000301169743,0.1467047667,0.002048691028,-0.001250902621,0.002652345359,0,0,0.06945489445,0.1272244344,0.5459241754,0.01873345831,0.003155333871,0.8315669313,0.0002801749827,-0.03668787362,0,0,0
2013-01-16,0.9770896725,0.9846401644,8.222412932e-05,-53.12005106,-13.72127395,1.923658969,64.47147049,0.009103255262,19.60333208,44,0.7772566959,0.5817738623,68.25511689,260081060000,5.005593754,0.01235585712,0,1.230122457e-15,2.49,90.596,94.28,13.42000008,16.23999977,77.26000214,11.82999992,17.95999908,53.20000076,158,147,-0.6708,0.005037125,192.9507125,0.1660975,0.166899375,0.1763842,0.1755372,0.1759607,0.1664984375,0.169122875,0.1692615,0.1691921875,19.75,19.79,31.33125,33,42.775,50.90625,-0.9561307186,0.06794852641,-0.0477136942,0.3995993627,0.1558242,0.210164,0.145211875,0.200917625,0.147099875,0.2073345,0.05712630566,0.05557855608,0.001547749573,0.02746726017,0.1087893757,0.121794974,-0.01300559832,-0.1129254103,0.1087013965,0.1340270065,-0.02532561,-0.2094366794,0.7315082103,0.000801875,-0.2969483716,0.0070334,0.1086796,0.003175624505,0.02787319205,0.01066275784,-0.0003178622141,-0.3218780832,0.0065663125,0.1114115,-0.3398915526,0.008025,0.12046925,0.2101341042,0.01534775386,77.26000214,-1.25,0.1344040712,-0.05611316716,0.2101341042,0.01534775386,0.1059112893,-0.006816020457,0.0002837878662,0.1383533127,0.002046983565,-1.707463663e-06,0.00019697251,0,0,0.06412377007,0.1209559594,0.5301414694,0.01757431824,0.002740302535,0.8440734657,-0.0004150313351,0.01250653438,1,0,0
2013-01-23,1.361407655,2.952130027,6.807342541e-05,-34.18082695,-0.733130327,2.371551418,71.82444911,0.006002673545,24.32788757,60,0.852300578,0.576259895,80.06618145,274706470000,1.932537894,0.0159208746,0,1.092599109e-15,2.52,90.8376,95.06,12.46000004,14.5,71.86000061,11.03999996,16.27000046,53.59999847,160,147,-0.68027,0.005037125,192.9507125,0.1660975,0.166899375,0.1763842,0.1755372,0.1759607,0.1664984375,0.169122875,0.1692615,0.1691921875,19.75,19.79,31.33125,33,42.775,50.90625,-0.9561307186,0.06794852641,-0.0477136942,0.3995993627,0.1558242,0.210164,0.145211875,0.200917625,0.147099875,0.2073345,0.1071682723,0.04325274484,0.06391552746,0.9073395417,0.1106676358,0.1221975336,-0.01152989773,-0.09910742516,0.1179052348,0.1261699863,-0.008264751541,-0.06774888879,0.7339260079,0.000801875,-0.2969483716,0.0070334,0.1086796,0.0005929228887,0.02909136801,0.01270713086,-0.002582701616,-0.3218780832,0.0065663125,0.1114115,-0.3398915526,0.008025,0.12046925,0.163723913,-0.04641019126,71.86000061,-5.400001526,0.1286231958,-0.005780875485,0.163723913,-0.04641019126,0.1220689971,0.01615770783,4.245335925e-05,0.1233629253,0.0003440154692,-0.001702968096,0.001506341924,0,0,0.04755864575,0.1158805123,0.410411076,0.01734919779,0.002416960586,0.860687473,-0.0003233419494,0.01661400731,0,0,0
2013-01-30,2.037832416,4.820024877,4.764408876e-05,-6.759090795,1.93486562,1.30378173,69.39363229,0.006101089174,32.22191584,80,0.8456469862,-0.6236045053,79.59997897,278716480000,2.031854293,0.01070290095,0,7.355234325e-16,2.57,90.8836,97.98,14.31999969,15.42000008,77.33999634,14.23999977,16.84000015,66.40000153,176,145,-0.68447,0.005037125,192.9507125,0.1660975,0.166899375,0.1763842,0.1755372,0.1759607,0.1664984375,0.169122875,0.1692615,0.1691921875,19.75,19.79,31.33125,33,42.775,50.90625,-0.9561307186,0.06794852641,-0.0477136942,0.3995993627,0.1558242,0.210164,0.145211875,0.200917625,0.147099875,0.2073345,0.1021763156,0.05284788945,0.04932842615,0.6592821285,0.1097548624,0.120177393,-0.01042253064,-0.09071957127,0.1189126624,0.1252523386,-0.006339676221,-0.05194111716,0.721792918,0.000801875,-0.2969483716,0.0070334,0.1086796,0.006063633327,0.02816926852,0.01293784797,0.005470710438,-0.3218780832,0.0065663125,0.1114115,-0.3398915526,0.008025,0.12046925,0.07681567073,-0.08690824224,77.33999634,5.479995728,0.005617972261,-0.1230052235,0.07681567073,-0.08690824224,0.09208820164,-0.02998079545,4.245335925e-05,0.09967935368,0.0004257179098,8.170244058e-05,-0.003907244672,1,0.003907244672,0.0236134753,0.1028128996,0.2296742471,0.0176242089,0.003181603097,0.8194754093,0.0007646425114,-0.04121206369,0,1,0
2013-02-06,-0.4639974828,0.9921399892,2.685439506e-05,27.2561251,-0.2302698339,-0.3400023987,65.5253855,0.007488074553,37.01803647,96,0.8419321151,0.8951328401,71.68170679,282392850000,1.759109476,0.009225928284,0.0071750097,7.205747869e-16,2.58,91.0176,96.44,13.40999985,15.14000034,77.23999786,12.03999996,16.77000046,62.79999924,173,149,-0.68232,0.005037125,192.9507125,0.1660975,0.166899375,0.1763842,0.1755372,0.1759607,0.1664984375,0.169122875,0.1692615,0.1691921875,19.75,19.79,31.33125,33,42.775,50.90625,-0.9561307186,0.06794852641,-0.0477136942,0.3995993627,0.1558242,0.210164,0.145211875,0.200917625,0.147099875,0.2073345,0.08910506878,0.1071682723,-0.01806320352,-0.184584016,0.1032629369,0.1172708217,-0.01400788481,-0.1272074545,0.1183254729,0.1142054501,0.00412002283,0.03544005242,0.7043358695,0.000801875,-0.2969483716,0.0070334,0.1086796,0.004230363958,0.01947712936,0.01558311149,-0.001833269369,-0.3218780832,0.0065663125,0.1114115,-0.3398915526,0.008025,0.12046925,0.1290082413,0.05219257055,77.23999786,-0.09999847412,0.1137873663,0.108169394,0.1290082413,0.05219257055,0.1076618281,0.01557362646,4.245335925e-05,0.08028858733,0.0005284801353,0.0001027622255,0.0005490198591,0,0,0.04501843073,0.07044026159,0.6391008453,0.01619812552,0.002445679883,0.8490146357,-0.0007359232146,0.02953922635,0,0,0
2013-02-13,-0.5233660316,1.512042376,2.498389834e-05,-0.00386856825,-2.449498677,-0.5492257024,67.39261648,0.006993323068,37.91104158,100,0.8462045711,0.004556792687,63.21567447,285880570000,1.343165595,0.008320803667,0.007373186191,7.16904529e-16,2.59,91.2709,97.03,12.97999954,14.63000011,73.25,11.09000015,16.35000038,61.70000076,176,147,-0.67824,0.005037125,192.9507125,0.1660975,0.166899375,0.1763842,0.1755372,0.1759607,0.1664984375,0.169122875,0.1692615,0.1691921875,19.75,19.79,31.33125,33,42.775,50.90625,-0.9561307186,0.06794852641,-0.0477136942,0.3995993627,0.1558242,0.210164,0.145211875,0.200917625,0.147099875,0.2073345,0.1551882641,0.1021763156,0.05301194852,0.4179390818,0.1067313045,0.09994003779,0.006791266656,0.06574411873,0.1188057913,0.1093071963,0.009498595038,0.08332792149,0.6002461002,0.000801875,-0.2969483716,0.0070334,0.1086796,0.006860027657,0.02052216848,0.01667793315,0.0026296637,-0.3218780832,0.0065663125,0.1114115,-0.3398915526,0.008025,0.12046925,0.1271186926,-0.001889548648,73.25,-3.989997864,0.1704237478,0.05663638158,0.1271186926,-0.001889548648,0.1175666612,0.009904833112,3.491347796e-05,0.07937712651,0.0004396496799,-8.883045535e-05,0.0005920877748,0,0,0.04540354981,0.06762307091,0.6714209988,0.01237580347,0.002387792311,0.8070596129,-5.788757146e-05,-0.04195502275,1,0,0
2013-02-20,-0.3581907788,1.149707224,2.602662027e-05,-11.87204596,4.767675941,-1.546794702,56.78651718,0.007668429678,38.19123475,92,0.5471856009,-0.9447086987,54.50188268,285310140000,-0.08063157068,-0.0009711456991,0.008612925431,7.674619609e-16,2.54,91.6689,94.92,14.68000031,15.40999985,79.65000153,15.35999966,16.81999969,57.90000153,175,147,-0.67992,0.005037125,192.9507125,0.1660975,0.166899375,0.1763842,0.1755372,0.1759607,0.1664984375,0.169122875,0.1692615,0.1691921875,19.75,19.79,31.33125,33,42.775,50.90625,-0.9561307186,0.06794852641,-0.0477136942,0.3995993627,0.1558242,0.210164,0.145211875,0.200917625,0.147099875,0.2073345,0.143205227,0.08334085538,0.05986437162,0.5413398656,0.1053351404,0.08210537892,0.02322976148,0.2491435494,0.1170344093,0.1072821105,0.009752298794,0.08700607646,0.4931300267,0.000801875,-0.2969483716,0.0070334,0.1086796,0.01480894765,0.02401646977,0.01711654507,0.007948919991,-0.3218780832,0.0065663125,0.1114115,-0.3398915526,0.008025,0.12046925,0.04972748822,-0.07739120442,79.65000153,6.400001526,-0.0442707921,-0.21469454,0.04972748822,-0.07739120442,0.09149901761,-0.0260676436,0,0.09400196705,0,-0.0004396496799,-0.01248171143,1,0.01248171143,0.06354723993,0.06679264742,0.9514107073,0.01051357174,0.003772278495,0.6411991484,0.001384486183,-0.1658604645,0,0,0
2013-02-27,-0.7523979165,0.3081846307,5.935619588e-05,81.9429339,27.17968599,-3.854127154,55.91657767,0.009348896902,29.49916243,76,0.6206102403,0.6753989091,45.69593001,287970940000,-0.1278098073,0.002216422439,0.009860584668,1.0966496e-15,2.52,92.234,92.84,14.72999954,15.65999985,82.29000092,14.90999985,17.03000069,58.40999985,164,149,-0.68823,0.005037125,192.9507125,0.1660975,0.166899375,0.1763842,0.1755372,0.1759607,0.1664984375,0.169122875,0.1692615,0.1691921875,19.75,19.79,31.33125,33,42.775,50.90625,-0.9561307186,0.06794852641,-0.0477136942,0.3995993627,0.1558242,0.210164,0.145211875,0.200917625,0.147099875,0.2073345,0.05241895284,0.1552198872,-0.1028009343,-1.085574517,0.08376565907,0.1086072614,-0.02484160229,-0.2597151414,0.1083904999,0.1151275692,-0.006737069322,-0.06030036529,0.6523019854,0.000801875,-0.2969483716,0.0070334,0.1086796,0.009901751433,0.006868954569,0.01537163913,-0.004907196215,-0.3218780832,0.0065663125,0.1114115,-0.3398915526,0.008025,0.12046925,0.06313647889,0.01340899067,82.29000092,2.63999939,-0.0120724552,0.0321983369,0.06313647889,0.01340899067,0.0874840902,-0.004014927407,0,0.1296188988,0,0,0.01264569912,0,0,0.09381637747,0.08472189692,1.107345101,0.01650618525,0.004710648035,0.7146131609,0.00093836954,0.07341401253,0,1,0
2013-03-06,-1.021845097,1.485492032,5.699349444e-05,27.77878103,-39.7192299,1.075478214,64.44966323,0.01032090263,24.69083195,24,1.000447015,-0.06163341369,47.917699,298456240000,1.425849711,0.01654400739,0.006745975851,9.126797603e-16,2.56,92.4965,90.47,13.52999973,15.02999973,78.77999878,12.22000027,16.54000092,56.5,170,147,-0.70148,0.005037125,192.9507125,0.1660975,0.166899375,0.1763842,0.1755372,0.1759607,0.1664984375,0.169122875,0.1692615,0.1691921875,19.75,19.79,31.33125,33,42.775,50.90625,-0.9561307186,0.06794852641,-0.0477136942,0.3995993627,0.1558242,0.210164,0.145211875,0.200917625,0.147099875,0.2073345,0.06349405394,0.143205227,-0.07971117307,-0.8133324925,0.1237322354,0.1106540924,0.01307814304,0.1117107882,0.1133426248,0.1157474632,-0.002404838327,-0.02099546678,0.6645953803,0.000801875,-0.2969483716,0.0070334,0.1086796,0.006061761116,0.0104544309,0.01522852108,-0.003839990317,-0.3218780832,0.0065663125,0.1114115,-0.3398915526,0.008025,0.12046925,0.1108647472,0.04772826831,78.77999878,-3.510002136,0.1072012633,0.1192737185,0.1108647472,0.04772826831,0.1004658157,0.01298172546,0,0.1153839449,0,0,0.001083925055,0,0,0.08269466201,0.0778172344,1.062677987,0.0164479444,0.004203616241,0.7444290825,-0.0005070317935,0.02981592162,0,0,0
2013-03-13,-1.140177904,1.991164328,5.238151166e-05,-41.28997696,-8.958544133,2.514812921,67.22102796,0.009079978061,26.45206623,40,0.8701004831,0.5405425671,70.35857052,308633210000,4.48096549,0.01783121306,0.006244967157,9.32762912e-16,2.56,92.4709,92.47,11.82999992,14.51000023,84.36000061,11.42000008,16.20999908,54.59999847,177,145,-0.72157,0.005037125,192.9507125,0.1660975,0.166899375,0.1763842,0.1755372,0.1759607,0.1664984375,0.169122875,0.1692615,0.1691921875,19.75,19.79,31.33125,33,42.775,50.90625,-0.9561307186,0.06794852641,-0.0477136942,0.3995993627,0.1558242,0.210164,0.145211875,0.200917625,0.147099875,0.2073345,0.09229962798,0.05241895284,0.03988067514,0.5657718896,0.1295457833,0.1100154492,0.01953033409,0.1634135544,0.1215563136,0.1145631724,0.006993141191,0.05925124686,0.6607596495,0.000801875,-0.2969483716,0.0070334,0.1086796,0.001891490756,0.02821442133,0.01550127583,-0.00417027036,-0.3218780832,0.0065663125,0.1114115,-0.3398915526,0.008025,0.12046925,0.2265427153,0.1156779681,84.36000061,5.580001831,0.03590191284,-0.07129935044,0.2265427153,0.1156779681,0.1171604982,0.01669468253,6.871830334e-05,0.1151864666,0.0005962274356,0.0005962274356,0.001313189157,0,0,0.08285879523,0.07788659425,1.063838983,0.01556377875,0.003460379689,0.7776645541,-0.0007432365522,0.03323547154,1,0,0
2013-03-20,-0.8892139431,1.249005401,5.42027585e-05,-16.6116285,9.671820284,0.1570303359,63.98724803,0.007354535774,25.55154005,52,0.7612542118,0.5688233502,61.83413909,303304940000,2.197089617,0.008288765489,0.004451374305,9.540432003e-16,2.53,92.4141,93.21,12.67000008,14.93000031,89.44999695,13.64999962,16.62000084,55.79999924,170,147,-0.73909,0.005037125,192.9507125,0.1660975,0.166899375,0.1763842,0.1755372,0.1759607,0.1664984375,0.169122875,0.1692615,0.1691921875,19.75,19.79,31.33125,33,42.775,50.90625,-0.9561307186,0.06794852641,-0.0477136942,0.3995993627,0.1558242,0.210164,0.145211875,0.200917625,0.147099875,0.2073345,0.1035445773,0.06349405394,0.04005052331,0.4890559553,0.1332909592,0.09965574786,0.03363521138,0.2908126767,0.1272720816,0.1103530649,0.01691901676,0.1426422634,0.5985386371,0.000801875,-0.2969483716,0.0070334,0.1086796,0.006121622111,0.02693067306,0.01644819738,0.004230131355,-0.3218780832,0.0065663125,0.1114115,-0.3398915526,0.008025,0.12046925,0.1783741291,-0.04816858627,89.44999695,5.089996338,-0.07179484027,-0.1076967531,0.1783741291,-0.04816858627,0.113194943,-0.003965555158,8.037344707e-05,0.1082565664,0.0007418840444,0.0001456566088,0.006675163816,0,0,0.07335322525,0.07960804621,0.9214297893,0.0143103093,0.00437904122,0.6939939503,0.0009186615307,-0.0836706038,0,0,0
2013-03-27,-0.01640302078,-0.3187543717,2.808717171e-05,25.22846412,3.931555183,-0.758479894,61.68969881,0.007746378771,21.97044895,76,0.7648927161,0.799510512,54.30656001,299786930000,0.4260326308,0.005390528913,0.005337962674,7.852517824e-16,2.51,92.446,96.53,13.14999962,14.93000031,85.31999969,12.28999996,16.76000023,56.09999847,162,150,-0.75105,0.005037125,192.9507125,0.1660975,0.166899375,0.1763842,0.1755372,0.1759607,0.1664984375,0.169122875,0.1692615,0.1691921875,19.75,19.79,31.33125,33,42.775,50.90625,-0.9561307186,0.06794852641,-0.0477136942,0.3995993627,0.1558242,0.210164,0.145211875,0.200917625,0.147099875,0.2073345,0.103763909,0.09229962798,0.01146428101,0.1170781018,0.1315296687,0.106362486,0.02516718276,0.2123795046,0.1396892724,0.1074653785,0.03222389388,0.2622517377,0.6388197244,0.000801875,-0.2969483716,0.0070334,0.1086796,0.005979270578,0.02244294662,0.01707718874,-0.000142351533,-0.3218780832,0.0065663125,0.1114115,-0.3398915526,0.008025,0.12046925,0.1353612729,-0.04301285619,85.31999969,-4.129997253,0.06997556219,0.1417704025,0.1353612729,-0.04301285619,0.1225719951,0.009377052029,0.0002540426033,0.07464249343,0.003391913923,0.002650029878,-0.0005885230526,1,0.0005885230526,0.03988991382,0.06554029506,0.6086318925,0.01587643257,0.004563454155,0.7125642594,0.0001844129349,0.01857030913,0,1,1
2013-04-03,-0.2241938922,-0.836875689,2.429065677e-05,13.73822963,0.8642678094,-1.359293594,53.50970803,0.008681169212,20.72587925,96,0.4260600223,-0.6409869311,47.23885719,299589810000,-0.4491580691,-0.002717446241,0.007059662307,8.513844791e-16,2.48,92.104,95.02,14.21000004,15.48999977,85.23000336,14.30000019,17.13999939,57.90000153,159,152,-0.76079,0.005037125,192.9507125,0.1660975,0.166899375,0.1763842,0.1755372,0.1759607,0.1664984375,0.169122875,0.1692615,0.1691921875,19.75,19.79,31.33125,33,42.775,50.90625,-0.9561307186,0.06794852641,-0.0477136942,0.3995993627,0.1558242,0.210164,0.145211875,0.200917625,0.147099875,0.2073345,0.1828265832,0.1071632593,0.07566332387,0.5341846109,0.1275785414,0.1118749217,0.0157036197,0.1313507092,0.1423307827,0.09382404556,0.04850673719,0.4167326322,0.6719277574,0.000801875,-0.2969483716,0.0070334,0.1086796,0.007676411999,0.01947820379,0.01982304479,0.001697141421,-0.3218780832,0.0065663125,0.1114115,-0.3398915526,0.008025,0.12046925,0.09007739124,-0.04528388163,85.23000336,-0.08999633789,-0.00629371688,-0.07626927907,0.09007739124,-0.04528388163,0.1065203126,-0.01605168242,0.0002561359242,0.08303106302,0.003075333634,-0.0003165802888,-0.01060213322,1,0.01060213322,0.0570209691,0.05797237942,0.9835885584,0.01718447682,0.004668478707,0.7283316358,0.0001050245524,0.01576737634,0,0,0
2013-04-10,-0.3420531389,-0.9763831085,3.015637854e-05,13.65557359,10.481002,0.06044768496,65.61964638,0.009137466771,17.82828975,100,1.248945607,0.8690157988,63.50983687,309018320000,1.980869909,0.01720265044,0.0073091743,1.022453897e-15,2.44,91.9598,94.59,12.35999966,14.11999989,82.75,11.47000027,16.13999939,53.90000153,160,148,-0.77,0.005037125,192.9507125,0.1660975,0.166899375,0.1763842,0.1755372,0.1759607,0.1664984375,0.169122875,0.1692615,0.1691921875,19.75,19.79,31.33125,33,42.775,50.90625,-0.9561307186,0.06794852641,-0.0477136942,0.3995993627,0.1558242,0.210164,0.145211875,0.200917625,0.147099875,0.2073345,0.1839920054,0.1040608493,0.0799311561,0.5699164901,0.1293999716,0.08957134159,0.03982862998,0.3678727418,0.1412585518,0.09629712275,0.04496142903,0.3831534714,0.5379710641,0.000801875,-0.2969483716,0.0070334,0.1086796,0.007253933916,0.02013350758,0.01935286046,-0.000422478083,-0.3218780832,0.0065663125,0.1114115,-0.3398915526,0.008025,0.12046925,0.1423948445,0.05231745324,82.75,-2.480003357,0.07759366774,0.08388738462,0.1423948445,0.05231745324,0.1430594561,0.03653914348,0.0002646033551,0.09576375123,0.002755471093,-0.0003198625412,0.01211544333,0,0,0.05841118176,0.07503533298,0.7784490245,0.01143345626,0.003410431028,0.701714779,-0.001258047679,-0.02661685677,0,0,0
2013-04-17,-1.001515482,1.817244352,7.339412468e-05,52.66182414,-3.9801271,-2.387883011,47.88476675,0.0114096129,17.56357555,64,0.2588390904,-0.4611355542,54.36230256,303950240000,-0.6503795294,-0.009584696714,0.01197000621,1.322510531e-15,2.37,92.1372,86.65,16.51000023,16.93000031,105.2600021,18.77000046,18.15999985,52,149,149,-0.7815,0.005037125,192.9507125,0.1660975,0.166899375,0.1763842,0.1755372,0.1759607,0.1664984375,0.169122875,0.1692615,0.1691921875,19.75,19.79,31.33125,33,42.775,50.90625,-0.9561307186,0.06794852641,-0.0477136942,0.3995993627,0.1558242,0.210164,0.145211875,0.200917625,0.147099875,0.2073345,0.1029382989,0.1828265832,-0.0798882843,-0.5744083018,0.09337252826,0.1220971135,-0.02872458527,-0.2682195687,0.1289196486,0.1159553704,0.01296427828,0.1059839528,0.733322879,0.000801875,-0.2969483716,0.0070334,0.1086796,0.01235030562,-0.002463391584,0.0151803484,0.005096371707,-0.3218780832,0.0065663125,0.1114115,-0.3398915526,0.008025,0.12046925,0.02543913207,-0.1169557124,105.2600021,22.51000214,-0.1204049107,-0.1979985784,0.02543913207,-0.1169557124,0.07265206852,-0.0704073876,0.0003091482279,0.1463244131,0.00210830471,-0.0006471663825,-0.01443131369,1,0.01443131369,0.1115686582,0.08897417733,1.253944252,0.02049878587,0.005591080743,0.7272482001,0.002180649714,0.02553342114,1,0,0
2013-04-24,-0.9630831798,0.8341674782,8.769444631e-05,9.968316535,-23.81638465,-0.9036757194,56.40781549,0.01175627832,16.08190183,-20,0.7280691448,-0.1694415245,61.01394251,313772580000,1.005719086,0.00800269842,0.008984500292,1.255207735e-15,2.38,92.4581,91.07,13.60999966,14.97000027,84.98999786,13.31999969,16.70999908,49.79999924,150,147,-0.79568,0.005037125,192.9507125,0.1660975,0.166899375,0.1763842,0.1755372,0.1759607,0.1664984375,0.169122875,0.1692615,0.1691921875,19.75,19.79,31.33125,33,42.775,50.90625,-0.9561307186,0.06794852641,-0.0477136942,0.3995993627,0.1558242,0.210164,0.145211875,0.200917625,0.147099875,0.2073345,0.09129358438,0.1839920054,-0.09269842107,-0.7008117926,0.1100755903,0.1291735751,-0.01909798478,-0.1599897288,0.1259635667,0.1193313968,0.006632169921,0.05408824246,0.7758245486,0.000801875,-0.2969483716,0.0070334,0.1086796,0.001837396556,-0.002890890124,0.01438601404,-0.01051290907,-0.3218780832,0.0065663125,0.1114115,-0.3398915526,0.008025,0.12046925,0.09992657198,0.07448743991,84.98999786,-20.27000427,0.02177176941,0.1421766801,0.09992657198,0.07448743991,0.1162323839,0.04358031534,0.0002037701092,0.1468887358,0.001385319448,-0.0007229852616,6.340170073e-06,0,0,0.1095653756,0.09250586919,1.184415395,0.02352495382,0.006839141313,0.7092814139,0.00124806057,-0.0179667862,0,0,0
2013-05-01,-1.004481179,1.069046862,8.524492084e-05,-32.18477492,-5.391035319,1.328310099,55.16253169,0.01101913536,16.97376256,32,0.6556865916,-0.8254554185,55.21039455,317588490000,1.954441374,0.006644190832,0.008251186727,1.257119389e-15,2.3,91.4331,90.74,14.48999977,15.60999966,88.11000061,15.02999973,16.95000076,49,146,147,-0.81369,0.005037125,192.9507125,0.1660975,0.166899375,0.1763842,0.1755372,0.1759607,0.1664984375,0.169122875,0.1692615,0.1691921875,19.75,19.79,31.33125,33,42.775,50.90625,-0.9561307186,0.06794852641,-0.0477136942,0.3995993627,0.1558242,0.210164,0.145211875,0.200917625,0.147099875,0.2073345,0.07227547245,0.1029382989,-0.03066282646,-0.3536449443,0.1241547606,0.1320050358,-0.007850275159,-0.06131121475,0.1237693366,0.1170199422,0.006749394436,0.05607527845,0.7928304781,0.000801875,-0.2969483716,0.0070334,0.1086796,0.003570679858,0.02036587456,0.01493232944,0.001733283302,-0.3218780832,0.0065663125,0.1114115,-0.3398915526,0.008025,0.12046925,0.07729467931,-0.02263189267,88.11000061,3.120002747,-0.03592814181,-0.05769991122,0.07729467931,-0.02263189267,0.08584248147,-0.03038990239,0.0004439710694,0.145741179,0.003037046302,0.001651726853,-0.00935147265,1,0.00935147265,0.1071228826,0.09456945058,1.132742995,0.02511411854,0.00768878906,0.6938459517,0.0008496477475,-0.01543546222,0,0,0
2013-05-08,-1.140073606,1.24246844,8.879412799e-05,-25.67648795,5.502301768,4.737427046,68.57741811,0.008039756744,22.44248495,56,0.9834307932,0.9821255571,86.00323249,334485870000,4.49215625,0.02623035305,0.007688226121,1.244843359e-15,2.29,91.1848,96.24,12.65999985,14.39999962,79.80999756,11.27000046,16.12000084,49.49000168,159,143,-0.82918,0.005037125,192.9507125,0.1660975,0.166899375,0.1763842,0.1755372,0.1759607,0.1664984375,0.169122875,0.1692615,0.1691921875,19.75,19.79,31.33125,33,42.775,50.90625,-0.9561307186,0.06794852641,-0.0477136942,0.3995993627,0.1558242,0.210164,0.145211875,0.200917625,0.147099875,0.2073345,0.09827084246,0.09129358438,0.006977258079,0.07364684977,0.1477496938,0.1307992969,0.01695039689,0.1218555202,0.1231857505,0.1182070096,0.004978740925,0.04125597701,0.7855887352,0.000801875,-0.2969483716,0.0070334,0.1086796,-0.001080896463,0.0226276494,0.0146530992,-0.004651576321,-0.3218780832,0.0065663125,0.1114115,-0.3398915526,0.008025,0.12046925,0.1374407419,0.06014606256,79.80999756,-8.300003052,0.1233362319,0.1592643737,0.1374407419,0.06014606256,0.1194445324,0.03360205091,0.0004689328692,0.1452387822,0.003218311872,0.0001812655702,0.004130538867,0,0,0.1060277728,0.09656764876,1.097963698,0.02606131309,0.00895285701,0.656469458,0.00126406795,-0.03737649371,0,0,0
2013-05-15,-0.9096363849,0.4552537801,4.699046468e-05,-10.41840083,0.3704575744,4.632125557,73.3356384,0.007540825703,31.23939847,76,0.9482729453,0.6340347667,78.46872265,344140770000,4.089460065,0.0266325989,0,9.996078328e-16,2.3,92.7691,93.95,12.81000042,15.05000019,83.15000153,13.63000011,16.93000031,57.74000168,168,142,-0.83883,0.005037125,192.9507125,0.1660975,0.166899375,0.1763842,0.1755372,0.1759607,0.1664984375,0.169122875,0.1692615,0.1691921875,19.75,19.79,31.33125,33,42.775,50.90625,-0.9561307186,0.06794852641,-0.0477136942,0.3995993627,0.1558242,0.210164,0.145211875,0.200917625,0.147099875,0.2073345,0.09387032192,0.07227547245,0.02159484947,0.261429451,0.1539067266,0.1275785414,0.02632818523,0.1876145618,0.1222573552,0.1197379918,0.002519363403,0.02082233779,0.7662446767,0.000801875,-0.2969483716,0.0070334,0.1086796,0.0001333268454,0.02573842403,0.01428880963,0.001214223308,-0.3218780832,0.0065663125,0.1114115,-0.3398915526,0.008025,0.12046925,0.1748633644,0.03742262251,83.15000153,3.340003967,-0.06016138576,-0.1834976176,0.1748633644,0.03742262251,0.1249169495,0.005472417163,0.004307459173,0.08896861393,0.04617967963,0.04296136776,0.00510110349,0,0,0.04343076751,0.09202925732,0.4719234814,0.02512190391,0.008845619679,0.6478921458,-0.0001072373315,-0.008577312195,1,0,0
2013-05-22,-0.3844805623,-0.1242207049,2.89879811e-05,36.26533089,41.56512394,2.082227154,64.64465456,0.008545459271,39.77351813,96,0.7438955605,-0.6612746004,76.3923139,339945810000,2.340029403,0.007715074391,0.00546930477,9.3283192e-16,2.27,93.3104,93.98,13.81999969,15.81999969,88.23000336,14.05000019,17.52000046,65.40000153,177,141,-0.83568,0.005037125,192.9507125,0.1660975,0.166899375,0.1763842,0.1755372,0.1759607,0.1664984375,0.169122875,0.1692615,0.1691921875,19.75,19.79,31.33125,33,42.775,50.90625,-0.9561307186,0.06794852641,-0.0477136942,0.3995993627,0.1558242,0.210164,0.145211875,0.200917625,0.147099875,0.2073345,0.1302323754,0.09827084246,0.03196153292,0.2815929924,0.1529823849,0.1293999716,0.02358241337,0.1674146213,0.1232153452,0.1104248333,0.01279051191,0.1095985508,0.7771842998,0.000801875,-0.2969483716,0.0070334,0.1086796,0.002354886514,0.02130500947,0.01643235251,0.002221559669,-0.3218780832,0.0065663125,0.1114115,-0.3398915526,0.008025,0.12046925,0.1447178035,-0.0301455609,88.23000336,5.080001831,-0.01637014184,0.04379124393,0.1447178035,-0.0301455609,0.1074589631,-0.01745798647,0.007393818995,0.09165612475,0.07464738207,0.02846770244,-0.008308074266,1,0.008308074266,0.05010459772,0.08500471779,0.58943314,0.02659544501,0.00985109237,0.6295947533,0.001005472691,-0.01829739247,0,0,0
2013-05-29,-0.2903925878,-0.627559869,3.520545638e-05,38.83079756,-14.60432429,-2.111224115,58.72896072,0.009982215544,36.51669906,84,0.5958146668,0.00605182848,55.42487794,333112480000,0.8973516936,-0.001830063127,0.004944014092,9.266700767e-16,2.23,93.531,93.13,14.82999992,16.14999962,81.72000122,15.76000023,17.70999908,81.19999695,183,143,-0.81893,0.005037125,192.9507125,0.1660975,0.166899375,0.1763842,0.1755372,0.1759607,0.1664984375,0.169122875,0.1692615,0.1691921875,19.75,19.79,31.33125,33,42.775,50.90625,-0.9561307186,0.06794852641,-0.0477136942,0.3995993627,0.1558242,0.210164,0.145211875,0.200917625,0.147099875,0.2073345,0.1531114701,0.09581742058,0.05729404952,0.4687217072,0.1574675579,0.1047066917,0.05276086618,0.4080564263,0.1242101662,0.1100137871,0.0141963791,0.1213693245,0.6288749211,0.000801875,-0.2969483716,0.0070334,0.1086796,0.01102939848,0.02178118986,0.01652296297,0.008674511964,-0.3218780832,0.0065663125,0.1114115,-0.3398915526,0.008025,0.12046925,0.08900874589,-0.05570905759,81.72000122,-6.510002136,-0.05901017079,-0.04264002896,0.08900874589,-0.05570905759,0.09659439646,-0.01086456661,0.01641408824,0.09316994825,0.1497853955,0.07513801339,-0.007072936243,1,0.007072936243,0.05665537378,0.08247015052,0.686980361,0.01853930277,0.007575811471,0.591364812,-0.002275280899,-0.03822994131,0,1,0
2013-06-05,-0.4797117472,-0.1409139334,4.144213669e-05,59.88004142,4.659823856,-7.312330317,42.31889164,0.01215250084,28.24752644,60,-0.1035271517,-0.8370791146,34.18302994,329177380000,-3.512503812,-0.02468827013,0.005859365138,9.461495964e-16,2.16,93.275,93.66,17.5,18,93.18000031,18.54000092,19.12000084,83.59999847,180,153,-0.78964,0.005037125,192.9507125,0.1660975,0.166899375,0.1763842,0.1755372,0.1759607,0.1664984375,0.169122875,0.1692615,0.1691921875,19.75,19.79,31.33125,33,42.775,50.90625,-0.9561307186,0.06794852641,-0.0477136942,0.3995993627,0.1558242,0.210164,0.145211875,0.200917625,0.147099875,0.2073345,0.1636520203,0.1192646802,0.04438734009,0.3163971194,0.1433502708,0.1077371327,0.0356131381,0.2855967777,0.1210044624,0.1180850422,0.002919420208,0.02442236282,0.6470759383,0.000801875,-0.2969483716,0.0070334,0.1086796,0.01901771024,0.016738104,0.01468191912,0.007988311766,-0.3218780832,0.0065663125,0.1114115,-0.3398915526,0.008025,0.12046925,0.02857142857,-0.06043731732,93.18000031,11.45999908,-0.05609497649,0.002915194299,0.02857142857,-0.06043731732,0.06222226885,-0.03437212761,0.0177138689,0.1035265864,0.1461052654,-0.003680130079,-0.01387555454,1,0.01387555454,0.08680550677,0.06733916799,1.289078992,0.01889917076,0.007291881008,0.6141692618,-0.0002839304631,0.02280444974,0,0,0
2013-06-12,-0.1717765794,-0.9482150284,6.54545353e-05,13.19741438,10.17559124,-5.604331139,44.1959016,0.01272188295,22.22228265,-40,0.03408499754,-0.8805538975,27.29375544,326479760000,-2.247815022,-0.01532360039,0.003551172472,1.110519273e-15,2.04,92.4775,95.98,18.59000015,19.06999969,101.7699966,19.10000038,19.96999931,81.90000153,191,158,-0.75205,0.005037125,192.9507125,0.1660975,0.166899375,0.1763842,0.1755372,0.1759607,0.1664984375,0.169122875,0.1692615,0.1691921875,19.75,19.79,31.33125,33,42.775,50.90625,-0.9561307186,0.06794852641,-0.0477136942,0.3995993627,0.1558242,0.210164,0.145211875,0.200917625,0.147099875,0.2073345,0.206495426,0.1531114701,0.05338395585,0.2991120429,0.1315762576,0.1207384307,0.01083782696,0.08596011378,0.1151909737,0.1239402988,-0.008749325104,-0.07320859649,0.725162545,0.000801875,-0.2969483716,0.0070334,0.1086796,0.01998104193,0.007519045667,0.01326479863,0.0009633316804,-0.3218780832,0.0065663125,0.1114115,-0.3398915526,0.008025,0.12046925,0.02582030868,-0.002751119895,101.7699966,8.589996338,-0.02670158213,0.02939339436,0.02582030868,-0.002751119895,0.04719452716,-0.01502774169,0.02314397699,0.1154444611,0.1669978918,0.02089262639,-0.008404776908,1,0.008404776908,0.09781160253,0.07583588025,1.289780012,0.02084000521,0.006262236569,0.699508877,-0.001029644439,0.08533961527,0,0,0
2013-06-19,0.05427419888,-1.055454494,7.482986565e-05,-0.2266475404,1.570727659,-1.694495482,49.165421,0.01323875288,18.30865614,-40,0.3373901989,-0.9982990992,39.5692726,329631980000,-0.7004297635,-0.001961531552,0.007041268087,1.378568656e-15,2.04,92.4755,98.24,16.63999939,17.78000069,88.58999634,17.62000084,19.02000046,86.90000153,202,157,-0.71459,0.005037125,192.9507125,0.1660975,0.166899375,0.1763842,0.1755372,0.1759607,0.1664984375,0.169122875,0.1692615,0.1691921875,19.75,19.79,31.33125,33,42.775,50.90625,-0.9561307186,0.06794852641,-0.0477136942,0.3995993627,0.1558242,0.210164,0.145211875,0.200917625,0.147099875,0.2073345,0.1709119137,0.1636520203,0.00725989342,0.04340595321,0.1180244436,0.1293921552,-0.01136771163,-0.09195600389,0.1076953317,0.1300795074,-0.02238417569,-0.188839621,0.7771373541,0.000801875,-0.2969483716,0.0070334,0.1086796,0.01094662815,0.004180184194,0.01170531806,-0.00903441378,-0.3218780832,0.0065663125,0.1114115,-0.3398915526,0.008025,0.12046925,0.06850969584,0.04268938717,88.58999634,-13.18000031,-0.05561869483,-0.0289171127,0.06850969584,0.04268938717,0.06974126677,0.02254673961,0.02427354132,0.1353645058,0.1520536098,-0.01494428196,-0.01394830133,1,0.01394830133,0.110151411,0.09083887759,1.21260207,0.02220814126,0.005465811436,0.7538825347,-0.0007964251322,0.05437365765,1,0,0
2013-06-26,-0.2266473708,-0.8310032622,0.0001196593345,7.761938347,-17.4708041,-5.764344141,45.932961,0.01435156239,24.12968308,-88,0.2908296276,0.5096206246,50.97445398,333156260000,-2.407463274,-0.007253065534,0.004779809046,1.599535355e-15,1.95,94.3807,95.47,17.20999908,18.81999969,90.76000214,17.02000046,20.11000061,103.5,216,170,-0.68647,0.005037125,192.9507125,0.1660975,0.166899375,0.1763842,0.1755372,0.1759607,0.1664984375,0.169122875,0.1692615,0.1691921875,19.75,19.79,31.33125,33,42.775,50.90625,-0.9561307186,0.06794852641,-0.0477136942,0.3995993627,0.1558242,0.210164,0.145211875,0.200917625,0.147099875,0.2073345,0.08548396761,0.206495426,-0.1210114583,-0.8819494168,0.07648417105,0.1535042141,-0.07702004302,-0.6966442148,0.09146356795,0.1436811666,-0.05221759865,-0.4516559954,0.9219558837,0.000801875,-0.2969483716,0.0070334,0.1086796,0.006054863111,-0.011678193,0.007981718677,-0.004891765035,-0.3218780832,0.0065663125,0.1114115,-0.3398915526,0.008025,0.12046925,0.09355030192,0.02504060608,90.76000214,2.170005798,0.01116325626,0.06678195109,0.09355030192,0.02504060608,0.06854415178,-0.001197114996,0.02648652788,0.1607198941,0.141483009,-0.01057060084,0.009544789666,0,0,0.1431294642,0.1005561466,1.423378569,0.02947692897,0.005913385228,0.7993893721,0.0004475737913,0.04550683745,0,1,1
2013-07-03,-0.5813657987,-0.4221769576,0.0001161585387,-11.01095244,-7.643671635,0.2176314398,49.51888221,0.013128463,21.55132988,-68,0.4810244542,0.50556521,44.29447014,333297220000,-1.441697843,0.003990581092,0.0014705935,1.406814351e-15,2.04,94.4767,101.92,16.20000076,17.80999947,82.72000122,15.93999958,19.18000031,109.3000031,216,166,-0.67472,0.005037125,192.9507125,0.1660975,0.166899375,0.1763842,0.1755372,0.1759607,0.1664984375,0.169122875,0.1692615,0.1691921875,19.75,19.79,31.33125,33,42.775,50.90625,-0.9561307186,0.06794852641,-0.0477136942,0.3995993627,0.1558242,0.210164,0.145211875,0.200917625,0.147099875,0.2073345,0.07911899587,0.1709119137,-0.09179291786,-0.7701953034,0.08950136547,0.1511850983,-0.06168373287,-0.5242510212,0.09175445225,0.1418990332,-0.05014458098,-0.4359997594,0.9080271299,0.000801875,-0.2969483716,0.0070334,0.1086796,0.003387068512,0.00175128569,0.008490660679,-0.002667794598,-0.3218780832,0.0065663125,0.1114115,-0.3398915526,0.008025,0.12046925,0.09938263131,0.00583232939,82.72000122,-8.040000916,0.01631124149,0.00514798523,0.09938263131,0.00583232939,0.07692312635,0.008378974574,0.02826285002,0.1476768747,0.1606393898,0.0191563808,0.0008237078946,0,0,0.1236745506,0.1017688377,1.215249711,0.02809244603,0.005235512066,0.8136327445,-0.0006778731612,0.01424337237,0,0,0
2013-07-10,-0.895312078,0.3385980679,0.0001035343578,-36.52938676,-0.3125469759,5.562296842,60.04327186,0.01191787729,18.26995083,44,0.8737592084,-0.03314693635,50.82365095,345612320000,3.779754173,0.02667497348,0,1.358235635e-15,2.06,94.7595,106.41,14.21000004,15.77000046,79.54000092,13.51000023,17.47999954,99,232,162,-0.68045,0.005037125,192.9507125,0.1660975,0.166899375,0.1763842,0.1755372,0.1759607,0.1664984375,0.169122875,0.1692615,0.1691921875,19.75,19.79,31.33125,33,42.775,50.90625,-0.9561307186,0.06794852641,-0.0477136942,0.3995993627,0.1558242,0.210164,0.145211875,0.200917625,0.147099875,0.2073345,0.07958741406,0.07531086215,0.004276551909,0.05523158944,0.08633026416,0.1540030271,-0.06767276298,-0.5787920369,0.09244846254,0.1331135789,-0.04066511632,-0.3645514127,0.924951786,0.000801875,-0.2969483716,0.0070334,0.1086796,-0.003524522258,0.02529044199,0.01090677143,-0.006911590771,-0.3218780832,0.0065663125,0.1114115,-0.3398915526,0.008025,0.12046925,0.109781873,0.0103992417,79.54000092,-3.180000305,0.05181345651,0.03550221501,0.109781873,0.0103992417,0.1084336737,0.03151054739,0.02704075448,0.1413708312,0.160563505,-7.588482005e-05,0.0001815759646,0,0,0.1182439045,0.0985192939,1.200210637,0.02904589405,0.00532896168,0.8165330469,9.34496132e-05,0.002900302448,0,0,0
2013-07-17,-1.376272542,2.066659696,8.776776983e-05,-37.64129552,-4.859334436,7.182607351,65.43244538,0.008367487513,20.45044446,64,0.8671340414,-0.1228026342,70.25112415,354792660000,4.646139124,0.02290519981,0,1.158067663e-15,2.14,93.5498,106.39,13.77999973,15.56000042,77.05999756,12.56999969,17.25,81.90000153,220,157,-0.70075,0.005037125,192.9507125,0.1660975,0.166899375,0.1763842,0.1755372,0.1759607,0.1664984375,0.169122875,0.1692615,0.1691921875,19.75,19.79,31.33125,33,42.775,50.90625,-0.9561307186,0.06794852641,-0.0477136942,0.3995993627,0.1558242,0.210164,0.145211875,0.200917625,0.147099875,0.2073345,0.04443248849,0.08111784474,-0.03668535626,-0.6019320462,0.09243011966,0.1497395784,-0.05730945878,-0.4824447457,0.1041375049,0.1271686659,-0.02303116109,-0.1998020957,0.8993452473,0.000801875,-0.2969483716,0.0070334,0.1086796,-0.003433102088,0.02438206321,0.01245412671,9.142017015e-05,-0.3218780832,0.0065663125,0.1114115,-0.3398915526,0.008025,0.12046925,0.1291727664,0.0193908934,77.05999756,-2.480003357,0.09626094411,0.04444748761,0.1291727664,0.0193908934,0.1086117953,0.0001781215589,0.02665192893,0.1261682276,0.1744006126,0.01383710767,0.002770206648,0,0,0.1132543475,0.08967229943,1.262980298,0.02792414711,0.005502205755,0.8029588609,0.0001732440758,-0.01357418607,1,0,0
2013-07-24,0.2550436312,-0.4514170043,2.291934175e-05,-25.04284236,11.71468941,3.578867128,63.56720742,0.006932127854,23.11716097,80,0.7359234889,-0.5736897372,78.00313537,357894440000,2.772391985,0.008093395233,0,8.312473806e-16,2.17,93.3124,105.41,13.18000031,15.18999958,76.80000305,13.13000011,17.22999954,80.19999695,227,152,-0.72852,0.005037125,192.9507125,0.1660975,0.166899375,0.1763842,0.1755372,0.1759607,0.1664984375,0.169122875,0.1692615,0.1691921875,19.75,19.79,31.33125,33,42.775,50.90625,-0.9561307186,0.06794852641,-0.0477136942,0.3995993627,0.1558242,0.210164,0.145211875,0.200917625,0.147099875,0.2073345,0.08021247332,0.07958741406,0.0006250592566,0.007823064893,0.09532542835,0.134663295,-0.03933786666,-0.3454809526,0.1097246695,0.1256042167,-0.01587954718,-0.1351616022,0.8087961487,0.000801875,-0.2969483716,0.0070334,0.1086796,-0.000762962218,0.02462801147,0.01284957706,0.00267013987,-0.3218780832,0.0065663125,0.1114115,-0.3398915526,0.008025,0.12046925,0.1525037351,0.02333096869,76.80000305,-0.2599945068,0.003808087608,-0.09245285651,0.1525037351,0.02333096869,0.134298882,0.02568708675,0.02269851554,0.06517772571,0.258300938,0.08390032533,-0.00381850273,1,0.00381850273,0.02524989172,0.08501709024,0.2969978348,0.02434813258,0.006213929554,0.7447882488,0.0007117237983,-0.05817061209,0,0,0
2013-07-31,0.9555994241,1.147504118,1.996184085e-05,1.076183605,11.69123458,-0.8142622698,61.56855875,0.006195703786,21.31361785,76,0.6306860156,-0.8828713884,58.04477107,360612330000,0.191975065,-0.0004397443701,0,6.793107779e-16,2.22,93.5703,105.1,13.44999981,14.92000008,73.08000183,13.32999992,16.80999947,82.59999847,229,153,-0.75314,0.005037125,192.9507125,0.1660975,0.166899375,0.1763842,0.1755372,0.1759607,0.1664984375,0.169122875,0.1692615,0.1691921875,19.75,19.79,31.33125,33,42.775,50.90625,-0.9561307186,0.06794852641,-0.0477136942,0.3995993627,0.1558242,0.210164,0.145211875,0.200917625,0.147099875,0.2073345,0.08743935897,0.04443248849,0.04300687048,0.6769745882,0.1025257233,0.1214747612,-0.01894903782,-0.1695927876,0.111169397,0.1212958538,-0.01012645685,-0.08717749734,0.7295849918,0.000801875,-0.2969483716,0.0070334,0.1086796,0.00333413189,0.02898792191,0.01391331216,0.004097094108,-0.3218780832,0.0065663125,0.1114115,-0.3398915526,0.008025,0.12046925,0.1092937017,-0.0432100334,73.08000183,-3.720001221,0.009002242029,0.00519415442,0.1092937017,-0.0432100334,0.1266755617,-0.00762332038,0.02147980619,0.06381016363,0.2518444576,-0.006456480325,-0.000136418516,1,0.000136418516,0.02403612433,0.07297440205,0.3293774756,0.02081052048,0.006054402883,0.7090700884,-0.0001595266708,-0.03571816035,0,1,0
2013-08-07,1.262804806,2.059298907,2.347572306e-05,2.258593698,-13.17976242,-1.32459479,57.50675477,0.006872459129,21.34694911,84,0.5226507918,0.1549550608,45.65312241,358843390000,-0.2724808784,-0.001402922274,0,6.517682552e-16,2.26,93.2652,104.41,12.97999954,14.81000042,76.56999969,11.94999981,16.70999908,75.40000153,229,153,-0.76713,0.005037125,192.9507125,0.1660975,0.166899375,0.1763842,0.1755372,0.1759607,0.1664984375,0.169122875,0.1692615,0.1691921875,19.75,19.79,31.33125,33,42.775,50.90625,-0.9561307186,0.06794852641,-0.0477136942,0.3995993627,0.1558242,0.210164,0.145211875,0.200917625,0.147099875,0.2073345,0.08840245866,0.08021247332,0.008189985338,0.09722075167,0.102008929,0.0794886554,0.02252027358,0.2494460363,0.1088822113,0.123765601,-0.01488338971,-0.1281227945,0.477413822,0.000801875,-0.2969483716,0.0070334,0.1086796,0.01052959247,0.02452812707,0.01330807231,0.007195460584,-0.3218780832,0.0065663125,0.1114115,-0.3398915526,0.008025,0.12046925,0.1409862051,0.03169250338,76.56999969,3.489997864,0.08619244765,0.07719020562,0.1409862051,0.03169250338,0.128291601,0.001616039353,0.02138848964,0.07025180628,0.2333961215,-0.01844833618,-0.003813125662,1,0.003813125662,0.03469345234,0.07077792313,0.4901733593,0.01152991414,0.005211467807,0.5480046302,-0.0008429350756,-0.1610654582,0,0,0
2013-08-14,1.109955531,2.664525948,1.681534314e-05,-1.618840748,-5.13450683,-3.402506549,52.24297296,0.007273862237,17.00986017,68,0.2275003464,-0.895218846,47.14068217,356532350000,0.00356361041,-0.004813302039,0,5.898740511e-16,2.21,93.382,106.89,13.03999996,15.23999977,80.22000122,13.27999973,16.94000053,80.90000153,237,153,-0.77041,0.005037125,192.9507125,0.1660975,0.166899375,0.1763842,0.1755372,0.1759607,0.1664984375,0.169122875,0.1692615,0.1691921875,19.75,19.79,31.33125,33,42.775,50.90625,-0.9561307186,0.06794852641,-0.0477136942,0.3995993627,0.1558242,0.210164,0.145211875,0.200917625,0.147099875,0.2073345,0.1266832403,0.08743935897,0.03924388129,0.3707442869,0.1039810925,0.07699707021,0.02698402232,0.3004417081,0.1119752057,0.1206537739,-0.008678568282,-0.07464760292,0.4624492059,0.000801875,-0.2969483716,0.0070334,0.1086796,0.01107561108,0.02331652645,0.01406866315,0.0005460186058,-0.3218780832,0.0065663125,0.1114115,-0.3398915526,0.008025,0.12046925,0.1687116423,0.02772543723,80.22000122,3.650001526,-0.01807227228,-0.1042647199,0.1687116423,0.02772543723,0.1115486082,-0.01674299285,0.02077040424,0.06212152479,0.2505720941,0.0171759726,-0.005190063228,1,0.005190063228,0.03933200845,0.05264823392,0.7470717539,0.01109585314,0.005167304316,0.5343031084,-4.416349159e-05,-0.01370152188,1,0,0
2013-08-21,0.1537326956,2.433498663,2.869691996e-05,23.6872011,9.305877093,-8.028107649,35.66048226,0.007878107941,21.26084371,-52,-0.01146041297,-0.6161722894,29.57631562,347051590000,-3.768874566,-0.02246119353,0,7.760205334e-16,2.14,94.0362,103.93,15.93999958,16.79000092,90.37999725,15.21000004,17.90999985,98.80000305,249,155,-0.76429,0.005037125,192.9507125,0.1660975,0.166899375,0.1763842,0.1755372,0.1759607,0.1664984375,0.169122875,0.1692615,0.1691921875,19.75,19.79,31.33125,33,42.775,50.90625,-0.9561307186,0.06794852641,-0.0477136942,0.3995993627,0.1558242,0.210164,0.145211875,0.200917625,0.147099875,0.2073345,0.1132990876,0.08840245866,0.02489662897,0.2481313332,0.0991167367,0.08633026416,0.01278647255,0.138118092,0.1095282332,0.1237787764,-0.01425054322,-0.1223135577,0.5185049509,0.000801875,-0.2969483716,0.0070334,0.1086796,0.01795544415,0.02314717325,0.01330481082,0.006879833073,-0.3218780832,0.0065663125,0.1114115,-0.3398915526,0.008025,0.12046925,0.0533250538,-0.1153865885,90.37999725,10.15999603,0.04799471009,0.06606698237,0.0533250538,-0.1153865885,0.06670630559,-0.04484230258,0.02087454827,0.07182792891,0.2251778907,-0.0253942034,-0.005796369467,1,0.005796369467,0.07021232021,0.0505268685,1.389603637,0.01250625026,0.005053335751,0.5959351808,-0.0001139685651,0.06163207241,0,0,0
2013-08-28,-0.1147602492,0.6382660058,4.602793264e-05,30.1026012,-0.3803530642,-5.634606032,37.439945,0.009161001342,24.41453417,-72,0.1177654195,0.09262507457,27.44992544,349305870000,-3.226456268,-0.01681925515,0,1.080979617e-15,2.15,94.4127,110.17,16.48999977,17.62000084,91.45999908,15.47000027,18.76000023,94.90000153,238,155,-0.75565,0.005037125,192.9507125,0.1660975,0.166899375,0.1763842,0.1755372,0.1759607,0.1664984375,0.169122875,0.1692615,0.1691921875,19.75,19.79,31.33125,33,42.775,50.90625,-0.9561307186,0.06794852641,-0.0477136942,0.3995993627,0.1558242,0.210164,0.145211875,0.200917625,0.147099875,0.2073345,0.07237416661,0.1266832403,-0.05430907365,-0.5598403787,0.1138084424,0.09243011966,0.02137832276,0.2080638095,0.1040519488,0.1243513528,-0.02029940401,-0.1782207672,0.5551410635,0.000801875,-0.2969483716,0.0070334,0.1086796,0.01864868222,0.01491352458,0.01316273737,0.0006932380715,-0.3218780832,0.0065663125,0.1114115,-0.3398915526,0.008025,0.12046925,0.06852644535,0.01520139155,91.45999908,1.080001831,0.06593403274,0.01793932265,0.06852644535,0.01520139155,0.06469916773,-0.00200713786,0.0224862816,0.09031515965,0.1993439211,-0.0258339696,0.002743877309,0,0,0.09047473272,0.06065401523,1.491652818,0.01383194953,0.00528862251,0.6176516912,0.000235286759,0.02171651049,0,1,0
2013-09-04,-0.6028107602,0.4010804673,3.822022473e-05,21.75010641,4.623762853,-2.177414463,47.55535986,0.009830995281,24.32755041,-72,0.413932679,0.7116303877,42.79606941,356142880000,-0.1660798556,0.002613524028,0,1.064977749e-15,2.07,94.5739,107.29,15.88000011,17.29999924,88.27999878,14.27999973,18.40999985,105.8000031,244,154,-0.7504,0.005044090909,217.2196909,0.1452056364,0.1452645455,0.133485,0.1332685,0.13337675,0.1452350909,0.1522353333,0.1521720833,0.1522037083,14.25,18.2,28.76818182,34.70909091,44.38125,50.3125,-0.9389262368,0.06570150595,-0.0416244005,0.8602315421,0.1200615,0.1569015,0.1273430909,0.1741845455,0.1322579167,0.1832307083,0.07414207307,0.1178763411,-0.04373426801,-0.4636529591,0.1206485973,0.09560826577,0.02504033149,0.2326228872,0.1030187939,0.1185423553,-0.01552356145,-0.1403588892,0.6583000373,5.890909091e-05,-0.2660283143,0.00510475,0.07368,0.01607649988,0.003894525654,0.009113678821,-0.002572182344,-0.3106942707,0.005528727273,0.09368290909,-0.3231355277,0.005540604167,0.1019455833,0.08942059902,0.02089415367,88.27999878,-3.180000305,0.1120448467,0.046110814,0.08942059902,0.02089415367,0.06416188782,-0.0005372799061,0.02217934652,0.08683512658,0.2034532286,0.00410930757,0.008084187929,0,0,0.08871496782,0.05270294052,1.68330205,0.01366271246,0.00452177198,0.6690428791,-0.0007668505291,0.05139118785,0,0,0
2013-09-11,-0.7242832414,0.2094594001,4.999978807e-05,-8.732268739,-18.49698082,5.041220665,62.22908792,0.009147563947,19.71622624,-64,1.00719847,1,66.08564482,372153910000,1.540727676,0.0210769009,0,1.114814684e-15,2.13,93.7112,107.65,13.81999969,15.60999966,78.40000153,12.31000042,16.96999931,98,246,155,-0.7512,0.0059099,220.56235,0.1220849,0.1225329,0.1105635,0.1127715,0.1116675,0.1223089,0.130709,0.1308705,0.13078975,12.225,15.6,24.54,29.815,37.625,45.925,-0.8028791193,0.06528874332,-0.03505700339,0.6237792803,0.1030265,0.128821,0.1073949,0.1487989,0.114093,0.1596715,0.09298087817,0.06338183811,0.02959904006,0.3832165057,0.1205516897,0.1020332163,0.01851847348,0.1667802116,0.1021314896,0.1123525351,-0.01022104547,-0.09538046555,0.8342256062,0.000448,-0.222512643,0.00425625,0.051589,0.008688461938,0.008452373154,0.004482866564,-0.007388037943,-0.3232240593,0.005788,0.082808,-0.3329759702,0.0060925,0.091157,0.1295224314,0.04010183234,78.40000153,-9.879997253,0.1226644373,0.01061959061,0.1295224314,0.04010183234,0.08712361862,0.02296173079,0.02300771421,0.09655784239,0.1924276093,-0.01102561936,0.003047634614,0,0,0.08665574135,0.06743488395,1.285028405,0.01447653118,0.004065753965,0.7191486059,-0.0004560180152,0.05010572676,0,0,0
2013-09-18,-1.350854235,2.763366436,3.588372043e-05,-7.965113255,18.04678058,7.651477433,72.12972886,0.008406988019,20.32175428,56,1.078324533,0.7304966325,79.7945247,381627920000,5.667590371,0.03193376667,0,1.053687437e-15,2.2,93.2569,108.23,13.59000015,15.18000031,74.65000153,13.39999962,16.62000084,82.69999695,235,156,-0.75727,0.00589145,223.67643,0.1234635,0.1230697,0.1183825,0.119647,0.11901475,0.1232666,0.12999525,0.1301006667,0.1300479583,15.325,16.725,26.125,29.3125,39.20625,45.69791667,-0.8205902686,0.06481420963,-0.03533138012,0.8734661635,0.1118425,0.134417,0.1097563,0.14720075,0.1141199167,0.155794875,0.0724875144,0.07414207307,-0.001654558677,-0.02256882714,0.1165760177,0.1025801584,0.01399585928,0.1278990464,0.1042630897,0.09267240489,0.01159068479,0.1178466669,0.8321812913,-0.0003938,-0.1833391199,0.004115,0.045149,0.007946121524,0.008667463718,0.008324296839,-0.0007423404138,-0.2914452046,0.005211925,0.0748889,-0.3088008484,0.0049094375,0.08334991667,0.1169978024,-0.01252462895,74.65000153,-3.75,0.01417914474,-0.1084852926,0.1169978024,-0.01252462895,0.09486169335,0.007738074738,0.02003181883,0.09084636292,0.1806651093,-0.01176249996,0.01210412156,0,0,0.0642482824,0.0832591961,0.7716658989,0.01564674242,0.005124053527,0.6725162727,0.001058299562,-0.04663233317,1,0,0
2013-09-25,-0.7374102847,1.340145124,4.172220785e-05,-4.715442293,-0.1657399259,1.769013004,54.27873699,0.008255272648,19.47342419,60,0.621209769,-0.8189178785,55.76881068,363269150000,1.259791416,-0.001635645101,0,7.932251797e-16,2.18,92.7675,102.68,14.01000023,15.56000042,73.08000183,13.78999996,17.02000046,75.30000305,227,152,-0.76497,0.0058615,222.42535,0.1241005,0.124144,0.1179212,0.1177854,0.1178533,0.12412225,0.1339660833,0.1338175833,0.1338918333,13.61,16.44,25.55,30.1,39.15833333,47.10416667,-0.8216647291,0.06569863301,-0.03557651751,0.2021847927,0.1073546,0.1376646,0.1093365,0.1485825,0.1172499167,0.1606614167,0.1108110127,0.09298087817,0.01783013448,0.1754323006,0.1134512668,0.1046907275,0.008760539308,0.08036282598,0.1077388653,0.0910735766,0.01666528874,0.1680426719,0.8434485157,4.35e-05,-0.2474091826,0.0046563,0.06062,0.008667862212,0.005243956615,0.009632626679,0.0007217406879,-0.304328103,0.00483725,0.078492,-0.312412592,0.005063833333,0.086823,0.1106352723,-0.006362530074,73.08000183,-1.569999695,0.01595360897,0.001774464229,0.1106352723,-0.006362530074,0.09383033411,-0.001031359242,0.01496047584,0.07979270746,0.1578888995,-0.02277620981,-0.002743225154,1,0.002743225154,0.03791764831,0.07621336482,0.4975196725,0.01667424718,0.005714098748,0.6573099411,0.000590045221,-0.01520633164,0,0,1
2013-10-02,0.1846068035,-1.06085462,3.225675667e-05,-12.3484701,-23.85201928,-1.628433171,53.66472677,0.008114973487,14.89458186,60,0.527033444,1,48.31006226,359912840000,-0.2197208131,-0.00418054757,0,8.061719644e-16,2.2,92.772,104.15,16.60000038,16.80999947,85.73000336,15.81000042,17.79000092,82.19999695,232,155,-0.77175,0.005101,222.7265091,0.140154,0.1404214545,0.133934,0.13356,0.133747,0.1402877273,0.143332,0.1435212,0.1434266,15.175,18.1,28.87727273,33.85909091,43.96,49.68,-0.9299343977,0.06574486504,-0.0402073445,0.8276369468,0.1189915,0.162268,0.120381,0.1735361818,0.1225248,0.1749034,0.1755653635,0.0724875144,0.1030778491,0.8845970832,0.123599971,0.09679717055,0.02680280045,0.2444325464,0.1059481817,0.09041460453,0.0155335772,0.1585443141,0.6899902966,0.0002674545455,-0.3077336054,0.00688275,0.086553,0.01818630904,0.01263382027,0.01239638888,0.009518446828,-0.3617017657,0.006670863636,0.1063103636,-0.352210046,0.0052875,0.1047572,0.01265054697,-0.09798472537,85.73000336,12.65000153,0.04996837071,0.03401476174,0.01265054697,-0.09798472537,0.05829871985,-0.03553161426,0.02070154399,0.08011141811,0.2053460543,0.0474571548,-0.0006668918703,1,0.0006668918703,0.04457304699,0.0746748199,0.5968952728,0.01441645649,0.005046764262,0.6499303233,-0.0006673344864,-0.007379617746,0,0,0
2013-10-09,0.2053925309,-0.6085681639,4.152723688e-05,18.40004429,6.994270341,-5.639888839,39.63310591,0.00922741131,17.36424504,44,-0.01592901752,0.2412567139,19.43352614,356843580000,-2.670047849,-0.01894265917,0,9.669775119e-16,2.21,93.0829,101.63,19.60000038,19.29000092,111.4300003,20.38999939,19.96999931,80.80000305,231,152,-0.77744,0.004322333333,216.9418917,0.170509,0.1708205,0.1841995,0.179343,0.18177125,0.17066475,0.1643156154,0.1642145385,0.1642650769,23.175,21.1,36.67083333,37.35833333,48.47692308,57.46538462,-1.101914694,0.06548596102,-0.04890660097,0.7635172242,0.155704,0.2161985,0.1433245833,0.2060500833,0.1403736154,0.2029505385,0.1331055301,0.1108110127,0.02229451741,0.1833161112,0.1096636839,0.09572065361,0.01394303033,0.1359841723,0.09975579182,0.09401220555,0.005743586265,0.05930049728,0.5608695036,0.0003115,-0.3253245138,0.00418,0.120989,0.02925355797,0.0207617068,0.0181447207,0.01106724893,-0.3590729723,0.004022583333,0.125451,-0.3645355119,0.007397,0.1251538462,-0.01581629897,-0.02846684594,111.4300003,25.69999695,-0.03874443511,-0.08871280581,-0.01581629897,-0.02846684594,0.03525134088,-0.02304737897,0.01948521886,0.09385821805,0.1719130758,-0.0334329785,0.0005737417306,0,0,0.07662592249,0.06439510384,1.189933984,0.01439877664,0.005236333112,0.6363348607,0.0001895688503,-0.01359546257,0,0,0
2013-10-16,0.9937755015,1.133696912,6.878997076e-05,44.54185132,3.06265699,2.413066771,60.59731929,0.01074536149,15.14741536,-56,0.9099281068,0.979316361,41.95201737,365889570000,2.378162355,0.02078017908,0,1.196129491e-15,2.19,92.6819,102.34,14.71000004,16.26000023,85.69999695,16.18000031,17.70999908,73.19999695,235,148,-0.78595,0.005831958333,223.494175,0.1257375833,0.1251919167,0.1283568,0.1279516,0.1281542,0.12546475,0.1326154615,0.1322250769,0.1324202692,17.31,15.81,27.34791667,28.9625,41.86923077,46.41538462,-0.8345428807,0.06491111882,-0.03596112904,0.6077232067,0.1104526,0.1531858,0.1098969167,0.1521125833,0.1148859231,0.1615876923,0.06944725981,0.1755653635,-0.1061181037,-0.9274438022,0.08382900622,0.1206485973,-0.03681959103,-0.3641030815,0.08932284199,0.1092839515,-0.0199611095,-0.2016923099,0.9616134991,-0.0005456666667,-0.3241803925,0.003665,0.0854664,0.007082326092,-0.01439969787,0.005592145651,-0.02217123188,-0.322245313,0.00554,0.08443133333,-0.3378388868,0.005816538462,0.09340353846,0.105370509,0.1211868079,85.69999695,-25.73000336,-0.09085291961,-0.0521084845,0.105370509,0.1211868079,0.08917582012,0.05392447924,0.02192790563,0.1231806928,0.151113758,-0.02079931783,0.01373280431,0,0,0.0797510048,0.1026376381,0.7770151991,0.01913750245,0.004581418428,0.7606052075,-0.0006549146842,0.1242703467,1,0,0
2013-10-23,0.4312194158,0.352572857,6.99957959e-05,-9.002326224,-4.015681125,6.177156041,64.38699804,0.01001826712,20.99205214,36,0.8792172178,-0.0008504459656,63.8382233,376198220000,4.191824569,0.02240132991,0,1.234083661e-15,2.15,92.0947,96.9,13.42000008,15.10999966,72.43000031,12.36999989,16.70999908,62,220,145,-0.79937,0.0062756,230.12286,0.1130654,0.1133992,0.103326,0.1039302,0.1036281,0.1132323,0.123829,0.123763,0.123796,13.3,13.91,24.57,27.98,38.85,44.75,-0.7755160929,0.0658856778,-0.03245645668,0.87850768,0.094418,0.1193654,0.1031148,0.1343338,0.109825,0.149242,0.06024830733,0.1331055301,-0.07285722274,-0.7926677949,0.08165869678,0.1205516897,-0.03889299295,-0.3895302947,0.08995228865,0.1110491437,-0.02109685503,-0.2106934356,1.064640476,0.0003338,-0.2333894961,0.0032636,0.0498948,0.003476930307,-0.006978299024,0.002993537302,-0.003605395785,-0.2629537508,0.005492,0.062438,-0.3042996599,0.0057375,0.078834,0.1259314136,0.02056090467,72.43000031,-13.26999664,0.08488279713,0.1757357167,0.1259314136,0.02056090467,0.1058901035,0.0167142834,0.02343359608,0.1195100612,0.1639358928,0.01282213478,-0.00473575324,1,0.00473575324,0.07400605395,0.1097864767,0.6740908004,0.01969567487,0.005162964974,0.7378630076,0.0005815465458,-0.02274219986,0,0,0
2013-10-30,0.2838775033,0.7616597416,6.496554994e-05,-33.5723157,4.864984657,4.220830295,65.96791985,0.007780804423,26.70124396,60,0.7919150641,-0.3247970019,77.57365405,386163360000,3.109104722,0.01374782882,0,1.185848745e-15,2.18,92.3057,96.81,13.64999962,15.13000011,69.55999756,12.97999954,16.82999992,60.59999847,222,145,-0.81704,0.00594225,234.8221563,0.1155041875,0.1155000625,0.1097605,0.1095505,0.1096555,0.115502125,0.1264648261,0.1262242609,0.1263445435,12.35,16.05,24.325,30.65625,41.14565217,45.04130435,-0.8072160132,0.06658561349,-0.03310681027,0.7098849297,0.1021735,0.1270855,0.10512275,0.136689875,0.1117204783,0.1506243913,0.1154603142,0.06944725981,0.04601305438,0.508359258,0.09216055747,0.1165760177,-0.02441546018,-0.2350113263,0.1018791187,0.1088763199,-0.006997201186,-0.06642555834,1.009297601,-4.125e-06,-0.2173262555,0.004974,0.049824,0.005042281067,0.007201406785,0.004108890631,0.00156535076,-0.2610874846,0.0054041875,0.06313425,-0.2965860404,0.004827891304,0.07780782609,0.1084249478,-0.01750646583,69.55999756,-2.870002747,0.05161788135,-0.03326491578,0.1084249478,-0.01750646583,0.1123595371,0.006469433588,0.02090998681,0.1185378909,0.1499484048,-0.013987488,-0.004887849695,1,0.004887849695,0.07142513256,0.1090386314,0.6550442873,0.01762394819,0.0040339803,0.7711080255,-0.001128984673,0.03324501786,0,1,0
2013-11-06,1.013047389,2.185601599,4.457405183e-05,-21.9568339,0.23372901,0.4530531657,65.49341571,0.006274696761,27.89183585,60,0.7692398243,0.3040659757,62.57598959,389023410000,1.480515146,0.007369746388,0,9.69345359e-16,2.19,93.0943,94.74,12.67000008,14.65999985,67.41000366,11.60999966,16.77000046,67.09999847,237,146,-0.83626,0.006025090909,236.4663455,0.111657,0.1107542727,0.101001,0.1025915,0.10179625,0.1112056364,0.1232366522,0.1230401739,0.123138413,12.2,14.175,24.34545455,28.58181818,38.74347826,46.07391304,-0.7826306674,0.06677991558,-0.03187576122,0.8894299459,0.0932885,0.1145385,0.100283,0.1310612727,0.1091066522,0.1478187391,0.117608237,0.06024830733,0.0573599297,0.6688845979,0.1032787581,0.1134512668,-0.01017250872,-0.09394165557,0.1173672176,0.1089190689,0.008448148733,0.0747025126,1.020193495,-0.0009027272727,-0.2044970095,0.00211725,0.0425,0.003181700248,0.006732617978,0.003299705199,-0.00186058082,-0.2660819943,0.0044665,0.06155654545,-0.3013488605,0.005324282609,0.07742417391,0.1570639115,0.04863896375,67.41000366,-2.149993896,0.09130064177,0.03968276042,0.1570639115,0.04863896375,0.1439291018,0.03156956469,0.0201734965,0.09457368374,0.1758082112,0.02585980642,0.004256468712,0,0,0.03876444292,0.1084301502,0.3575061259,0.01667360319,0.003802413247,0.7719501176,-0.0002315670539,0.0008420921563,0,0,0
2013-11-13,-0.259046474,0.8537022511,4.006500941e-05,20.67410575,-0.6919814732,-0.6591147846,63.95271574,0.007515236183,21.81000533,100,0.9749798239,1,54.3606546,391357890000,1.128761247,0.01010428111,0.005349097876,7.780079874e-16,2.17,93.4848,93.91,12.52000046,14.82999992,71.37000275,12.75,17.02000046,65.80000305,243,146,-0.85439,0.0057918,244.46284,0.1122498,0.1119022,0.10209475,0.10225675,0.10217575,0.112076,0.1238837826,0.1237973478,0.1238405652,14.05,14.35,26.14,28.79,40.10652174,45.95434783,-0.815429085,0.06859226712,-0.03212514606,0.5738429055,0.09039525,0.119372,0.099782,0.134582,0.1087726087,0.1483785652,0.06497372594,0.1154603142,-0.05048658825,-0.5749438989,0.08666665933,0.123599971,-0.03693331167,-0.3549810527,0.1178609884,0.1102886692,0.00757231922,0.06640467188,1.102822826,-0.0003476,-0.2762752527,0.002707875,0.0579535,0.000398088315,-0.002891200264,0.003172895033,-0.002783611933,-0.296973938,0.005106,0.0696,-0.3080363657,0.004735021739,0.07921191304,0.1845047429,0.0274408314,71.37000275,3.959999084,-0.01803917978,-0.1093398216,0.1845047429,0.0274408314,0.1476736713,0.003744569501,0.01798409849,0.08959807681,0.167166154,-0.008642057155,0.00806275272,0,0,0.05620854977,0.07660778411,0.7337185173,0.01973729826,0.004460345426,0.774014388,0.0006579321795,0.002064270358,1,0,0
2013-11-20,-0.2770403751,1.046679462,3.355855299e-05,24.62742625,13.35712896,-0.5577483398,59.47800259,0.007786149196,22.52608042,92,0.6944917652,-0.5524308488,48.47850729,388249660000,0.760207757,0.004375375836,0.005996483959,7.529265907e-16,2.16,93.2501,93.34,13.39999962,14.98999977,69.05000305,12.02999973,17.20999908,66.5,252,143,-0.86688,0.005684923077,248.1651462,0.1132859231,0.1127035385,0.1015626,0.102402,0.1019823,0.1129947308,0.1268655217,0.1258102609,0.1263378913,14.93,14.01,27.56153846,28.64230769,41.90434783,46.25434783,-0.8345641035,0.06965569931,-0.03238838712,0.480808464,0.0929208,0.119151,0.1004241538,0.1338226154,0.1109666957,0.1511136522,0.06188333217,0.117608237,-0.05572490485,-0.6421082026,0.08881098927,0.1096636839,-0.02085269467,-0.2109078683,0.118297119,0.1031877449,0.01510937405,0.1366493218,0.9705203349,-0.0005823846154,-0.2473709376,0.0040536,0.0524604,0.005929875401,-0.003431307902,0.005313552073,0.005531787086,-0.2851562192,0.004128653846,0.06679692308,-0.3063713617,0.004702282609,0.08029391304,0.1186567312,-0.06584801175,69.05000305,-2.319999695,0.1138819548,0.1319211346,0.1186567312,-0.06584801175,0.1480986889,0.0004250176464,0.01536129769,0.08971575845,0.1461907885,-0.02097536554,-0.003642235996,1,0.003642235996,0.05718066323,0.06976555671,0.8196116525,0.01627457017,0.004248446598,0.7389518401,-0.0002118988284,-0.03506254792,0,0,0
2013-11-27,-0.1185683523,0.8252443048,3.477295785e-05,-30.19345774,-15.91241247,0.133572436,66.78249582,0.006692565811,23.30006801,96,0.8759867714,0.6218039773,71.25754117,397603600000,1.994478525,0.01086928999,0.005566557129,7.443162957e-16,2.16,93.6864,92.05,12.97999954,14.60000038,64.80999756,11.65999985,16.64999962,67.80000305,246,141,-0.87329,0.005819454545,250.9315273,0.1096304545,0.1097578182,0.0947086,0.0952824,0.0949955,0.1096941364,0.1212226,0.1213211,0.12127185,14.41,12.85,27.71818182,27.45,39.325,47.02,-0.8192177729,0.06942434756,-0.0314426667,0.406157845,0.0867408,0.109287,0.09816463636,0.1284957273,0.1084681,0.1449779,0.09009804591,0.06497372594,0.02512431997,0.3269155044,0.09460794316,0.08382900622,0.01077893694,0.1209623544,0.1180489529,0.1030187939,0.01503015906,0.1361879574,0.7642068118,0.0001273636364,-0.2300306385,0.0030184,0.0450924,0.009820736527,0.004802559957,0.004093989708,0.003890861126,-0.267634715,0.003636045455,0.06066218182,-0.2881071313,0.00545115,0.0730196,0.1248074651,0.006150733868,64.80999756,-4.240005493,0.1132075225,-0.0006744322987,0.1248074651,0.006150733868,0.140410903,-0.007687785963,0.01410593277,0.08971310785,0.1358703826,-0.01032040588,0.002481998677,0,0,0.05466933474,0.07273913688,0.7515807457,0.01155295545,0.00452565317,0.6082687943,0.0002772065725,-0.1306830458,0,1,0
2013-12-04,-0.02354119166,1.197631865,3.30863876e-05,-1.492996266,17.0710048,-2.388251711,57.5587151,0.006530067534,21.38512782,60,0.5715074251,0.3249674343,54.34135377,385823650000,-0.2986350063,-0.001855554053,0.005632461955,7.12820708e-16,2.11,93.8997,96.97,14.69999981,15.56999969,72.73000336,14.71000004,17.29999924,75.80000305,254,140,-0.87722,0.005427363636,244.1279636,0.1203146364,0.1195235455,0.11816,0.1176705,0.11791525,0.1199190909,0.1302895,0.1302763,0.1302829,14.475,16.525,27.85,30.85,43.115,47.935,-0.8712977222,0.06808528613,-0.03437232117,0.516140377,0.1054305,0.1424785,0.1061879091,0.1445487273,0.1140614,0.1554239,0.1314503546,0.06051941733,0.07093093731,0.775664988,0.09997575595,0.08187424627,0.01810150968,0.1997432281,0.1228872035,0.1016212866,0.02126591691,0.1900138631,0.6827457217,-0.0007910909091,-0.2988838646,0.00603925,0.074096,0.01490560724,0.01024140631,0.006646748148,0.00508487071,-0.3059849469,0.005449227273,0.07672163636,-0.3069740724,0.00445975,0.082725,0.05918366645,-0.0656237986,72.73000336,7.920005798,-0.0006798252111,-0.1138873477,0.05918366645,-0.0656237986,0.1111110839,-0.02929981909,0.01340716677,0.09008670982,0.1295455076,-0.006324875053,-0.00130434347,1,0.00130434347,0.05435360868,0.07088729872,0.7667608959,0.01075806134,0.004054669138,0.6231041068,-0.0004709840325,0.01483531255,0,0,0
2013-12-11,0.8644882733,-0.3245750957,2.13275128e-05,14.77317824,25.9617645,-3.385908076,48.80084348,0.006729183401,18.44893554,60,0.1037382958,-0.8138108017,53.713955,382176910000,-1.248921682,-0.009179276984,0,7.288522782e-16,2.15,93.0842,97.25,15.42000008,15.98999977,80.55000305,17.36000061,17.30999947,70.5,255,137,-0.88269,0.005120478261,241.4713913,0.1304420435,0.1307814348,0.1326946667,0.132322,0.1325083333,0.1306117391,0.1354139,0.1355042,0.13545905,18.58333333,17.28333333,31.61086957,31.56086957,45.015,48.8325,-0.9386606657,0.0677445521,-0.03743562994,0.4416194403,0.1189553333,0.1563393333,0.1142986957,0.1560357391,0.118247,0.16380335,0.0936894464,0.09163964188,0.002049804523,0.02212160146,0.1115713913,0.09263363652,0.01893775477,0.1860123456,0.1182616067,0.1065721786,0.01168942809,0.1040766874,0.7092290259,0.0003393913043,-0.2715926208,0.005139,0.074768,0.01519664962,0.009160634439,0.006991524978,0.0002910423838,-0.3087808145,0.004555478261,0.08347408696,-0.3230370039,0.005566125,0.0911127,0.03696496057,-0.02221870588,80.55000305,7.819999695,-0.1117511789,-0.1110713537,0.03696496057,-0.02221870588,0.08255157684,-0.02855950705,0.01319122072,0.08268427093,0.1375869943,0.008041486741,-0.01138139767,1,0.01138139767,0.05160136614,0.06452587153,0.7997004135,0.01281390398,0.004232913366,0.6696624719,0.0001782442281,0.04655836512,0,0,0
2013-12-18,0.4553573288,1.011732125,2.550386025e-05,40.14545578,29.24793451,-2.481476283,60.47769659,0.008291035392,17.07553406,44,0.8425406852,0.9800449301,34.25226286,380076830000,0.5413959613,0.01020993909,0,7.521966963e-16,2.17,93.4207,97.59,13.80000019,14.98999977,67.16999817,12.94999981,16.67000008,65,257,133,-0.89197,0.005840130435,244.9074957,0.1153888261,0.1146075652,0.113148,0.110782,0.111965,0.1149981957,0.1238242,0.1245888,0.1242065,17.05,16.8,27.62608696,29.01304348,41.2,46.42,-0.8382119078,0.06762971741,-0.03296242502,0.5695871396,0.104052,0.126919,0.1010005652,0.1389001304,0.1078342,0.151605,0.06780142081,0.1314503546,-0.06364893383,-0.6620460984,0.1276811398,0.1036909468,0.02399019302,0.2081212512,0.1176679551,0.1079763685,0.009691586638,0.08595432538,0.901674554,-0.0007812608696,-0.1980075421,0.0035205,0.045734,0.008292188083,-0.00474303451,0.003768358486,-0.006904461538,-0.3159604445,0.004952152174,0.07579913043,-0.337426264,0.0055131,0.0875416,0.08623185246,0.04926689189,67.16999817,-13.38000488,0.06563709606,0.177388275,0.08623185246,0.04926689189,0.1120747385,0.0295231617,0.01149680179,0.09455971835,0.108402593,-0.02918440125,0.01651090601,0,0,0.05233089434,0.08223397032,0.6363658976,0.01478171065,0.004029898207,0.7273726768,-0.000203015159,0.05771020489,1,0,0
2014-01-08,0.3696445058,1.801987499,3.611630763e-05,-25.0168632,4.981302051,-0.1770905837,61.98364432,0.006814806279,23.65292402,32,0.710606773,0.4129859095,72.67378051,376494710000,1.54122541,0.005702404691,0.0009376183942,7.523510692e-16,2.29,94.2181,91.9,12.86999989,14.28999996,68.33000183,11.61999989,15.93999958,75.30000305,258,125,-0.91689,0.005852,249.45727,0.1088406,0.1088358,0.099205,0.1000153333,0.09961016667,0.1088382,0.119408,0.1196395714,0.1195237857,14.71666667,13.28333333,26.37,27.97,38.22142857,47.51428571,-0.8080500073,0.06787989867,-0.03119740985,0.6107092107,0.090691,0.1117453333,0.0972857,0.1295628,0.1056537143,0.1458201429,0.1070309034,0.06818796695,0.03884293646,0.4508494981,0.1432908372,0.08667894117,0.05661189608,0.5026654305,0.1225408296,0.09046479173,0.03207603787,0.3034835439,0.7964018256,-4.8e-06,-0.2080094318,0.001608,0.04210866667,0.009050450862,0.005272586466,0.006102056809,0.0007582627799,-0.2845696577,0.00458605,0.0645542,-0.3194481449,0.006213142857,0.08033285714,0.1103341172,0.02410226478,68.33000183,1.160003662,0.1075731508,0.04193605474,0.1103341172,0.02410226478,0.115465334,0.003390595458,0.01354491219,0.08934653752,0.1316427383,0.0232401453,-0.0002122315035,1,0.0002122315035,0.05610284053,0.07503247172,0.7477141462,0.01119316639,0.003679927545,0.6712344463,-0.0003499706616,-0.05613823051,0,0,0
2014-01-15,-0.02290072513,1.498748705,4.024678734e-05,57.99945438,-1.902764482,-0.9744782758,61.68904986,0.006774264268,19.87563162,72,0.7868171788,0.523260903,64.79138241,386951290000,0.3790583456,0.006325446895,0.00612145792,7.868397612e-16,2.28,94.341,93.78,12.27999973,14.46000004,69.55999756,10.64000034,16.10000038,60.79999924,249,123,-0.91017,0.0061278,248.63384,0.1052246,0.105755,0.0972524,0.0976888,0.0974706,0.1054898,0.1194442857,0.1193742143,0.11940925,13.02,15.78,23.42,29.79,38.68928571,47.11785714,-0.7806051802,0.06725723066,-0.0302379519,0.5834018786,0.0891086,0.1162222,0.0944798,0.1302198,0.1049836429,0.1458957143,0.1445672588,0.1096379027,0.03492935611,0.2765617159,0.1359259826,0.09969730607,0.03622867657,0.3099718361,0.1304445342,0.09051495826,0.03992957596,0.3654329896,0.9450895354,0.0005304,-0.2640967648,0.0051948,0.0542272,0.005140286507,-0.002519951847,0.006065611317,-0.003910164355,-0.3181136059,0.00686,0.07148,-0.3261493643,0.006030428571,0.08182414286,0.1775244587,0.06719034144,69.55999756,1.229995728,0.154135276,0.04656212521,0.1775244587,0.06719034144,0.1134163443,-0.002048989676,0.01331390363,0.09295106841,0.1252896733,-0.00635306504,0.005152889135,0,0,0.0567963019,0.08361514391,0.6792585558,0.01429483211,0.004355279272,0.6953249091,0.0006753517265,0.02409046282,1,0,0
2014-01-22,-0.8564025841,1.473637735,2.812044301e-05,9.102576187,-13.21656838,-1.025154801,58.93966207,0.007373379587,16.83025233,72,0.7317309587,0.3288771143,58.88314683,386990500000,0.7366064897,0.004019033027,0.004641623249,6.87581526e-16,2.25,94.8479,96.35,12.84000015,14.47000027,74.45999908,12.30000019,16.13999939,60.5,243,122,-0.89654,0.0058716,250.5052,0.1076966,0.1078198,0.1041078,0.1025452,0.1033265,0.1077582,0.1193244286,0.1191422857,0.1192333571,14.17,14.46,25.08,29.12,41.58571429,42.68571429,-0.8033925429,0.06789273983,-0.03088794768,0.7013287117,0.0906162,0.1218338,0.0939316,0.1333406,0.1036835714,0.1443559286,0.1811261298,0.09624308704,0.08488304277,0.6323164907,0.1438688135,0.09409223693,0.04977657654,0.4246263217,0.133702105,0.08982249849,0.0438796065,0.3977787442,0.8731793676,0.0001232,-0.2938818546,0.0028985,0.0624352,0.007633211342,0.001413633799,0.00614851222,0.002492924835,-0.3468000046,0.0058779,0.078818,-0.3279506461,0.004786392857,0.08134471429,0.1269470479,-0.05057741078,74.45999908,4.900001526,0.04390243524,-0.1102328408,0.1269470479,-0.05057741078,0.1154111328,0.001994788484,0.01370126012,0.0730049275,0.1580194043,0.032729731,0.0005747000498,0,0,0.05757478342,0.05801956437,0.9923339488,0.0129640252,0.004110676152,0.68291668,-0.0002446031197,-0.01240822915,0,0,0
2014-01-29,-1.004480574,1.55507582,5.323727903e-05,24.92170403,-4.226291512,-9.000217633,34.75632147,0.009977528737,24.85408157,-36,-0.08408795842,-0.6192907555,47.70184763,373828410000,-3.700127777,-0.02675551125,0,8.478700049e-16,2.14,94.8621,97.34,17.35000038,17.23999977,92.47000122,19.39999962,18,64.5,233,128,-0.88196,0.0044956,240.71236,0.14606,0.1459968,0.162787,0.1620232,0.1624051,0.1460284,0.1453796,0.1452242,0.1453019,20.25,22.94,32.38,38.24,45.21,53.63,-1.046155976,0.06783687296,-0.04185161671,0.1719977864,0.1423282,0.1948138,0.1269038,0.1790244,0.1259322,0.1800652,0.1789089415,0.1303303804,0.04857856107,0.3168043552,0.1257817945,0.1164386002,0.009343194253,0.07718451842,0.1234631434,0.1038011565,0.0196619869,0.1734655653,0.7973695544,-6.32e-05,-0.3113560458,0.0061659,0.1049712,0.0165443037,0.009389408438,0.01033796206,0.008911092355,-0.3407374672,0.0069357,0.1042412,-0.3538134638,0.0076968,0.108266,-0.006340092676,-0.1332871406,92.47000122,18.01000214,-0.1056700658,-0.1495725011,-0.006340092676,-0.1332871406,0.04408354054,-0.07132759227,0.01457298268,0.1088866933,0.1180384005,-0.03998100379,-0.01026170391,1,0.01026170391,0.1074862117,0.055630855,1.932133017,0.01823019345,0.004672245825,0.7437083793,0.0005615696727,0.06079169936,0,1,0
2014-02-05,-0.758657423,0.1191152242,9.063332174e-05,81.29897264,11.76750297,-9.096311058,35.37070784,0.0118537818,33.44479859,-56,0.08769756722,0.5355315559,26.13521399,368674310000,-4.734863699,-0.02523062978,0.006600547451,9.916733482e-16,2.14,95.0285,97.4,19.95000076,19.67000008,102.8700027,21.29999924,20.04000092,66.80000305,238,131,-0.87385,0.004107333333,235.1571667,0.1639763333,0.163647,0.1758504,0.1744232,0.1751368,0.1638116667,0.16223875,0.16212575,0.16218225,22.31,23.44,36.86666667,40.28333333,51.235,57.3175,-1.146472839,0.06712485633,-0.04694437272,0.606438715,0.1546556,0.2063984,0.141558,0.1999213333,0.1401762,0.2008967,0.09897323146,0.1811261298,-0.08215289835,-0.6043442141,0.1021144983,0.129113818,-0.02699931975,-0.2345996098,0.1096523599,0.1142484616,-0.004596101674,-0.0410605675,0.7881845089,-0.0003293333333,-0.2866208379,0.0053902,0.1034856,0.02312987504,-0.002133776186,0.01325037124,0.006585571339,-0.3418264453,0.006928,0.1167266667,-0.3560558461,0.0083542,0.121441,-0.0140351216,-0.007695028925,102.8700027,10.40000153,-0.06338021232,0.04228985352,-0.0140351216,-0.007695028925,0.01881041372,-0.02527312683,0.01653236563,0.1382793638,0.1067901359,-0.01124826457,-0.002030282409,1,0.002030282409,0.1333318655,0.06889526433,1.935283459,0.02179084957,0.005120471561,0.7650173508,0.0004482257358,0.02130897144,0,0,0
2014-02-12,-0.7502616432,0.09765075552,0.0001083277687,-0.9862398999,-10.97687861,3.818859842,55.40303455,0.01230837925,27.48757125,-56,0.6384028756,-0.3780690419,46.14288001,379960870000,2.116120138,0.02054254462,0,1.071962603e-15,2.21,94.6209,100.38,14.30000019,15.64999962,79.55999756,12.67000008,16.95000076,61,245,126,-0.87603,0.00527275,245.68635,0.12201075,0.121778,0.109865,0.1103695,0.11011725,0.121894375,0.1273586,0.1271847,0.12727165,14.0625,17.5,27.3375,32.925,38.4,50.815,-0.8913030976,0.06752370469,-0.03493824294,0.8860075049,0.1007315,0.12854075,0.10867,0.148219,0.113655,0.156631,0.06872084025,0.1789089415,-0.1101881013,-0.9568244651,0.09268296006,0.1430777955,-0.05039483548,-0.4342038696,0.1043270875,0.1174995866,-0.01317249908,-0.1189037793,1.173785054,-0.00023275,-0.2425871426,0.004518875,0.0556185,-2.225503207e-05,-0.01988260061,0.002391920047,-0.02315213007,-0.3079073063,0.006550125,0.079098,-0.3180038922,0.00787135,0.085952,0.09440555313,0.1084406747,79.55999756,-23.31000519,0.1286503634,0.1920305758,0.09440555313,0.1084406747,0.0830671678,0.06425675409,0.0163502121,0.1505868564,0.09794236981,-0.008847766124,-0.0002692986477,1,0.0002692986477,0.125537033,0.09434688115,1.330590174,0.02555591008,0.0050846545,0.8010380188,-3.581706079e-05,0.03602066805,0,0,0
2014-02-19,-0.879349554,0.4187725361,0.0001029310618,-23.8233097,8.43293003,6.972689802,56.2496975,0.01098526011,22.0030799,-56,0.7434754538,-0.8283755312,60.8933822,386124670000,2.58949254,0.0194317654,0,1.123588743e-15,2.13,94.38,103.46,15.5,16.29000092,86.23000336,13.89999962,17.23999977,57.29999924,240,124,-0.88478,0.0050445,246.39285,0.1271075,0.1271825,0.1195616,0.1193374,0.1194495,0.127145,0.1319866,0.1320193,0.13200295,14.6,18.46,28.575,34.45,41.34,50.595,-0.9323696105,0.06736646617,-0.03644249395,0.7602040816,0.1089748,0.1423006,0.111882,0.157042,0.1140942,0.1652201,0.09752799709,0.1045921199,-0.007064122776,-0.06992872648,0.09325135058,0.1431940808,-0.04994273018,-0.4289023764,0.1065852991,0.118297119,-0.0117118199,-0.1042538222,1.126226598,7.5e-05,-0.2652531844,0.0061882,0.0666516,0.003520455236,0.003328671513,0.003430570448,0.003542710268,-0.3358569707,0.007317,0.09032,-0.3660815075,0.0076542,0.1022518,0.050967801,-0.04343775213,86.23000336,6.670005798,0.1151079443,-0.01354241916,0.050967801,-0.04343775213,0.05831791296,-0.02474925484,0.01782751053,0.1551772458,0.1030463607,0.005103990898,-0.006545861773,1,0.006545861773,0.1268251532,0.09591605934,1.322251499,0.02535024539,0.004845700626,0.8088499519,-0.0002389538734,0.007811933054,1,0,0
2014-02-26,-1.121739963,1.86761018,7.72555167e-05,-21.80067721,-7.075127545,5.091511854,59.92068659,0.008933812601,18.29376417,48,0.7735267446,-0.2493738674,85.36559904,390341470000,2.678880264,0.01171370839,0.003845975869,9.636211398e-16,2.16,94.7754,102.93,14.35000038,15.90999985,79.41999817,13.27000046,16.96999931,57.79999924,234,123,-0.89307,0.0053104,246.65252,0.1213272,0.1215072,0.1118194,0.1109764,0.1113979,0.1214172,0.12769175,0.127905125,0.1277984375,14.89,15.94,28.69,31.3,41.25,48.525,-0.8913053081,0.06683770513,-0.03480153273,0.643020595,0.100756,0.129885,0.1067018,0.1477548,0.111015375,0.159155125,0.09660728204,0.06725365126,0.02935363078,0.362182811,0.1086512574,0.1392526499,-0.03060139251,-0.248146629,0.1077838176,0.1180489529,-0.01026513535,-0.09097186174,1.146893932,0.00018,-0.2525916901,0.0039226,0.058258,0.001200950588,0.007886438517,0.002396885336,-0.002319504648,-0.3226719213,0.0058111,0.082106,-0.3563657024,0.0072868125,0.0962795,0.1087107613,0.05774296029,79.41999817,-6.810005188,0.08138657773,-0.03372136654,0.1087107613,0.05774296029,0.06662473137,0.008306818406,0.01692104799,0.1324557155,0.113277645,0.01023128432,2.169974212e-05,0,0,0.09612783463,0.09827722127,0.9781293507,0.0237807227,0.004389422191,0.8154209926,-0.0004562784352,0.006571040709,0,1,0
2014-03-05,0.1391318144,-0.5302820891,3.943342432e-05,-2.68480993,-19.77584972,4.49657081,65.31420818,0.008994291615,19.0803509,76,0.854919113,-0.003671088489,78.66456917,394750940000,1.913384075,0.01494877714,0,7.892985571e-16,2.18,94.4679,101.75,13.89000034,15.77000046,80.51999664,12.48999977,16.93000031,60.79999924,237,122,-0.89554,0.0054368,250.31734,0.116572,0.116096,0.110197,0.109767,0.109982,0.116334,0.1254983333,0.125851,0.1256746667,13.825,16.4,27.22,31.2,40.78333333,48.98333333,-0.8666790902,0.06679368239,-0.03334515646,0.3049818104,0.1002195,0.1268215,0.101911,0.1434912,0.1082593333,0.155481,0.09924461037,0.09752799709,0.001716613283,0.01744812812,0.1248887699,0.1438308597,-0.0189420898,-0.1412145235,0.1030614486,0.1224395545,-0.01937810588,-0.1722920767,1.236361336,-0.000476,-0.2343365295,0.0035385,0.053204,-0.001394105236,0.002584330108,0.0008026773456,-0.002595055824,-0.3388738976,0.0063671,0.0831604,-0.3580921133,0.0061955,0.09444333333,0.135349177,0.02663841567,80.51999664,1.099998474,0.1120897196,0.03070314188,0.135349177,0.02663841567,0.07355737563,0.006932644263,0.01512406457,0.0917577259,0.1415027247,0.02822507966,-5.335274966e-05,1,5.335274966e-05,0.03678638461,0.1031687005,0.3565653578,0.02487357052,0.004186254331,0.8316986969,-0.0002031678606,0.01627770434,0,0,0
2014-03-12,0.5556516423,0.7172405604,3.067867838e-05,-5.810000016,3.682908518,1.25611699,60.88452907,0.008292546617,19.73749195,84,0.7216029158,0.9742780413,58.97674421,398533240000,1.114410833,0.00468239748,0.005419368106,5.540728186e-16,2.19,94.462,98.29,14.47000027,16.07999992,83.44999695,13.85000038,17.19000053,55.09999847,236,123,-0.8876,0.00516125,252.72425,0.121618,0.12151775,0.1127505,0.113696,0.11322325,0.121567875,0.129164625,0.1295416667,0.1293531458,13.75,17.3,28.475,33.25,41.56458333,50.67916667,-0.9143794653,0.06763843539,-0.03484470106,0.6897319991,0.100829,0.1382455,0.104633,0.15177675,0.111038625,0.1628332917,0.1131801061,0.09660728204,0.01657282405,0.1583262872,0.1252657896,0.1245034847,0.0007623048917,0.006104091554,0.1034628179,0.1178820297,-0.01441921187,-0.1304720759,1.024147906,-0.00010025,-0.3130112162,0.006314,0.074833,0.00543697308,0.003486537398,0.002836063403,0.006831078316,-0.3677219763,0.006637,0.0942875,-0.3782400715,0.0075828125,0.1035893333,0.1112646598,-0.02408451718,83.44999695,2.930000305,0.04476533346,-0.06732438614,0.1112646598,-0.02408451718,0.06902988903,-0.004527486603,0.01400365785,0.07781275292,0.1525180274,0.01101530269,0.0003051243232,0,0,0.04038689946,0.07073744776,0.5709408629,0.01873240972,0.00323129203,0.8275025969,-0.0009549623002,-0.004196099993,0,0,0
2014-03-19,0.2444108913,0.505552174,3.927669992e-05,9.425113558,20.74571673,-2.091364233,54.62349198,0.00963848158,15.86894403,68,0.5421469267,-0.1239994253,42.96674125,394078260000,0.8148558685,-0.001554312057,0.005404165274,7.196169308e-16,2.16,94.3752,100.71,15.11999989,16.31999969,81.34999847,15,17.54999924,65.59999847,231,121,-0.87267,0.0049352,253.11122,0.1272552,0.1272412,0.1229255,0.123163,0.12304425,0.1272482,0.13211275,0.132272,0.132192375,17.85,17.9,31.53,32.93,43.875,49.975,-0.9585698555,0.06801249483,-0.0364720588,0.482781457,0.109021,0.1467955,0.1091562,0.1571774,0.11294125,0.165367,0.08475068604,0.09924461037,-0.01449392433,-0.1578737734,0.1172529586,0.1021811662,0.01507179239,0.1375862631,0.09818250744,0.1184501477,-0.02026764031,-0.1876641105,0.8030067711,-1.4e-05,-0.2953249693,0.004864,0.075549,0.01242044893,0.00529039477,0.003444386506,0.006983475846,-0.3606094011,0.0059186,0.0960424,-0.3767459283,0.00696175,0.1048515,0.07936506735,-0.03189959243,81.34999847,-2.099998474,0.007999992371,-0.03676534109,0.07936506735,-0.03189959243,0.07536762042,0.006337731388,0.0101065163,0.09430702692,0.09679315525,-0.05572487213,-0.006150525097,1,0.006150525097,0.05842171067,0.0779708708,0.7492761088,0.01360293446,0.003161943736,0.7675542918,-6.934829484e-05,-0.05994830518,1,0,0
2014-03-26,0.3357326693,0.4420062817,3.988364985e-05,34.89010548,6.728352299,-2.692906862,49.78504652,0.01018166599,12.99546946,84,0.2515329709,-1,36.70228696,388445800000,-1.31101524,-0.006170304569,0.005705159817,7.968381692e-16,2.14,94.5281,100.61,14.93000031,16.07999992,76.26999664,15.56000042,17.35000038,57.79999924,226,119,-0.8567,0.00492,251.83134,0.128094,0.1281358,0.1302548,0.1290286,0.1296417,0.1281149,0.1325559167,0.1327474167,0.1326516667,16.82,19.27,30.06,34.69,42.84583333,51.53958333,-0.960218659,0.06796847066,-0.03672035063,1.121341104,0.115385,0.155469,0.1112448,0.158085,0.1137339167,0.1658786667,0.1231032718,0.1131801061,0.009923165728,0.08404320231,0.1165943335,0.09242731254,0.024167021,0.2322781501,0.09603571869,0.1196710027,-0.02363528405,-0.2200261418,0.7214407734,4.18e-05,-0.2959823373,0.0057853,0.080168,0.01374768281,0.003997233965,0.003275315773,0.001327233883,-0.3478278304,0.00655,0.0936804,-0.3729785647,0.007154625,0.1042895,0.07702609478,-0.002338972574,76.26999664,-5.080001831,-0.04048843814,-0.04848843051,0.07702609478,-0.002338972574,0.07898012835,0.003612507926,0.01157286541,0.1006297074,0.1031426029,0.006349447662,-0.007024936955,1,0.007024936955,0.06613499993,0.07645157288,0.8650574139,0.01248017704,0.003937368936,0.6845101697,0.0007754252009,-0.08304412208,0,0,1
2014-04-02,-0.1742984319,-0.6308186761,3.310171318e-05,-15.37292437,-14.08532535,1.008578657,62.78641973,0.009312279885,13.80466543,88,0.994298216,0.5159875587,63.9638208,397410040000,1.725282523,0.01422454406,0,7.739177364e-16,2.14,94.3103,99.6,13.09000015,14.44999981,67.33000183,12.13000011,16.11000061,66.30000305,235,116,-0.84238,0.005530666667,254.1020333,0.112962,0.1129513333,0.1029922,0.1029462,0.1029692,0.1129566667,0.1213766,0.121568,0.1214723,14.66,14.47,27.45,30.05,41.69,47.65,-0.8542416273,0.06719076454,-0.03237748078,0.4898925907,0.0925168,0.1181748,0.098456,0.1363956667,0.1044186,0.1488166,0.1782840425,0.08475068604,0.09353335642,0.7436641815,0.1189083233,0.09325135058,0.02565697273,0.243054262,0.09512787639,0.120100449,-0.02497257266,-0.2331064143,0.8255497734,-1.066666667e-05,-0.2435597812,0.0023766,0.051316,0.008438996015,0.003419977364,0.0003314018053,-0.005308686794,-0.3230947194,0.004469166667,0.07587933333,-0.3506463556,0.0051453,0.088796,0.1038960765,0.02686998168,67.33000183,-8.939994812,0.079142624,0.1196310621,0.1038960765,0.02686998168,0.1148789497,0.03589882134,0.00939128352,0.09120577331,0.09335545011,-0.009787152806,0.002849263832,0,0,0.06105987708,0.06576459137,0.9284612861,0.01298720628,0.004291391891,0.6695677423,0.000354022955,-0.01494242742,0,0,0
2014-04-09,-0.3428963117,-1.013331212,4.709456373e-05,-4.116450043,-2.754743835,-2.052279816,53.95593556,0.009981115292,13.05430357,-8,0.6538517086,0.9750624049,49.83005427,393999250000,0.7935714085,0.003255441867,0,1.005106931e-15,2.14,93.6716,103.55,13.81999969,14.82999992,69.19000244,12.68999958,16.36000061,54.70000076,234,115,-0.83451,0.005254,253.35135,0.119241,0.1190715,0.107703,0.107809,0.107756,0.11915625,0.1248041429,0.1247042857,0.1247542143,16.75,14.975,29.35,31.0875,42.07857143,48.82857143,-0.8984641904,0.06766212383,-0.03415376287,1.229010255,0.09383175,0.125269,0.1020615,0.143906,0.1066441429,0.1541407143,0.148596749,0.1231032718,0.02549347716,0.188212643,0.1087574107,0.1086512574,0.000106153266,0.000976532126,0.08703703316,0.1238298117,-0.03679277853,-0.3525744399,0.9118385095,-0.0001695,-0.286966156,0.001794375,0.0628745,0.007294143423,-0.003543059995,0.0002297917182,-0.001144852592,-0.3402441379,0.0038275,0.083689,-0.3642586609,0.005638214286,0.09499314286,0.07308250732,-0.03081356914,69.19000244,1.86000061,0.08904650526,0.009903881267,0.07308250732,-0.03081356914,0.1031692983,-0.01170965134,0.008927386432,0.1150106678,0.0720310359,-0.02132441421,0.01085903934,0,0,0.0830185076,0.07710624198,1.076676874,0.01701389438,0.005208798642,0.693850301,0.0009174067501,0.02428255876,0,0,0
2014-04-16,-0.7114494734,-0.07924008555,7.135115183e-05,41.01425055,4.077766796,-3.124485759,52.37284095,0.01122531222,13.91702828,-20,0.5451684831,1,54.64088523,396500070000,-0.5356883584,0.002824218875,0,1.120962397e-15,2.17,93.9461,103.71,14.18000031,15.22999954,72.08000183,13.52000046,16.82999992,58,226,115,-0.82886,0.004953,257.1926,0.124211,0.123926,0.1271,0.1257736,0.1264368,0.1240685,0.1302971429,0.1307425714,0.1305198571,19.35,18.1,30.65,33.25,43.81071429,50.36071429,-0.9496875028,0.06905203752,-0.0355611186,1.187341772,0.109985,0.1502016,0.105611,0.152262,0.1104027857,0.1623073571,0.06152197274,0.1782840425,-0.1167620697,-1.063983631,0.07618112013,0.1248887699,-0.04870764972,-0.4943098353,0.06944556466,0.1336829156,-0.06423735091,-0.6549274907,1.006611427,-0.000285,-0.3091365966,0.0036565,0.0804332,0.00451003603,-0.0157989354,-0.0008356888074,-0.002784107393,-0.361813761,0.004868,0.093302,-0.3806574327,0.005835214286,0.1038091429,0.07404789947,0.0009653921468,72.08000183,2.88999939,0.04881655511,-0.04022995016,0.07404789947,0.0009653921468,0.1050558391,0.001886540755,0.0113903954,0.1340843334,0.07829810369,0.006267067792,0.01043386795,0,0,0.1064280659,0.08322829915,1.278748538,0.02117813047,0.005580925635,0.7364769453,0.0003721269934,0.04262664426,1,0,0
2014-04-23,-1.078048333,0.551838326,7.345694385e-05,-19.85264238,-9.557548714,2.136647398,55.45888134,0.01047782425,12.79653428,-20,0.6894577071,-0.4931544073,47.62340465,402613720000,0.5522547983,0.01034314178,0,1.084362793e-15,2.21,94.149,101.47,13.27000046,14.82999992,66.22000122,12.67000008,16.36000061,56.59999847,227,113,-0.82238,0.0053146,254.66794,0.1170776,0.1169656,0.1158012,0.1159224,0.1158618,0.1170216,0.1259903571,0.1259841429,0.12598725,16.14,16.47,27.93,31.87,42.00357143,48.71785714,-0.8869538633,0.06789732802,-0.03354216384,0.2971760359,0.1035592,0.1337846,0.1017036,0.1427702,0.1073774286,0.155594,0.07990048641,0.1578038157,-0.07790332933,-0.6805706485,0.07647491738,0.1251855407,-0.04871062333,-0.4928341528,0.07650131437,0.1246583118,-0.04815699747,-0.4882685672,1.069764391,-0.000112,-0.2546971945,0.0028101,0.0604508,0.001937871613,-0.01147808757,0.0003330924529,-0.002572164417,-0.3359591089,0.0052153,0.0821332,-0.3667057801,0.005498464286,0.09643314286,0.1175583581,0.04351045864,66.22000122,-5.86000061,0.04735598878,-0.001460566327,0.1175583581,0.04351045864,0.1031692983,-0.001886540755,0.01068029546,0.1308267187,0.07547537857,-0.002822725119,-0.002215766863,1,0.002215766863,0.1047877263,0.0814806673,1.286044037,0.02155127761,0.005879858006,0.7271689357,0.0002989323715,-0.009308009549,0,0,0
2014-04-30,-1.020894031,0.5258758925,7.121021411e-05,-33.01765689,-6.163189244,2.217303878,57.37164758,0.009524065309,10.79356269,-20,0.7589221553,0.8001600281,62.68232822,414054260000,3.759452989,0.01309028533,0,1.01261916e-15,2.18,93.8896,100.07,13.40999985,14.69999981,64.48999786,12.72999954,16.17000008,58.90000153,225,114,-0.81394,0.0054176,254.65398,0.1137788,0.1141634,0.109468,0.10856,0.109014,0.1139711,0.1242828,0.123806,0.1240444,12.75,17.45,25.4,33.34,41.96,47.46,-0.8637855423,0.06758512169,-0.03266814042,0.2902,0.0985425,0.1319485,0.0991224,0.1408238,0.1063812,0.1540996,0.08147236049,0.07657931544,0.00489304505,0.06193682077,0.0761353526,0.118783894,-0.04264854139,-0.4447931137,0.0752231688,0.1104786291,-0.03525546028,-0.384362821,1.042228196,0.0003846,-0.289868151,0.0062315,0.066812,0.003873196118,0.006019660642,0.003181485688,0.001935324505,-0.3475895847,0.006002,0.0834028,-0.3663870811,0.006196,0.0954368,0.09619686626,-0.02136149185,64.48999786,-1.730003357,0.0534171508,0.006061162015,0.09619686626,-0.02136149185,0.1000000195,-0.003169278886,0.01607011956,0.1269629885,0.1123524461,0.03687706751,0.002987549803,0,0,0.1055735335,0.07435991788,1.419763987,0.02070973724,0.00660012377,0.6813033554,0.0007202657634,-0.04586558033,0,1,0
2014-05-07,-1.270532095,2.093166199,5.836591041e-05,6.084317201,16.78400056,0.4814281618,53.95743518,0.007658122712,9.199128686,-20,0.659669853,0.9348741786,56.92554087,410517380000,0.3376238048,0.001872841493,0,9.252304563e-16,2.2,93.4337,101.06,13.39999962,14.61999989,62.63999939,12.81999969,16.25,57.29999924,221,113,-0.8053,0.005456,251.6059,0.1149133333,0.1149436667,0.109929,0.11031,0.1101195,0.1149285,0.12348755,0.12345745,0.1234725,13.3,17.125,25.85,32.48333333,39.605,49.4825,-0.8606157345,0.0669802365,-0.03294245584,0.7132833679,0.098417,0.132784,0.100554,0.1407003333,0.10725745,0.1528234,0.0978139197,0.07990048641,0.01791343328,0.2022849545,0.0713113448,0.1184795982,-0.04716825339,-0.5076853502,0.0843542517,0.1064453912,-0.02209113946,-0.2326068814,1.030898325,3.033333333e-05,-0.2972911017,0.005481,0.068734,0.00391858379,0.005742216551,0.003914836958,4.538767202e-05,-0.3328133657,0.005698666667,0.08029266667,-0.3503983473,0.006567925,0.0911319,0.09104479864,-0.00515206762,62.63999939,-1.849998474,0.0452418048,-0.008175345997,0.09104479864,-0.00515206762,0.1114911168,0.01149109731,0.01665688418,0.1166670199,0.1249354667,0.01258302064,0.005600754871,0,0,0.09328773107,0.07543081449,1.236732385,0.02066734113,0.006629925947,0.6792076008,2.980217702e-05,-0.00209575456,0,0,0
2014-05-14,-0.4997221561,0.770581588,2.391524306e-05,-11.58511363,0.4158293752,1.304644663,56.23038702,0.008097742161,9.433243421,84,0.7759038415,-0.5140821612,50.71031283,413248340000,1.021700467,0.005059754656,0,6.514738726e-16,2.17,93.5968,102.63,12.17000008,14.18000031,69.02999878,11.15999985,15.93000031,56.09999847,215,113,-0.79874,0.0056175,255.150675,0.1104125,0.11024525,0.09494575,0.094525,0.094735375,0.110328875,0.1209549,0.1212219,0.1210884,12.6375,15.45,25.65,31.0125,39.405,48.42,-0.837812111,0.06755271958,-0.03162454102,0.9166026109,0.086676,0.11119925,0.09760125,0.13391625,0.1051109,0.150603,0.08952021139,0.08147236049,0.008047850894,0.09420059767,0.06928618431,0.1160808586,-0.04679467434,-0.5160414799,0.08905803103,0.1056295265,-0.01657149548,-0.170649748,1.052134889,-0.00016725,-0.2478657639,0.00420225,0.0490465,0.001336124442,0.002337045752,0.003504803744,-0.002582459348,-0.3137127863,0.005429875,0.07263,-0.3558046708,0.00676855,0.0909842,0.1651602478,0.07411544921,69.02999878,6.38999939,0.09050181386,0.04526000906,0.1651602478,0.07411544921,0.1234132555,0.01192213868,0.01563553648,0.07313366022,0.1761369604,0.05120149367,-0.004712089565,1,0.004712089565,0.04741853839,0.06314718682,0.7509208371,0.02036661449,0.006891848744,0.6616104877,0.0002619227973,-0.01759711315,1,0,0
2014-05-21,-0.3522936526,-0.4415187928,2.691263107e-05,-3.21971899,-4.3411971,-0.7739254138,54.78729423,0.008348830949,8.726683907,76,0.7307455256,0.9003861065,41.6065331,415303040000,0.1788118311,0.004156943999,0.00471231422,7.353563203e-16,2.18,93.7629,104.31,11.90999985,13.86999989,66.55999756,10.47000027,15.48999977,59.09999847,217,113,-0.79891,0.00576,257.3633,0.106405,0.106309,0.0929874,0.0935136,0.0932505,0.106357,0.1152029,0.11528065,0.115241775,12.16,16.08,24.65,30.5,37.0925,46.6375,-0.8146544196,0.06815657061,-0.0304864443,1.436803802,0.0827062,0.114708,0.092534,0.1317,0.10018135,0.14384865,0.04244800173,0.0978139197,-0.05536591797,-0.834787057,0.05630785066,0.1128604121,-0.05655256147,-0.6953177954,0.08507197466,0.1077126982,-0.02264072358,-0.2359698221,1.061147006,-9.6e-05,-0.3242097073,0.0054566,0.0640036,0.00144733701,-0.0008719071359,0.001678641344,0.0001112125683,-0.3493315019,0.00576,0.078332,-0.3578846863,0.006773225,0.0873346,0.1645675956,-0.000592652274,66.55999756,-2.470001221,0.137535773,0.04703395917,0.1645675956,-0.000592652274,0.1167988391,-0.00661441631,0.01504564289,0.0838456203,0.1521432976,-0.02399366277,0.008083340548,0,0,0.06194318071,0.05821082852,1.064117833,0.01873701124,0.005999538618,0.6798027957,-0.0008923101257,0.01819230797,0,0,0
2014-05-28,-0.6330690785,-0.1352268843,2.776358259e-05,-16.33042062,2.872070803,2.301781037,61.53894532,0.007171721833,9.67665502,84,0.9960014857,-0.3072595219,62.54749297,420393690000,1.666243407,0.01191688824,0.003436440451,7.300807795e-16,2.22,93.8793,103.37,11.68000031,13.77000046,67.37000275,10.57999992,15.60999966,55.20000076,207,113,-0.80776,0.0059136,258.7766,0.1036356,0.103644,0.0912904,0.0910876,0.091189,0.1036398,0.11624025,0.11628075,0.1162605,12.35,13.85,25.07,28.75,39.35625,45.20625,-0.7982010437,0.06775036915,-0.02970783554,0.1127926224,0.0831184,0.105414,0.0898122,0.1267228,0.09892025,0.142621375,0.04802271635,0.09210744266,-0.04408472631,-0.6512815944,0.06361627486,0.08159082934,-0.01797455449,-0.2488475386,0.0861217032,0.1069761333,-0.02085443014,-0.2168443073,0.7872538286,8.4e-06,-0.2365174368,0.0030772,0.0445912,0.00698517728,-0.0001683472725,0.002072610757,0.00553784027,-0.3409204055,0.0046277,0.0738212,-0.3618517098,0.0045103125,0.08740225,0.1789383646,0.01437076898,67.37000275,0.810005188,0.1039697911,-0.03356598197,0.1789383646,0.01437076898,0.1336237573,0.01682491814,0.007974650273,0.07988853752,0.09076213228,-0.06138116534,-0.00111469275,1,0.00111469275,0.05495386192,0.06067405685,0.9057225571,0.01213966158,0.005482598147,0.5483730653,-0.0005169404712,-0.1314297303,0,1,0
2014-06-04,-0.5685685995,-0.1815386951,2.78087029e-05,-35.87238209,-1.040879904,3.212823369,66.92857062,0.006246312211,15.21355449,76,0.9032178818,0.8504490909,76.2065731,428801990000,2.663671409,0.01483828726,0.003535381256,7.009419936e-16,2.17,94.1239,103.27,12.07999992,13.77000046,67.66999817,11.59000015,15.59000015,64.90000153,220,112,-0.82053,0.005844666667,258.5396,0.1046806667,0.1047003333,0.1004955,0.0990535,0.0997745,0.1046905,0.1161696667,0.1165273333,0.1163485,12.3,15.95,24.41666667,30.13333333,38.66666667,46.95,-0.8055547617,0.06705282486,-0.03000891412,1.17268673,0.0927725,0.114613,0.09226366667,0.127205,0.1014843333,0.1418306667,0.07094926818,0.04692846582,0.02402080237,0.4133406506,0.07429168136,0.07532154896,-0.001029867607,-0.01376728343,0.08621990438,0.1030693707,-0.01684946634,-0.1785012034,0.7194688053,1.966666667e-05,-0.2106270689,0.00391825,0.043681,0.008919304077,0.007752669946,0.002913678272,0.001934126797,-0.3184175114,0.005043833333,0.06988266667,-0.3316386851,0.005309,0.08069266667,0.1399007073,-0.03903765721,67.66999817,0.2999954224,0.04227780541,-0.06169198565,0.1399007073,-0.03903765721,0.1321713605,-0.001452396763,0.007356001349,0.07109720205,0.09376291891,0.003000786628,0.001889876606,0,0,0.04439982451,0.06308948324,0.703759521,0.01037255291,0.004699217175,0.5469565483,-0.0007833809723,-0.001416517056,0,0,0
2014-06-11,-0.9102279469,0.7750462843,1.940927015e-05,-19.50380767,6.121841936,2.997202708,68.05555273,0.00499697099,23.98946007,88,0.7967055787,-0.1797540208,86.10171671,432178760000,2.281468048,0.00993545717,0,6.868744683e-16,2.22,93.9744,105.04,11.60000038,13.28999996,74.20999908,10.44999981,15.22999954,55.40000153,221,109,-0.83241,0.0059685,262.8361,0.10100475,0.100915,0.086952,0.0881135,0.08753275,0.100959875,0.1129718333,0.112781625,0.1128767292,11,13.925,24.45,28.8875,40.0625,43.45625,-0.7897589227,0.067605703,-0.02893988836,1.10663672,0.079483,0.1036115,0.08846175,0.12296725,0.09844270833,0.1359829583,0.07265786083,0.04802271635,0.02463514448,0.4140874294,0.07732337417,0.07255963185,0.004763742316,0.0635875603,0.08535942516,0.09866746094,-0.01330803578,-0.1448843431,0.7186977188,-8.975e-05,-0.2635633512,0.0040145,0.048257,0.00819110071,0.005355801037,0.003005888138,-0.000728203367,-0.3264027168,0.004754625,0.069011,-0.3202742305,0.004336104167,0.0750805,0.1456896142,0.005788906862,74.20999908,6.540000916,0.1100479037,0.06777009825,0.1456896142,0.005788906862,0.1459743857,0.01380302518,0.008074657341,0.06835962835,0.1056418238,0.01187890488,-0.003543311152,1,0.003543311152,0.04589655469,0.0565587245,0.8114849671,0.009497260541,0.004232360366,0.5543598759,-0.0004668568091,0.00740332762,0,0,0
2014-06-18,-0.6216280233,0.3060665254,1.597242882e-05,21.57912432,14.17367333,0.03264725266,69.1003341,0.005608858088,23.65968188,92,0.874125548,0.9176138995,78.93528819,440699120000,1.662883591,0.01053048395,0,6.270453299e-16,2.23,94.0525,106.64,10.60999966,12.61999989,71.76000214,10.55000019,14.82999992,59.40000153,213,109,-0.83943,0.0063074,266.1806,0.0947158,0.0946474,0.08272933333,0.08310833333,0.08291883333,0.0946816,0.1051605,0.104686,0.10492325,13.21666667,12.13333333,25.05,25.39,36.775,41.725,-0.7500715803,0.06800800213,-0.02714074131,0.62003342,0.074831,0.09753666667,0.0809278,0.1138132,0.09069625,0.13151375,0.05602181765,0.07094926818,-0.01492745054,-0.2362238733,0.09408534382,0.07233601173,0.02174933209,0.2628801906,0.08513993409,0.09767317126,-0.01253323717,-0.1373307318,0.7639922829,-6.84e-05,-0.2634562167,0.003265,0.04541133333,0.006024710679,0.001841734266,0.001468840007,-0.002166390032,-0.3377347349,0.0026889,0.0657708,-0.3673777058,0.00618175,0.081635,0.1894439485,0.04375433432,71.76000214,-2.449996948,0.005687153067,-0.1043607506,0.1894439485,0.04375433432,0.1751188636,0.02914447786,0.008404011913,0.05437736934,0.1338615326,0.0282197088,0.007689243161,0,0,0.02853284401,0.0614299946,0.4644773974,0.009488195217,0.004255696624,0.5514745927,2.333625816e-05,-0.002885283187,1,0,0
2014-06-25,-0.475725957,0.610889656,1.402953939e-05,20.7693329,4.949170714,-0.3524340504,65.04404002,0.005527200131,25.79580285,96,0.8053638717,0.8051079328,65.96745387,445286890000,0.423314543,0.005399949401,0,5.32879494e-16,2.28,93.5851,107.04,11.59000015,13.10999966,72.30999756,11.10999966,14.92000008,54.09999847,209,107,-0.83904,0.0062576,266.14986,0.0951606,0.0951584,0.0830862,0.0834704,0.0832783,0.0951595,0.10571725,0.1057804167,0.1057488333,11.94,13.72,23.53,27.32,35.81875,43.79166667,-0.7537704644,0.06791165739,-0.02727769523,0.2205968403,0.073416,0.1031924,0.0823754,0.1194876,0.09125345833,0.1324580417,0.0716227886,0.07265786083,-0.001035072238,-0.01434828578,0.09854637573,0.07106648712,0.02747988861,0.3269113798,0.08525368804,0.09601759161,-0.01076390357,-0.118900044,0.7468144234,-2.2e-06,-0.337202534,0.0050259,0.0595528,0.008382364762,0.00165611051,0.001963437853,0.002357654083,-0.3676969033,0.005772,0.0742244,-0.3683725095,0.006106916667,0.08240916667,0.1311474965,-0.05829645206,72.30999756,0.5499954224,0.0432043664,0.03751721334,0.1311474965,-0.05829645206,0.1380625833,-0.03705628027,0.00805713239,0.05663178854,0.1245519677,-0.00930956489,0.004885557423,0,0,0.03638506318,0.05063220477,0.7186150266,0.008823728298,0.003773282707,0.5723709322,-0.0004824139175,0.0208963395,0,0,1
2014-07-02,-0.4914156878,0.2825554787,1.546265998e-05,-14.30496235,-24.72532716,-0.06792270897,70.00787667,0.005489664201,25.77112781,96,0.9625909869,-0.002447322868,80.43322073,449801010000,1.901142816,0.009672741424,0,5.223115286e-16,2.26,93.2478,105.18,10.81999969,12.48999977,68.15000153,9.420000076,14.25,59.59999847,215,108,-0.83188,0.006805333333,264.6671667,0.08770533333,0.087895,0.07488666667,0.073923,0.07440483333,0.08780016667,0.1021436667,0.102008,0.1020758333,10.35,12.25,20.96666667,25.85,34.81666667,43.5,-0.6916018257,0.06701724045,-0.02516863763,0.5043259048,0.06841466667,0.089201,0.07700566667,0.1110733333,0.08913633333,0.128935,0.09376804579,0.05602181765,0.03774622815,0.5150829191,0.1059955583,0.05833411408,0.04766144421,0.5972101209,0.09597547765,0.08851228448,0.007463193171,0.08095136764,0.6643963935,0.0001896666667,-0.2637597362,0.004403,0.04157266667,0.008304370474,0.002397635171,0.002585051247,-7.799428821e-05,-0.3622697554,0.006239333333,0.06813533333,-0.3650059461,0.006959833333,0.07959733333,0.1543438192,0.0231963227,68.15000153,-4.159996033,0.1486199158,0.1054155494,0.1543438192,0.0231963227,0.1409127511,0.002850167795,0.007883492625,0.05817890445,0.1193340383,-0.005217929368,0.0006585960751,0,0,0.03662429005,0.05213161244,0.7025351478,0.007519385203,0.004116516337,0.4525461556,0.0003432336302,-0.1198247766,0,0,0
2014-07-09,-0.2416637929,-0.4744905002,1.846682855e-05,-1.46462657,-25.69735694,-0.925866401,61.63591238,0.005556923157,26.11329776,84,0.7510479439,0.7082737597,66.28323112,448674210000,0.5074182683,0.004384450376,0.001953169316,6.175568134e-16,2.29,93.228,102.93,11.64999962,12.98999977,76.27999878,10.47999954,14.63000011,55.16999817,206,108,-0.82049,0.0063885,260.3497,0.094779,0.094502,0.082806,0.0823105,0.08255825,0.0946405,0.1061815714,0.1059765714,0.1060790714,10.475,13.525,21.775,28.05,35.62857143,45.36428571,-0.7333221959,0.06598381513,-0.02712896308,0.3736168575,0.073238,0.101205,0.0808755,0.12117,0.09107928571,0.1338444286,0.09724418781,0.07041293191,0.02683125589,0.322848277,0.1055112208,0.06210409578,0.043407125,0.530005364,0.09754160626,0.07317688981,0.02436471645,0.2873993597,0.6562105629,-0.000277,-0.3206434193,0.00466325,0.055934,0.009715330399,0.001857883663,0.005897912193,0.001410959925,-0.3988656021,0.00638225,0.080589,-0.3802635306,0.006382785714,0.08553028571,0.1150214761,-0.03932234308,76.27999878,8.129997253,0.1116412335,-0.03697868231,0.1150214761,-0.03932234308,0.1262509909,-0.01466176016,0.008115189315,0.06467579656,0.111486185,-0.00784785337,0.004633516553,0,0,0.04653799209,0.05051495011,0.921271663,0.008246288179,0.004389369467,0.4677157321,0.0002728531301,0.01516957647,0,0,0
2014-07-16,-0.3219603723,-0.5383055136,1.741315096e-05,-0.7641321316,-16.55783099,-1.27008275,62.96269752,0.006208645417,19.84028397,60,0.8961134235,0.4268380888,63.96851864,451000280000,1.051015103,0.006353985709,0.004237887225,6.03962326e-16,2.23,93.5991,101.88,11,12.63000011,75.80999756,10.26000023,14.36999989,52.90000153,205,108,-0.80763,0.0062976,264.40358,0.0951192,0.0948006,0.0862032,0.0851852,0.0856942,0.0949599,0.1052745,0.1052165,0.1052455,13,12.64,23.46,26.94,36.65,43.325,-0.7472540928,0.06671567999,-0.02722049504,0.724773148,0.0729598,0.1053842,0.0806772,0.1210406,0.088462,0.132753,0.09468312536,0.07086710121,0.02381602415,0.2897294848,0.1043199606,0.0644401056,0.03987985505,0.481726524,0.1176892788,0.06978033034,0.04790894844,0.522695751,0.678603343,-0.0003186,-0.3636163818,0.0034778,0.0648488,0.007947472791,0.00232134988,0.006207320767,-0.001767857608,-0.4001967105,0.005899,0.0807268,-0.400433967,0.005362,0.088582,0.1481818286,0.03316035249,75.80999756,-0.4700012207,0.07212473242,-0.03951650111,0.1481818286,0.03316035249,0.1377672015,0.0115162106,0.01520041849,0.05877218658,0.2054871324,0.09400094744,0.004192285009,0,0,0.04040964846,0.05387976555,0.7499967389,0.009361765084,0.005209237875,0.4435624235,0.000819868408,-0.02415330854,1,0,0
2014-07-23,-0.4558463206,-0.07040332664,2.980949023e-05,14.46064894,-7.03727493,-0.7497585323,60.57280427,0.007158643092,16.78290186,100,0.9196795113,0.346109593,55.05762251,453873700000,0.4732882581,0.006832830677,0.00757676276,7.182980571e-16,2.23,93.5951,103.81,11.52000046,13.38000011,76.63999939,10.82999992,14.81999969,53.40000153,198,109,-0.79517,0.005893,268.777875,0.1001255,0.1002095,0.0908586,0.0907034,0.090781,0.1001675,0.1114154286,0.111356,0.1113857143,13.93,13.15,25.675,28.275,37.55714286,47.11428571,-0.8012740415,0.06763374996,-0.02871282534,0.5820723331,0.0776058,0.1099636,0.084624,0.1260745,0.09615485714,0.1422362857,0.1163164826,0.09724418781,0.01907229476,0.1790895588,0.09287431106,0.07831969451,0.01455461655,0.1704479875,0.1201419632,0.07480759907,0.04533436417,0.4737545989,0.7818872839,8.4e-05,-0.3450221625,0.0030037,0.0647156,0.007137066507,-0.001215242101,0.006810600468,-0.0008104062841,-0.3934579506,0.00518175,0.082901,-0.3866035291,0.007809857143,0.09216285714,0.1614582971,0.01327646853,76.63999939,0.8300018311,0.06371196112,-0.008412771299,0.1614582971,0.01327646853,0.1076232861,-0.03014391543,0.01737350566,0.07128866555,0.195951728,-0.009535404369,0.001752900777,0,0,0.05441683703,0.06138561998,0.8864753187,0.01112370645,0.004989731904,0.5514326159,-0.0002195059703,0.1078701924,0,0,0
2014-07-30,-0.3125018098,-0.04265373207,2.883062859e-05,12.42823505,13.00765135,-2.420996758,51.26045395,0.007026946246,15.97752868,76,0.3353608619,-0.07161269296,49.48076515,457506540000,-0.3555727775,-0.002911691029,0.007012113547,6.891036819e-16,2.28,94.3473,104.29,13.32999992,14.26000023,83.58000183,13.28999996,15.56999969,55.88999939,201,109,-0.78534,0.0053958,267.48868,0.1097346,0.1101448,0.107003,0.107524,0.1072635,0.1099397,0.1198976667,0.119438,0.1196678333,14.95,15.85,27.32,31.72,41.01666667,49.08333333,-0.8752269414,0.06788811565,-0.03151302921,0.1462028678,0.0914865,0.1328055,0.0939102,0.138583,0.1032686667,0.149606,0.1458247224,0.09468312536,0.05114159702,0.431869575,0.09480363685,0.07668588321,0.01811775364,0.2120901325,0.1345299406,0.07585736441,0.0586725762,0.5729319882,0.6975267643,0.0004102,-0.3684393558,0.0048825,0.082638,0.01188816511,0.002540564204,0.0085660506,0.004751098606,-0.3842933901,0.0063069,0.0893456,-0.3664845826,0.0067695,0.09267466667,0.06976746515,-0.09169083196,83.58000183,6.940002441,0.003009778929,-0.06070218219,0.06976746515,-0.09169083196,0.09186531872,-0.01575796739,0.01907448735,0.06981551902,0.214585285,0.01863355693,6.091091941e-05,0,0,0.059153375,0.05354890194,1.10466084,0.01113627416,0.005255549479,0.5280693164,0.0002658175741,-0.02336329958,0,1,0
2014-08-06,-0.9932071228,1.577659842,4.940184992e-05,49.95430985,10.18955052,-8.08009734,35.7246113,0.009010033416,25.68132653,-36,0.01810761937,0.06804310262,34.0360448,452673430000,-2.705168371,-0.01950237365,0.007847951843,7.580724241e-16,2.25,94.6092,96.93,16.37000084,16.93000031,96.37999725,16.25,17.92000008,56.91999817,201,114,-0.77766,0.004423666667,257.8910333,0.1389866667,0.139164,0.142912,0.142906,0.142909,0.1390753333,0.1438848889,0.1438558889,0.1438703889,19.4,20.7,33.83333333,38.08333333,47.64444444,58.56111111,-1.067448852,0.06715072942,-0.03986006902,0.4724027014,0.1213025,0.1714675,0.1155273333,0.172891,0.119344,0.1842042222,0.07949193268,0.1163164826,-0.03682454989,-0.3806592332,0.06803035469,0.0988574746,-0.03082711991,-0.3737251642,0.1289534531,0.08575223939,0.04320121376,0.4079893099,0.7108196129,0.0001773333333,-0.3426922157,0.003476,0.10033,0.01702489246,0.006893458165,0.01334524224,0.00513672735,-0.397781001,0.005133833333,0.1147273333,-0.4273470735,0.007903722222,0.1297204444,0.03420888438,-0.03555858078,96.37999725,12.79999542,0.00738466703,0.004374888101,0.03420888438,-0.03555858078,0.05847606339,-0.03338925532,0.02226733537,0.09477421777,0.1902515369,-0.02433374802,1.563842636e-05,0,0,0.09546219744,0.05349579038,1.78448055,0.01446264437,0.004689844088,0.6757270685,-0.0005657053904,0.1476577521,0,0,0
2014-08-13,-0.6625203376,1.159960772,5.523160462e-05,27.48785756,-14.93721313,-1.997699988,49.43371794,0.009899069905,28.7410766,-40,0.4384509258,0.7361349342,25.7696832,455236400000,-1.626656236,0.002386987588,0.007422698335,8.73393127e-16,2.23,94.4681,97.57,12.89999962,14.85000038,81.26999664,12.63000011,16.53000069,58.79999924,200,114,-0.77624,0.005172,263.373225,0.11645825,0.11651225,0.1103598,0.1112124,0.1107861,0.11648525,0.12436075,0.12455625,0.1244585,15.98,16.4,29.3875,32.075,41.25,51.7875,-0.9130683321,0.06764537915,-0.0333884919,0.6156448756,0.0956774,0.130418,0.09675325,0.14402575,0.10717725,0.15658325,0.04903307788,0.1458247224,-0.0967916445,-1.08991024,0.08354019788,0.1051239075,-0.02158370959,-0.2298117978,0.1284058377,0.08735754623,0.04104829144,0.3851864314,0.9024653977,5.4e-05,-0.3073092155,0.0022616,0.0694812,0.005589963095,-0.008991289705,0.007858577339,-0.01143492937,-0.3926629814,0.00390425,0.094545,-0.3746277399,0.00742175,0.098812,0.1511628543,0.1169539699,81.26999664,-15.11000061,0.02137763275,0.01399296572,0.1511628543,0.1169539699,0.1131313308,0.05465526738,0.01929349101,0.1076365812,0.1520009456,-0.0382505913,0.006684767103,0,0,0.09630680429,0.06807368418,1.41474353,0.01618760787,0.005136571947,0.6826849286,0.0004467278586,0.006957860099,1,0,0
2014-08-20,-1.044101428,2.369839179,4.930813758e-05,-24.66112903,-1.754594713,5.71141235,62.99373162,0.008661637512,23.13876197,-40,0.8577344183,0.6216791839,60.3924256,462696630000,2.450761467,0.02363138337,0,8.156569204e-16,2.17,94.5937,96.4,11.77999973,13.76000023,79.90000153,10.80000019,15.59000015,62.79999924,194,113,-0.78145,0.005843333333,271.4134667,0.100012,0.09975166667,0.08727375,0.088789,0.088031375,0.09988183333,0.1106170625,0.1108301875,0.110723625,13.7625,13.5625,26.16666667,28.11666667,38.003125,46.1,-0.8068236501,0.06831414558,-0.02863096428,0.2709359606,0.07742,0.10633525,0.084668,0.1259926667,0.0932075,0.14120725,0.03767142127,0.07949193268,-0.04182051141,-0.7467537904,0.09007726591,0.1055112208,-0.01543395488,-0.1581494933,0.1268665588,0.0860750521,0.0407915067,0.3879162014,1.056360474,-0.0002603333333,-0.3147148177,0.00384625,0.0578305,0.00274422166,0.001430555623,0.004850806539,-0.002845741435,-0.3923339589,0.0054485,0.08264933333,-0.4095284106,0.00648375,0.0959995,0.16808154,0.01691868566,79.90000153,-1.369995117,0.09074069675,0.069363064,0.16808154,0.01691868566,0.1329941783,0.01986284751,0.0194893706,0.1013592473,0.1612709433,0.00926999763,0.002474748283,0,0,0.0861474893,0.06710221494,1.283824824,0.01612452042,0.004991902709,0.6904154307,-0.000144669238,0.007730502162,0,0,0
2014-08-27,-1.400805352,3.268990123,4.842617327e-05,-39.82891847,-2.261144633,6.136968025,66.17770516,0.006286762702,23.65771736,52,0.8666460897,0.3198660118,80.05315284,470063870000,3.262909657,0.01701468866,0,8.409437479e-16,2.14,94.6863,95.82,11.77999973,13.92000008,78.84999847,9.890000343,15.68000031,56.90000153,186,111,-0.78981,0.0057636,271.41796,0.1011456,0.1010662,0.081431,0.0812164,0.0813237,0.1011059,0.112274375,0.11194625,0.1121103125,11.77,14.15,25.3,29.85,38.5625,46.9375,-0.8167249143,0.06785041897,-0.02898173312,3.94107425,0.0736104,0.0968096,0.0877664,0.1255022,0.096671625,0.139909375,0.05516557716,0.04903307788,0.006132499277,0.1178440274,0.1303682177,0.1043199606,0.02604825703,0.2229001694,0.1268098077,0.08612606706,0.04068374059,0.3868762675,1.031789051,-7.94e-05,-0.2722591245,0.0038863,0.0463984,0.002994185182,0.004209301455,0.005151022741,0.0002499635221,-0.3538805056,0.0055284,0.0754716,-0.3655217452,0.0061801875,0.0864755,0.1816638703,0.01358233031,78.84999847,-1.050003052,0.191102055,0.1003613583,0.1816638703,0.01358233031,0.1264367974,-0.006557380931,0.01816075441,0.09994414708,0.1537679993,-0.007502943984,4.998604328e-05,0,0,0.08315232291,0.07006655437,1.186761982,0.01545797085,0.004575316659,0.7040157014,-0.0004165860494,0.01360027066,0,1,0
2014-09-03,-0.2234955297,0.9317840334,2.285664901e-05,-32.04511048,6.245737285,3.307301319,64.45499433,0.005500870981,23.56121784,72,0.7471239359,-0.5368128075,80.48072867,464410640000,2.33547363,0.007406944234,0,6.316316151e-16,2.17,94.8709,95.5,12.35999966,14.39000034,80.76999664,10.82999992,16.07999992,64.90000153,189,112,-0.79785,0.005731,265.00495,0.104578,0.104818,0.0907675,0.0912105,0.090989,0.104698,0.116353,0.116647,0.1165,12.925,13.75,26.325,29.3,40.91666667,48.05,-0.825758579,0.06622739564,-0.03001106324,0.3442429386,0.0799755,0.1052485,0.089528,0.13031,0.09987233333,0.1476246667,0.07251318118,0.0367939297,0.03571925147,0.6784354768,0.141027148,0.09283138855,0.04819575945,0.4181675896,0.1271424004,0.08515968823,0.04198271222,0.4007795427,0.8866586616,0.00024,-0.272891202,0.001623,0.050546,0.006659292452,0.006925204858,0.006320077501,0.00366510727,-0.3710186592,0.005221,0.081564,-0.3858821184,0.0072485,0.09550466667,0.1642395423,-0.01742432796,80.76999664,1.919998169,0.1412742146,-0.04982784044,0.1642395423,-0.01742432796,0.1174426366,-0.008994160801,0.01474347435,0.06147441028,0.193438514,0.03967051475,-0.0007794447528,1,0.0007794447528,0.02286090491,0.06634179971,0.3445927758,0.013588865,0.004971198297,0.634171191,0.0003958816379,-0.06984451038,0,0,0
2014-09-10,0.01258365349,-0.3388167944,1.405889811e-05,22.433084,10.84946192,-0.6137163205,56.97258813,0.005845814978,19.32050808,76,0.60410451,0.8580702773,57.22344244,461397040000,0.3666222542,-0.0009234715335,0,6.148276525e-16,2.1,95.8641,91.71,12.88000011,14.63000011,82.12000275,12.73999977,16.28000069,63.20000076,196,113,-0.80341,0.0056135,264.52325,0.107142,0.1074295,0.0978805,0.1000725,0.0989765,0.10728575,0.11561025,0.11567,0.115640125,14.15,14.65,27.35,29.5,39.1375,49.5875,-0.8446302163,0.06627363218,-0.03075257128,0.2584141472,0.081262,0.12382,0.0899985,0.136987,0.0991675,0.150707,0.08813178277,0.0548965048,0.03323527797,0.4733835441,0.1617081682,0.09480306531,0.06690510284,0.5339915363,0.1273678164,0.08555477655,0.04181303989,0.3979222608,0.8836501149,0.0002875,-0.4150339864,0.0035645,0.085116,0.007601819102,0.006782721313,0.006053018719,0.0009425266502,-0.4140220411,0.006207,0.093977,-0.4125230866,0.009297125,0.103079,0.135869564,-0.02836997831,82.12000275,1.350006104,0.01098903813,-0.1302851764,0.135869564,-0.02836997831,0.1127819931,-0.004660643441,0.01239876488,0.05380432698,0.1872837737,-0.006154740303,0.0036394436,0,0,0.0281065779,0.0559824885,0.5020601737,0.01395059821,0.004962977017,0.6442462938,-8.221280473e-06,0.01007510279,0,0,0
2014-09-17,-0.2024721049,-0.3183817205,1.364074601e-05,51.12953253,1.395702689,-1.561793333,58.52286839,0.00706481041,16.67355565,64,0.702045601,-0.05101084295,57.47525689,464725360000,-0.08985104262,0.002758233522,0,5.089288727e-16,2.06,95.9106,94.33,12.64999962,14.61999989,81.51999664,11.81000042,16.18000031,62.29999924,203,114,-0.79952,0.005697,267.57388,0.1042844,0.1042014,0.09694366667,0.097008,0.09697583333,0.1042429,0.1136899375,0.1134805625,0.11358525,15.05,15.25,27.18,28.66,40.33125,46.434375,-0.8301392028,0.06684099982,-0.0298806545,0.5915985998,0.08363933333,0.120295,0.0886586,0.1315386,0.0957120625,0.145180375,0.1329210004,0.07251318118,0.06040781924,0.6059866153,0.1692808889,0.0674177565,0.1018631324,0.9206509669,0.1317991967,0.08639612178,0.04540307496,0.4223367395,0.6467371543,-8.3e-05,-0.3594849976,0.004991333333,0.07331133333,0.01145709514,0.004146150806,0.005437319158,0.003855276041,-0.3894690759,0.0058557,0.08576,-0.4107087214,0.00686096875,0.098936625,0.1557312511,0.01986168709,81.51999664,-0.6000061035,0.07112609391,0.06013705577,0.1557312511,0.01986168709,0.1067031759,-0.006078817205,0.0117594721,0.0558171438,0.1740168836,-0.01326689016,0.001294805079,0,0,0.03531194264,0.04292588616,0.8226258277,0.009280851559,0.004735697667,0.4897345748,-0.0002272793499,-0.154511719,1,0,0
2014-09-24,-0.1032749864,-0.3725447607,1.69825302e-05,16.7041839,8.769044555,-1.929791843,53.81685572,0.007693328518,14.89631023,88,0.5111987913,0.8591693925,59.25501463,459765310000,-0.1618748649,0.0007864454557,0,5.741284295e-16,2.03,96.6574,93.6,13.27000046,15.22000027,86.20999908,12.89000034,16.73999977,58.29999924,198,115,-0.78605,0.005461,267.05636,0.1089152,0.1088068,0.1028848,0.1031256,0.1030052,0.108861,0.118027375,0.118066875,0.118047125,14.29,16.72,27.2,31.14,40.7125,49.30625,-0.8652387621,0.06682088775,-0.03120394291,0.6021121802,0.087254,0.1320418,0.0912272,0.1399634,0.098739625,0.153355,0.1806343186,0.08813178277,0.09250253583,0.7176414226,0.170030454,0.06935902214,0.1006714319,0.8966813282,0.1495612783,0.08913958656,0.06042169171,0.5175026675,0.6371337958,-0.0001084,-0.4084692912,0.0066427,0.0895756,0.01279861726,0.002842860093,0.005989257829,0.00134152212,-0.4216105672,0.0067343,0.0974724,-0.4332926575,0.0080001875,0.10923075,0.1469479836,-0.00878326753,86.20999908,4.690002441,0.02948022532,-0.04164586859,0.1469479836,-0.00878326753,0.09986855962,-0.006834616291,0.01101191016,0.06940083556,0.1369423474,-0.03707453617,0.007801976759,0,0,0.04937788475,0.0492110778,1.003389622,0.009038461386,0.004227787434,0.5322447867,-0.0005079102327,0.04251021185,0,0,1
2014-10-01,-0.5365743388,0.7092381111,3.736208453e-05,33.02812356,9.876214158,-5.865085384,36.81200404,0.009596561223,15.56454149,-32,-0.2017614178,-0.7012067393,51.78701365,448187570000,-1.91368361,-0.02077125874,0.006768248741,8.26025186e-16,1.96,97.5387,90.74,16.70999908,17.62000084,98.12000275,16.71999931,18.71999931,64.30000305,189,121,-0.76494,0.0041396,260.22916,0.1475422,0.1478246,0.1541495,0.1530545,0.153602,0.1476834,0.147553,0.147654,0.1476035,22.45,21.075,37.83,39.05,51.375,59.1,-1.14379545,0.06685708267,-0.04232562707,0.2198030447,0.130082,0.178609,0.1217656,0.181004,0.1226,0.184875,0.1959900496,0.1329210004,0.06306904915,0.3883089205,0.1548210246,0.09052182078,0.06429920381,0.5366788344,0.1415574121,0.09804695834,0.04351045373,0.3672588432,0.6129451298,0.0002824,-0.3144050199,0.0007435,0.097054,0.0197282069,0.005925582052,0.01217358717,0.006929589639,-0.3913100919,0.0037014,0.1184768,-0.4050735832,0.006134,0.12455,0.05445851614,-0.09248946744,98.12000275,11.91000366,-0.0005980998381,-0.03007832515,0.05445851614,-0.09248946744,0.06242896832,-0.0374395913,0.01109920514,0.1045887384,0.09594089756,-0.04100144985,-0.01333710611,1,0.01333710611,0.09033318217,0.05658640095,1.596376173,0.01273867365,0.004544473611,0.6432537848,0.0003166861767,0.1110089982,0,0,0
2014-10-08,-0.4177404263,-0.3671998626,5.97989085e-05,70.86761118,13.97254126,-3.772957782,48.19202585,0.01196903257,19.40336188,-52,0.3711986095,0.9348272587,51.66512183,453156850000,-1.273637431,-0.001798379708,0.009776403334,9.504163601e-16,1.96,97.4945,87.29,15.10999966,16.28000069,89.08000183,14.59000015,17.73999977,65,189,122,-0.7434,0.004731,260.6988,0.1285905,0.129162,0.128594,0.128953,0.1287735,0.12887625,0.134393,0.1344486667,0.1344208333,17.725,19.325,31.25,36.175,47.175,55.68333333,-0.9999370156,0.06620451117,-0.03693845978,1.211348617,0.109565,0.1519465,0.107443,0.161138,0.1121958333,0.1704811667,0.2077012885,0.1806343186,0.02706696991,0.1396262862,0.1365937314,0.1165734344,0.020020297,0.1584896432,0.1397374707,0.1102254335,0.02951203715,0.2372377884,0.9045377595,0.0005715,-0.3241272372,0.00198225,0.084763,0.009241843347,-0.01604614275,0.005919314238,-0.01048636356,-0.3998421333,0.00541425,0.10739,-0.4123811512,0.006917666667,0.1165706667,0.07743223405,0.02297371792,89.08000183,-9.040000916,0.03564081553,0.03623891537,0.07743223405,0.02297371792,0.08968052966,0.02725156135,0.01312922385,0.1341022734,0.08917401576,-0.006766881799,0.0173109475,0,0,0.1021062733,0.08970218746,1.13828075,0.01804699058,0.004457624967,0.7529989864,-8.684864422e-05,0.1097452016,0,0,0
2014-10-15,0.08290792502,-0.6356911857,0.0001059490127,70.74063371,3.421413046,-11.45953957,29.22171971,0.01633448601,29.71037595,-72,-0.0287774457,0.5631517485,32.37005545,438630920000,-5.830218209,-0.0358803582,0.01164877904,1.155009585e-15,1.86,97.3532,81.82,25.27000046,22.77000046,129.0099945,31.12000084,23.53000069,101.3000031,181,129,-0.72779,0.003183333333,250.3531667,0.199193,0.1991716667,0.2494548,0.2339944,0.2417246,0.1991823333,0.1912041667,0.1909368333,0.1910705,36.04,31.36,50.16666667,49.55,67.2625,70.29166667,-1.484104997,0.06720926466,-0.05706964497,0.3371092899,0.2017394,0.2872044,0.1615733333,0.244999,0.1568640833,0.235523,0.1337404348,0.1959900496,-0.06224961477,-0.3821630227,0.09169938631,0.141027148,-0.04932776169,-0.430436724,0.1344249493,0.1202554102,0.01416953916,0.1113881468,0.7080304043,-2.133333333e-05,-0.3495902801,0.0027473,0.17093,0.04396863584,0.02001868272,0.0220465723,0.03472679249,-0.4103853599,0.004103833333,0.1668513333,-0.4009251069,0.005123041667,0.1573178333,-0.09893153758,-0.1763637716,129.0099945,39.92999268,-0.1879820123,-0.2236228279,-0.09893153758,-0.1763637716,0.03337726015,-0.05630326951,0.01489878244,0.1561697437,0.08709248145,-0.002081534311,-0.008133300726,1,0.008133300726,0.146423352,0.08571098759,1.708338173,0.02694633919,0.007057682718,0.7380838017,0.002600057751,-0.01491518463,1,0,0
2014-10-22,0.03515289061,-1.083814988,0.0001451312543,17.21411748,-30.22992436,1.725748502,48.12422584,0.01755772954,31.07727105,-72,0.4819130611,-0.9750864751,53.74442991,451742560000,-1.919257844,0.008654661472,0.007786094715,1.277267583e-15,1.91,97.459,80.52,17.87000084,19.05999947,108.8199997,18.36000061,20.12999916,77.19999695,184,127,-0.72032,0.0038664,261.81844,0.1566056,0.1573366,0.1715588,0.1714454,0.1715021,0.1569711,0.162961,0.162797,0.162879,25.39,24.18,39.8,42.47,58.2,63.05,-1.223152635,0.06793033091,-0.04498552881,0.3829153035,0.1423138,0.206781,0.1305018,0.1948456,0.135238,0.200374,0.09517325475,0.2077012885,-0.1125280338,-0.7804019698,0.07224265528,0.1617081682,-0.08946551288,-0.8057626148,0.1296986452,0.1320139952,-0.002315350026,-0.01769429578,1.030177964,0.000731,-0.3693392167,0.0030453,0.1289344,0.00578416135,-0.01372685494,0.0091018737,-0.03818447449,-0.3955390453,0.0057026,0.1286876,-0.388162521,0.004927,0.130272,0.06659197374,0.1655235113,108.8199997,-20.18999481,-0.02668843981,0.1612935725,0.06659197374,0.1655235113,0.05613849553,0.02276123538,0.02197752848,0.1797325231,0.1089560402,0.02186355873,-0.007326100662,1,0.007326100662,0.14448077,0.1188415467,1.215742929,0.03484948795,0.008699956305,0.7503562659,0.001642273587,0.01227246413,0,0,0
2014-10-29,-0.1237425588,-1.139957024,0.0001453986021,-28.56059451,-11.69350775,11.55213562,58.91419126,0.0153418383,23.46850558,-60,0.8327821129,0.1860481621,66.54392088,454984240000,5.737332065,0.03619744194,0.003480071232,1.201876028e-15,1.92,97.0145,82.25,15.14999962,16.88999939,99.33999634,14.89999962,18.62999916,73,186,126,-0.72687,0.0044986,268.95978,0.1307408,0.1310788,0.125903,0.126429,0.126166,0.1309098,0.14209425,0.14251125,0.14230275,18.24,19.22,33.11,37.52,53.35625,56.55,-1.047900923,0.06784033194,-0.0375210152,0.8008035802,0.1096974,0.1506152,0.1117518,0.1626664,0.121414375,0.17325775,0.06774442476,0.1337404348,-0.06599601004,-0.6801587027,0.08068175778,0.1692808889,-0.08859913111,-0.7410468997,0.1322259134,0.128436107,0.003789806441,0.02908036628,1.293110897,0.000338,-0.314374333,0.0039903,0.0818356,-0.0057037705,-0.001968644344,0.003754239087,-0.01148793185,-0.3710730557,0.0062993,0.1018292,-0.3518715929,0.0050333125,0.10368675,0.1148514729,0.04825949919,99.33999634,-9.480003357,0.01677852392,0.04346696372,0.1148514729,0.04825949919,0.1030195284,0.04688103283,0.02318065046,0.1720826415,0.11871484,0.009758799814,-0.001386315991,1,0.001386315991,0.1231179192,0.1322343131,0.9310587872,0.03838272555,0.009726706209,0.7465863597,0.001026749904,-0.003769906222,0,1,0
2014-11-05,-0.3644079848,-0.5280337942,0.0001231402688,-42.16426294,-2.463107733,12.14529565,65.51959274,0.01127357003,23.08053086,52,0.8699887486,0.9572034728,92.2978228,459117570000,6.279375419,0.02951891076,0,1.071770672e-15,1.93,98.8086,78.71,14.17000008,16.56999969,87.08000183,13.35000038,18.35000038,72.90000153,184,128,-0.74041,0.004678666667,271.1753,0.124498,0.1244626667,0.11569,0.115594,0.115642,0.1244803333,0.1361107143,0.1362807143,0.1361957143,14.95,19.35,30.46666667,37.56666667,49.45714286,59.00714286,-1.004642611,0.06700418073,-0.03567910503,0.6282906668,0.1040445,0.1367595,0.1094383333,0.1546696667,0.117691,0.167306,0.03315341995,0.09517325475,-0.0620198348,-1.054553088,0.1288187373,0.170030454,-0.04121171673,-0.2775712834,0.141712022,0.1288416142,0.01287040779,0.0952131311,1.365922226,-3.533333333e-05,-0.2717147556,0.00476,0.06543,-0.008831465076,0.004315123745,0.001949111031,-0.003127694576,-0.3425214937,0.007573666667,0.09046266667,-0.3481791036,0.006302785714,0.09923,0.1693718847,0.05452041173,87.08000183,-12.25999451,0.06142319636,0.04464467244,0.1693718847,0.05452041173,0.1074230971,0.004403568769,0.0264752299,0.1531643465,0.1473797169,0.02866487686,0.005684311061,0,0,0.1109116992,0.1215061055,0.9128076222,0.04065681142,0.01174645613,0.7110827013,0.002019749924,-0.0355036584,0,0,0
2014-11-12,0.250374367,-0.3829709586,5.227328554e-05,-50.23188023,-2.435080325,7.250846614,67.89621132,0.007476300251,24.73274232,76,0.7732769759,0.5035907297,85.49409404,469488230000,3.905935111,0.01571409543,0,7.990995279e-16,1.91,98.8897,77.16,13.02000046,15.73999977,83.09999847,11.39000034,17.48999977,66.80000305,182,130,-0.75619,0.00499,281.5228,0.112656,0.112661,0.090477,0.09055733333,0.09051716667,0.1126585,0.124932,0.125076,0.125004,12.66666667,15.66666667,29.3,34.4,45.95,54.425,-0.9439266775,0.06905992886,-0.03229204825,0.634751773,0.08258333333,0.1090016667,0.098397,0.141583,0.1090445,0.1565885,0.0373229252,0.06774442476,-0.03042149956,-0.5961344106,0.1293332185,0.1548210246,-0.02548780612,-0.1798776069,0.145294857,0.1269333496,0.01836150738,0.1351030317,1.374250719,5e-06,-0.2757870745,0.005275333333,0.05283666667,-0.007017508463,0.003604050376,-0.0004860752259,0.001813956613,-0.3599133261,0.0073315,0.086372,-0.3579675718,0.0078125,0.095088,0.2089093101,0.03953742546,83.09999847,-3.980003357,0.1431079952,0.08168479884,0.2089093101,0.03953742546,0.1111817043,0.003758607156,0.02472577386,0.09171365145,0.2123488139,0.06496909703,-0.0007013625789,1,0.0007013625789,0.02892222472,0.1226427406,0.2358250034,0.03694454548,0.01297499583,0.6487980659,0.001228539694,-0.06228463532,0,0,0
2014-11-19,0.42314424,-0.1458817512,2.711902631e-05,-34.12090203,6.275899948,2.249093229,69.44041123,0.00587614432,27.69650363,96,0.7718658742,0.4188697248,78.42242713,479348860000,1.531854397,0.008834640605,0,5.320152234e-16,1.83,99.2424,74.55,13.96000004,15.97000027,81.05999756,11.42000008,17.90999985,70,182,135,-0.76583,0.0048962,287.477,0.1127402,0.1127858,0.0981692,0.0982584,0.0982138,0.112763,0.1268947778,0.126794,0.1268443889,14.8,17.39,30.37,34.68,47.29444444,55.12222222,-0.9647847902,0.07016014878,-0.03232199026,0.2371927747,0.0876442,0.1224304,0.097682,0.1431022,0.1089198889,0.1621102222,0.06376721632,0.03315341995,0.03061379638,0.6540933305,0.1437159083,0.1365937314,0.007122176889,0.05082743592,0.1464006086,0.1267736336,0.01962697504,0.1439436755,1.21133467,4.56e-05,-0.3311794953,0.0068235,0.0695724,0.0008303126389,0.008546801256,1.794481982e-05,0.007847821102,-0.3772689404,0.0076291,0.0908404,-0.3925049738,0.008670666667,0.1063806667,0.143982824,-0.06492648609,81.05999756,-2.040000916,0.2224168078,0.07930881258,0.143982824,-0.06492648609,0.1214777425,0.01029603823,0.01824010833,0.06295324714,0.2246502589,0.01230144502,-0.001502286876,1,0.001502286876,0.01373563,0.08682650198,0.1581962844,0.03223479609,0.01357694863,0.5788107799,0.000601952801,-0.06998728603,1,0,0
2014-11-26,1.134323203,1.614313289,1.219772022e-05,-17.20885222,-0.4548627348,1.206412794,74.45053042,0.004991794513,33.81237762,96,0.9198434315,0.862079063,85.65963616,488873950000,1.696057824,0.01203739279,0,3.906994309e-16,1.82,99.1893,73.7,12.06999969,15.31999969,77.04000092,11.11999989,17.57999992,64.69999695,171,134,-0.76408,0.0052305,290.159,0.1045643333,0.104558,0.086995,0.0872244,0.0871097,0.1045611667,0.1211436,0.1211904,0.121167,12.77,16.06,28.23333333,32.68333333,45.35,54.11,-0.9029572488,0.06999102676,-0.02997185375,0.7609570318,0.0788218,0.105197,0.0916065,0.1320488333,0.1041522,0.152542,0.1084820527,0.0373229252,0.07115912747,1.066976992,0.1611984354,0.09169938631,0.06949904906,0.564120437,0.1464346328,0.1271424004,0.01929223238,0.1412714149,0.8769927616,-6.333333333e-06,-0.2866576676,0.0048997,0.0527504,0.006159711813,0.006195099089,-0.001483748102,0.005329399174,-0.3616487274,0.0072665,0.08088466667,-0.3770229323,0.0071801,0.0967796,0.2692626414,0.1252798174,77.04000092,-4.019996643,0.0854316384,-0.1369851694,0.2692626414,0.1252798174,0.1475196001,0.02604185761,0.0184186989,0.04512184075,0.2898731897,0.06522293074,0.002802052472,0,0,0.01235651468,0.06206336155,0.1990951565,0.01987753418,0.01146875673,0.4230292033,-0.002108191892,-0.1557815766,0,1,0
2014-12-03,-0.4590703615,0.3007174353,1.099339292e-05,-2.36472192,-9.154005401,-1.320825669,68.30230762,0.005733693134,34.36806829,100,0.8910896416,0.5950310559,78.57202297,489509630000,1.691822452,0.008563945319,0,3.923808012e-16,1.79,100.5696,67.3,12.5,15.52999973,86.44999695,12.15999985,17.56999969,65.80000305,172,137,-0.75238,0.005064833333,283.1314333,0.1110008333,0.1106773333,0.1031845,0.1025625,0.1028735,0.1108390833,0.1247845333,0.1251632667,0.1249739,15.325,16,30.59166667,32.23333333,47.59666667,54.26333333,-0.9339889444,0.06824647798,-0.03177073231,0.4551555364,0.0928435,0.1233435,0.0965965,0.1378763333,0.1066150667,0.1562894,0.1712303757,0.06413093207,0.1070994436,0.982083069,0.1662555231,0.07693068505,0.08932483805,0.7706210783,0.145900531,0.1274557186,0.01844481238,0.1351560957,0.6940754357,-0.0003235,-0.2821631273,0.00522,0.061,0.009706669697,0.006470180554,-0.0006264845255,0.003546957884,-0.3521076002,0.006397333333,0.08255966667,-0.3778888504,0.006478333333,0.09934866667,0.2423999786,-0.0268626628,86.44999695,9.409996033,0.02796053921,-0.05747109919,0.2423999786,-0.0268626628,0.1313586605,-0.01616093967,0.01351552031,0.04694680838,0.2235362184,-0.06633697122,0.003757673834,0,0,0.02691981343,0.04837477737,0.5564844923,0.02232281173,0.01640448143,0.265124769,0.004935724693,-0.1579044343,0,0,0
2014-12-10,-0.600426248,0.6029558043,1.254587378e-05,75.83617096,35.58853952,-6.126239831,43.55975456,0.007606648811,29.61704895,88,-0.05174585721,-0.8913295042,55.29456617,477635330000,-1.810515404,-0.01741667133,0,4.640776285e-16,1.71,101.0212,60.99,18.53000069,19.13999939,117.3199997,21.70999908,20.12000084,68.19999695,159,142,-0.73305,0.0036188,284.53814,0.1542708,0.1542174,0.1713336667,0.1715903333,0.171462,0.1542441,0.1567639333,0.1566642667,0.1567141,26.43333333,26.36666667,43.44,44.37,59.27333333,64.97333333,-1.306200277,0.07021680141,-0.04420457965,1.950406504,0.143423,0.2107866667,0.127986,0.1928622,0.1270504,0.1988752667,0.1942516022,0.1059706248,0.08828097738,0.605992306,0.1657948448,0.08018219742,0.08561264737,0.7264496364,0.1488588451,0.131522767,0.01733607812,0.123818539,0.51983964,-5.34e-05,-0.380360408,0.005642833333,0.1347273333,0.02790690776,0.01816944412,0.007261070901,0.01820023807,-0.4044043258,0.00618,0.1297524,-0.4407438506,0.006248733333,0.1436497333,0.03291951864,-0.20948046,117.3199997,30.87000275,-0.1464762106,-0.1744367498,0.03291951864,-0.20948046,0.05120174926,-0.0801569112,0.01431603103,0.07889792687,0.1535824822,-0.06995373621,-0.01648612118,1,0.01648612118,0.06953657313,0.04073092773,1.707218004,0.02343734608,0.0170081613,0.2743136855,0.000603679871,0.009188916548,0,0,0
2014-12-17,-0.9982377003,0.348040301,4.46545438e-05,169.0127622,31.64652596,-11.38449281,45.34481192,0.01235146423,32.85454165,-28,0.2128691705,0.8203821728,35.72580015,473017330000,-1.974731568,-0.01267602949,0.005970877099,7.188991895e-16,1.65,101.5527,56.43,19.44000053,20.43000031,114.3700027,18.04000092,21.20000076,72.41999817,152,150,-0.70886,0.0034658,282.81028,0.1622246,0.162139,0.154326,0.154022,0.154174,0.1621818,0.1669652,0.1669797,0.16697245,24.65,27.25,44.16,47.7,61.72,69.905,-1.36507977,0.07024980997,-0.04647766683,0.6618416137,0.137312,0.186089,0.1371434,0.2026508,0.1395657,0.2110576,0.1405982227,0.1712303757,-0.03063215296,-0.1971035374,0.165465709,0.1094243815,0.05604132752,0.4135302463,0.1425303168,0.1422185819,0.0003117348719,0.002189543123,0.6747019796,-8.56e-05,-0.3016502732,0.0075265,0.097554,0.02581766681,-0.005550219284,0.00765367401,-0.002089240954,-0.3855710309,0.0077153,0.1310148,-0.4077989113,0.0083392,0.1429838,0.05092591275,0.01800639411,114.3700027,-2.949996948,0.07760529642,0.224081507,0.05092591275,0.01800639411,0.03768969389,-0.01351205537,0.01809875813,0.1223145367,0.1288963282,-0.02468615404,0.02014807324,0,0,0.09809090049,0.08179531701,1.199223917,0.0290024345,0.01702873923,0.4128513856,2.057793425e-05,0.1385377,1,0,0
2014-12-24,0.6421080083,1.287274208,9.810910688e-05,3.033798801,-42.30154566,3.754547367,61.06802495,0.01262079996,24.74514966,24,0.7428976152,-0.993061207,55.61416371,489182730000,1.046921269,0.02033841611,0,8.143230113e-16,1.68,102.3028,55.7,14.36999989,17.26000023,95.29000092,10.35000038,19.18000031,68.90000153,154,143,-0.6864,0.0041186,292.4494,0.131928,0.1239104,0.114648,0.093137,0.1038925,0.1279192,0.137256,0.1371168571,0.1371864286,20.95,15.2,39.8,35.09,53.58571429,58.76428571,-1.113389681,0.07023685323,-0.0366642868,1.464968153,0.092834,0.116705,0.1083,0.1559588,0.112278,0.1762554286,0.1715222718,0.1942516022,-0.02272933034,-0.1244411141,0.1584678223,0.1291923044,0.02927551789,0.2042495327,0.1378858769,0.1445483676,-0.006662490726,-0.04718781158,1.00995241,-0.0080176,-0.2278430268,0.000877,0.047742,0.003959038161,-0.0269400334,-0.002074114385,-0.02185862865,-0.3606979219,0.0042102,0.0953176,-0.4434663178,0.007080285714,0.1279548571,0.2011134563,0.1501875435,95.29000092,-19.08000183,0.3884057349,0.3108004384,0.2011134563,0.1501875435,0.1112398639,0.07355017,0.01944347823,0.1450229785,0.1182215427,-0.01067478552,-0.0001393062411,1,0.0001393062411,0.09786188851,0.1173610638,0.8338531141,0.03403612034,0.01734546883,0.4903805529,0.0003167295939,0.07752916736,0,0,0
2014-12-31,0.559909027,1.345833544,9.632527691e-05,-40.28958735,1.043348156,2.080260281,51.89874846,0.01155228964,21.10922226,32,0.5381658514,-0.930538626,63.80339438,488323970000,2.825206012,0.007664311074,0,8.815270222e-16,1.68,102.2843,53.45,19.20000076,19.73999977,113.0800018,18.95000076,20.42000008,68.90000153,150,144,-0.6682,0.003675,284.9021,0.151724,0.151817,0.150327,0.144705,0.147516,0.1517705,0.158043,0.15798,0.1580115,23.15,23.3,41.95,44.6,63.2,63.95,-1.28689685,0.06918794016,-0.04349617252,0.2939001848,0.1246666667,0.19036,0.125236,0.197049,0.123617,0.203868,0.1696091038,0.1659550222,0.003654081519,0.02177959846,0.1605562617,0.1342322561,0.02632400565,0.1790728676,0.141370195,0.142349124,-0.0009789290012,-0.006900713632,0.8844423395,9.3e-05,-0.417065222,0.009997333333,0.1313866667,0.01884570436,-0.00578009915,0.004704361037,0.01488666619,-0.4456490373,0.009372,0.143626,-0.4901048903,0.005731,0.160502,0.02812494723,-0.172988509,113.0800018,17.79000092,0.01319261161,-0.3752131233,0.02812494723,-0.172988509,0.03444783754,-0.07679202635,0.020004021,0.147484527,0.1194351568,0.00121361416,-0.01036438356,1,0.01036438356,0.1027603418,0.1153744461,0.8906681263,0.03507476309,0.01705646451,0.5137111983,-0.000289004314,0.02333064534,0,1,1
2015-01-07,0.7476084478,0.9177078295,0.0001179366757,-6.251896772,11.17885789,-6.618420032,44.74547431,0.01134699634,24.38585062,32,0.3651166536,0.691606756,66.72933806,481161520000,-1.714023005,-0.01226522309,0,1.037431522e-15,1.57,103.6316,48.69,19.30999947,20.07999992,107.6900024,17.59000015,20.92000008,85.19999695,134,149,-0.65119,0.003571,276.5759,0.160187,0.160282,0.1591336667,0.1580143333,0.158574,0.1602345,0.16446,0.16476175,0.164610875,24.41666667,24.7,42.15,46.65,61.1125,68.4625,-1.318958365,0.0682600079,-0.04592005047,1.477351838,0.1344063333,0.1897613333,0.134557,0.200297,0.13944675,0.2083035,0.1660875466,0.1327636071,0.03332393948,0.2239448818,0.1448179208,0.1490182172,-0.004200296462,-0.02859132726,0.1350484994,0.1335375518,0.001510947631,0.01125124379,0.9300008252,9.5e-05,-0.3415207974,0.003509833333,0.11071,0.01508117887,0.007519538103,0.009264462431,-0.003764525482,-0.3926487365,0.0071925,0.13148,-0.3960126556,0.00926425,0.1377135,0.03987573688,0.01175078965,107.6900024,-5.38999939,0.09778279127,0.08459017966,0.03987573688,0.01175078965,0.04183267708,0.00738483954,0.02176249752,0.1642529408,0.1169929642,-0.002442192615,0.01156273584,0,0,0.1231627977,0.1215855617,1.012972231,0.03997428901,0.01776785995,0.5555177994,0.0007113954354,0.04180660112,0,0,0
2015-01-14,0.6996417399,0.1005947303,0.0001204431881,107.446822,15.90946607,-5.474061283,42.32525046,0.01311397754,24.39992072,32,0.2213227915,0.5240330355,30.10575555,469788950000,-3.710317521,-0.0152667213,0,1.053127795e-15,1.57,103.0903,48.49,21.47999954,20.93000031,113.5,21.22999954,21.47999954,85.30000305,135,152,-0.63558,0.003219,277.6387,0.176889,0.177191,0.1958408,0.1958626,0.1958517,0.17704,0.1765922,0.1762462,0.1764192,30.93,31.5,46.7,51.8,64.73,72.58,-1.462891531,0.06902074311,-0.05073182529,0.3247637051,0.1659624,0.2328582,0.147348,0.222351,0.144298,0.223115,0.1681450359,0.1707482301,-0.002603194168,-0.01536321686,0.1292872658,0.1608916032,-0.0316043374,-0.2186940709,0.12803384,0.1332954469,-0.005261606945,-0.04027346618,0.9087867331,0.000302,-0.3354681278,0.0035586,0.1337916,0.02025293004,0.009202930309,0.01335605795,0.005171751171,-0.4057517061,0.0078095,0.150006,-0.4290376225,0.0072873,0.157634,-0.02560517918,-0.06548091605,113.5,5.809997559,0.01177578923,-0.08600700204,-0.02560517918,-0.06548091605,0.02627803292,-0.01555464416,0.02165367789,0.160915765,0.1186051595,0.00161219528,-0.005830028968,1,0.005830028968,0.1005417624,0.1359629659,0.7394790319,0.03910897975,0.01322287176,0.6618967857,-0.004544988185,0.1063789863,1,0,0
2015-01-21,0.3249268048,0.1420641712,7.77408278e-05,16.12054846,-17.80444455,-2.769947429,49.13751589,0.01570563583,25.66498818,32,0.3921503348,0.5299014137,36.96890139,477243050000,-1.26712451,0.002508084212,0,9.436464217e-16,1.61,103.7858,47.85,18.85000038,20.04000092,98.62000275,20.36000061,20.71999931,88.30000305,134,152,-0.61869,0.0036098,276.16284,0.159111,0.1589088,0.1854572,0.1831204,0.1842888,0.1590099,0.161319,0.161959,0.161639,28.98,26.99,42.95,44.93,60.6,65.55,-1.30692338,0.06794944196,-0.04556937375,0.755008851,0.1530226,0.2135228,0.1302172,0.1983384,0.131209,0.206344,0.1894642433,0.1587078389,0.03075640432,0.1771352958,0.1231133233,0.1670188015,-0.04390547817,-0.3050011309,0.1260985698,0.1277536179,-0.001655048097,-0.0130396477,1.050367313,-0.0002022,-0.3301102674,-0.0010161,0.1210004,0.007636971396,0.008774183668,0.009806179432,-0.01261595865,-0.4146707589,0.0052679,0.1362424,-0.4451745356,0.0071375,0.15027,0.06313000053,0.08873517971,98.62000275,-14.87999725,-0.07416503849,-0.08594082772,0.06313000053,0.08873517971,0.03393205423,0.007654021308,0.01929989231,0.1346695021,0.1253488875,0.006743728052,0.004720465022,0,0,0.1013929009,0.09254474872,1.095609447,0.04160583682,0.01371055678,0.6704655446,0.000487685014,0.008568758939,0,0,0
2015-01-28,0.5103506567,-0.4717277684,9.879442031e-05,-6.016016056,-4.003892101,-0.8947831542,42.09822827,0.01544297273,21.84082467,-52,0.1563094293,-0.9673149295,43.5891812,473913960000,-2.085769494,-0.01372916784,0,1.172229674e-15,1.61,104.4737,44.08,20.44000053,21.44000053,108.6800003,21.78000069,21.81999969,86.40000153,123,151,-0.60473,0.0033956,271.87362,0.1715322,0.1720032,0.1914408,0.1917364,0.1915886,0.1717677,0.1724534444,0.1722008889,0.1723271667,28.67,28.6,44.9,48.6,63.85555556,69.11666667,-1.389854357,0.06789507832,-0.04922238696,0.6223404255,0.1631578,0.2230564,0.1438494,0.212449,0.1403258889,0.2151961111,0.1490850563,0.1627353548,-0.01365029852,-0.08760830057,0.1245066309,0.1680638431,-0.04355721224,-0.2999849512,0.116379258,0.134684936,-0.01830567799,-0.1460839198,0.9784368257,0.000471,-0.3101833128,0.0015185,0.1197972,0.01353390681,0.01022339594,0.01155662039,0.005896935416,-0.3850682462,0.0063815,0.1371992,-0.4211847493,0.005433833333,0.1497404444,0.04892367778,-0.01420632275,108.6800003,10.05999756,-0.06152433932,0.01264069917,0.04892367778,-0.01420632275,0.01772384101,-0.01620821322,0.02549296662,0.155176428,0.1411028507,0.01575396316,-0.01358750281,1,0.01358750281,0.1236023193,0.1057050219,1.169313597,0.04051058392,0.01226512854,0.6972364415,-0.001445428232,0.02677089685,0,1,0
2015-02-04,0.1861290346,-1.564386559,0.0001187775523,-0.7658157252,-6.04577458,1.266679115,51.68385289,0.01442315109,23.15660672,-92,0.6451137501,-0.4683647202,57.66923506,477954760000,1.093876724,0.007692307644,0.004863416118,1.165416819e-15,1.71,104.785,48.45,18.32999992,20.43000031,103.7399979,17.47999954,20.95000076,92.30000305,129,150,-0.59551,0.0037062,274.05306,0.1552842,0.1545182,0.15364525,0.15367925,0.15366225,0.1549012,0.1566420909,0.1561808182,0.1564114545,21.7375,26.125,39.24,46.08,53.25,71.27727273,-1.26342702,0.06712018555,-0.04439276051,0.4365725486,0.13188025,0.182686,0.1298214,0.1974526,0.1312832727,0.2093472727,0.0899474841,0.1894642433,-0.09951675915,-0.7449743267,0.1160097679,0.1552713573,-0.03926158939,-0.2914998849,0.1096503051,0.1418027926,-0.03215248749,-0.2571410504,1.002389635,-0.000766,-0.3230209852,0.003620875,0.1016115,0.009489695332,-0.0122846124,0.004356511124,-0.00404421148,-0.4133001705,0.0087358,0.1352624,-0.4583499691,0.01390381818,0.156128,0.1145663061,0.06564262828,103.7399979,-4.940002441,0.04862702538,0.1101513647,0.1145663061,0.06564262828,0.02545278757,0.007728946555,0.02466263139,0.1612248539,0.1326750499,-0.008427800768,-0.004164706572,1,0.004164706572,0.1034406214,0.1303374196,0.7936371744,0.03671752327,0.01260832888,0.6566127626,0.0003432003351,-0.04062367888,0,0,0
2015-02-11,0.02040946618,-1.373872282,9.705744288e-05,-22.17218729,-14.12055014,4.947274084,56.36127102,0.01241150716,17.40329651,28,0.8469648892,0.3608838873,58.08487741,474067230000,0.5561225283,0.01457678618,0.007695798718,1.030074831e-15,1.68,105.7901,48.8,16.95999908,19.70999908,98.73000336,14.27999973,20.64999962,94.19999695,133,145,-0.59306,0.0038476,279.9257,0.1468448,0.1469444,0.1355782,0.136105,0.1358416,0.1468946,0.153855,0.1537845,0.15381975,19.7,24.64,37.72,44.94,55.175,67.8,-1.223796837,0.06766295389,-0.04209970731,0.5690455187,0.117515,0.1632146,0.1229304,0.1878376,0.1277645,0.203737,0.05803084888,0.1490850563,-0.09105420743,-0.9435422444,0.1199915869,0.1613909614,-0.04139937452,-0.296408122,0.1120284693,0.1452953883,-0.03326691894,-0.2600158013,1.098685462,9.96e-05,-0.3255773527,0.0045232,0.0913992,0.002717114471,-0.003773413724,0.002549765643,-0.006772580861,-0.4177212583,0.0084894,0.1298144,-0.4583538838,0.011931,0.151945,0.1621462352,0.0475799291,98.73000336,-5.009994507,0.1876750281,0.1390480027,0.1621462352,0.0475799291,0.04769155645,0.02223876889,0.02250623583,0.1466019089,0.1330878288,0.000412778917,-2.903401016e-05,1,2.903401016e-05,0.09624152193,0.1186762407,0.8109586333,0.039912605,0.01386556258,0.6526019142,0.001257233698,-0.00401084842,0,0,0
2015-02-18,-0.3146609094,-0.882515536,8.372937744e-05,-47.67323821,-4.436263418,7.363177972,62.1081651,0.01027402352,17.66606132,40,0.8982953006,0.8638506164,77.84950075,481374760000,5.24764244,0.02280398544,0.007374870872,9.531861421e-16,1.71,105.2514,52.13,15.44999981,18.65999985,89.37999725,12.39999962,19.67000008,91.40000153,145,140,-0.59716,0.0042855,283.3721,0.1304,0.1302945,0.1114568,0.110255,0.1108559,0.13034725,0.1420832,0.1423182,0.1422007,16.27,18.96,34.75,39.325,52.55,61.5,-1.099308749,0.06747983026,-0.0373598617,0.9831525949,0.0987692,0.1341494,0.1092515,0.165025,0.1176306,0.1854708,0.06153151589,0.09480137788,-0.033269862,-0.4322344468,0.1244653263,0.1501799262,-0.02571459981,-0.1878069091,0.1129043997,0.1464006086,-0.03349620897,-0.2598053189,1.152152624,-0.0001055,-0.3037988379,0.0056034,0.0707604,0.001316239192,0.003301729317,-0.001212099127,-0.001400875279,-0.4066954333,0.006791,0.111547,-0.4476402946,0.00935,0.1356804,0.2077669953,0.04562076016,89.37999725,-9.350006104,0.2459677649,0.05829273676,0.2077669953,0.04562076016,0.05412648645,0.006434929995,0.02060240524,0.134480172,0.1328479679,-0.0002398609772,-0.0003143586232,1,0.0003143586232,0.08802140777,0.1149546366,0.7657055897,0.03583092627,0.01327691605,0.6294565218,-0.0005886465305,-0.02314539241,1,0,0
2015-02-25,-0.345667745,-0.6303793171,7.273264786e-05,-41.88157486,-2.974378905,4.825202367,64.43149917,0.007229844802,20.96001151,64,0.8059010406,-0.1814154837,86.2288525,478203080000,2.840719522,0.01425519005,0.007279365508,7.590480354e-16,1.72,105.0503,50.25,13.84000015,16.87000084,86.56999969,11.64000034,18.42000008,91.5,135,139,-0.60537,0.0048058,286.54204,0.1152796,0.115342,0.0967796,0.0966494,0.0967145,0.1153108,0.1269848889,0.1274831111,0.127234,14.01,16.82,30.96,35.34,46.6,56.91666667,-0.9833747579,0.06777696725,-0.03305199214,0.07711345578,0.0866342,0.1137244,0.097981,0.1467208,0.1049303333,0.1650831111,0.1152058488,0.05600357359,0.05920227518,0.7213050147,0.1261454433,0.1306652467,-0.004519803454,-0.03520313123,0.1123438661,0.1464346328,-0.03409076673,-0.2650147358,1.133157057,6.24e-05,-0.2704171421,0.0034648,0.0541804,0.002081153715,0.006217294255,-0.005254610934,0.000764914523,-0.3983607803,0.0070401,0.0974796,-0.4455539457,0.007772722222,0.1203055556,0.218930683,0.01116368771,86.56999969,-2.809997559,0.1890034145,-0.05696435042,0.218930683,0.01116368771,0.09187902549,0.03775253904,0.01093327207,0.1186763027,0.0843554351,-0.04849253277,-0.0007660169636,1,0.0007660169636,0.07141082775,0.102581434,0.6961379362,0.02968126595,0.01260785924,0.5752250169,-0.0006690568028,-0.0542315049,0,1,0
2015-03-04,0.7506843906,-0.5074979165,3.22872901e-05,-17.7099922,8.09075693,-0.580634981,55.68778568,0.006132870331,21.56132937,64,0.5824976112,-0.3892600111,64.22127334,467973090000,0.07344045845,-0.001988128849,0.005740172953,5.275040931e-16,1.87,106.1333,51.53,14.22999954,16.90999985,84.09999847,12.27999973,18.38999939,90.69999695,146,131,-0.61269,0.0046244,282.54494,0.1214266,0.1215564,0.1136632,0.113313,0.1134881,0.1214915,0.130143,0.13019,0.1301665,16.01,19.31,32.13,36.75,48.4,57.4,-1.021631208,0.06731972857,-0.03482281966,0.4318006145,0.0987274,0.1372334,0.103083,0.155417,0.105339,0.173953,0.1712082167,0.06153151589,0.1096767009,1.023330961,0.1258782408,0.1235526178,0.00232562306,0.01864797697,0.1151384955,0.1461889478,-0.03105045231,-0.2387642356,1.016965119,0.0001298,-0.3263762455,0.0044923,0.077012,0.004984039338,0.009093421394,-0.004427890745,0.002902885624,-0.4049052224,0.0077585,0.104668,-0.4913423943,0.0094795,0.137228,0.1883345321,-0.03059615097,84.09999847,-2.470001221,0.1587947762,-0.03020863827,0.1883345321,-0.03059615097,0.08752214995,-0.00435687554,0.008639125039,0.07302097683,0.1057937088,0.02143827372,-0.00439816123,1,0.00439816123,0.03550988683,0.07196155032,0.4934563899,0.02726695733,0.01200170797,0.5598442531,-0.0006061512747,-0.0153807638,0,0,0
2015-03-11,-0.9673517655,1.601762973,4.563283229e-05,23.18603298,-2.353524962,-9.461320184,37.9666039,0.007685024902,22.00378605,60,-0.1162505345,-0.8941209643,34.69905435,463496170000,-3.290574063,-0.02588963706,0.004032534154,5.716215178e-16,1.72,108.5235,48.06,16.87000084,18.53000069,97.27999878,16.78000069,19.67000008,85,141,132,-0.61404,0.0037962,276.98572,0.151358,0.151357,0.1603748,0.1574374,0.1589061,0.1513575,0.155054,0.155139,0.1550965,24.13,23.38,41.73,42.13,58.55,63.8,-1.247734111,0.0678806709,-0.04337789229,0.2765295859,0.1404224,0.1754846,0.1263958,0.1833074,0.126097,0.19457,0.1573417515,0.1152058488,0.04213590276,0.3116996834,0.1148864392,0.1264725597,-0.01158612055,-0.09608121042,0.1067758521,0.1486416658,-0.04186581378,-0.3308066856,0.8355883237,-1e-06,-0.2219779872,-0.0009526,0.0701244,0.01246438448,0.01197876103,0.00196057949,0.007480345137,-0.367523487,0.0034941,0.1138232,-0.4270660841,0.005237,0.136946,0.09839951185,-0.08993502023,97.27999878,13.18000031,0.005363536883,-0.1534312393,0.09839951185,-0.08993502023,0.06152182123,-0.02600032872,0.007644913824,0.09472621824,0.07467841442,-0.0311152944,-0.001919520676,1,0.001919520676,0.0834737206,0.05147840043,1.621529028,0.02790523859,0.01190993024,0.5732009172,-9.177773433e-05,0.01335666417,0,0,0
2015-03-18,-0.1958703051,0.9576401239,5.40693003e-05,82.3948257,35.60639844,-2.161132861,55.9649583,0.01006395449,18.71855225,-40,0.6017378883,0.6777694531,35.9682562,467605440000,-0.8449030876,0.009090710321,0.007567951497,7.948658996e-16,1.7,108.408,44.63,13.97000027,16.43000031,81.22000122,13.85000038,17.95000076,85.69999695,136,138,-0.61086,0.004441,286.8967,0.124399,0.124503,0.122465,0.1224415,0.12245325,0.124451,0.134529,0.134425,0.134477,18.8,21.375,33.85,37.7,50,59.3,-1.062636346,0.06832500595,-0.03567070132,0.7059483726,0.105318,0.1459125,0.102498,0.155039,0.109997,0.172506,0.1270265976,0.1712082167,-0.04418161916,-0.2984839632,0.1007940209,0.1157237106,-0.01492968964,-0.1381265069,0.100878315,0.1361164749,-0.03523815982,-0.2995959631,0.9298736899,0.000104,-0.32316538,0.003162,0.081189,0.006124113556,-0.01431745505,-0.0004436311991,-0.006340270919,-0.4080268078,0.0043175,0.105082,-0.4425368934,0.0067745,0.125018,0.1760916243,0.07769211243,81.22000122,-16.05999756,0.008664251426,0.003300714543,0.1760916243,0.07769211243,0.0925137206,0.03099189937,0.008580920098,0.1202247489,0.06661911827,-0.008059296152,0.0120851015,0,0,0.08702742432,0.08568467055,1.015670875,0.02491291113,0.01152093394,0.5375516783,-0.0003889962959,-0.0356492389,1,0,0
2015-03-25,0.08602260882,-0.08014447591,6.714548586e-05,33.16354457,27.10701591,-0.9748303411,44.77270764,0.01157141265,18.70733698,-40,0.2326430521,-1,51.8922653,459875420000,-0.8838904612,-0.008082291301,0.007816572494,9.474442332e-16,1.81,106.2636,48.75,15.43999958,17.56999969,83.51999664,15.27999973,19.09000015,84.19999695,134,138,-0.60643,0.0040062,280.30812,0.1414642,0.14128,0.1400378,0.139402,0.1397199,0.1413721,0.149528,0.149834,0.149681,22.87,22.32,38.91,40.39,56.15,62.4,-1.179397249,0.0680012906,-0.04051794533,0.294356691,0.1205564,0.161952,0.1170698,0.1730338,0.121567,0.187644,0.09465431278,0.1573417515,-0.06268743875,-0.5081887588,0.09815706756,0.1198094743,-0.02165240678,-0.1993338414,0.09690805279,0.140945803,-0.04403775022,-0.3746128211,0.8474760886,-0.0001842,-0.2930574808,0.0015343,0.0827912,0.009485048561,-0.00523477632,0.002538682374,0.003360935005,-0.3858207895,0.0036797,0.111928,-0.4273910048,0.0049245,0.132154,0.137953379,-0.03813824524,83.51999664,2.299995422,0.01047119439,0.001806942959,0.137953379,-0.03813824524,0.08651112602,-0.006002594585,0.009369286854,0.1353877639,0.06472421762,-0.001894900646,-0.01466592653,1,0.01466592653,0.1052523469,0.08826394449,1.19247273,0.0238902016,0.009535891454,0.6008450822,-0.001985042485,0.06329340389,0,0,1
2015-04-01,0.08940278832,-0.8032678566,8.660854234e-05,-17.59575123,-20.70532064,-2.790304532,45.39690805,0.01089760501,15.84814291,-40,0.3070104584,0.1750710227,58.38500684,455371170000,-1.033062844,-0.00921198429,0.008510923549,1.037635812e-15,1.8,107.06,50.12,15.10999966,17.34000015,82.81999969,14.28999996,19.10000038,85.59999847,132,137,-0.60353,0.0040696,276.88968,0.1402956,0.1409576,0.1398816,0.1384602,0.1391709,0.1406266,0.14945,0.149677,0.1495635,20.76,23.56,35.97,42.23,54.6,64.6,-1.158870663,0.06721634809,-0.04030440951,0.3666578468,0.1198244,0.1645198,0.1169606,0.1738952,0.123157,0.189724,0.05737976217,0.1270265976,-0.06964683541,-0.7947048285,0.1005226185,0.1244653263,-0.02394270787,-0.2136444123,0.09352485093,0.1376237329,-0.04409888201,-0.3862962021,0.8850766949,0.000662,-0.314375324,0.0030012,0.0893908,0.007339591501,0.003232782913,0.003428948662,-0.00214545706,-0.3914970924,0.0048013,0.1138692,-0.4255100182,0.006877,0.133134,0.1475844174,0.009631038341,82.81999969,-0.6999969482,0.05738276396,0.04691156958,0.1475844174,0.009631038341,0.1014994356,0.01498830959,0.01127346046,0.1418475232,0.07362452999,0.008900312375,-0.003973254202,1,0.003973254202,0.1081176156,0.09620330143,1.12384517,0.0233642774,0.007872659934,0.6630471467,-0.00166323152,0.06220206445,0,0,0
2015-04-08,0.0003023284648,-0.6556749307,7.901021527e-05,-4.736628047,-2.155424354,-0.0788046092,51.63365326,0.009336918099,12.91613121,-24,0.594433475,0.2845291275,57.56505625,461969920000,-1.2428345,0.001045784262,0.007150001292,9.0986513e-16,1.84,106.4231,50.44,13.97999954,16.39999962,84.76000214,12.80000019,18.34000015,80,138,134,-0.604,0.004422,276.5899,0.1297734,0.1296572,0.121992,0.1219036,0.1219478,0.1297153,0.140078,0.139953,0.1400155,18.88,18.37,34.36,37.52,52.5,59.5,-1.067795889,0.06642727797,-0.03717882592,0.2274454699,0.1026406,0.1428926,0.1071748,0.1599736,0.112601,0.17674,0.09511468561,0.1220209907,-0.02690630506,-0.2491097041,0.09869847294,0.1253289569,-0.02663048396,-0.2388724612,0.1028864457,0.1290323367,-0.02614589102,-0.2264371341,0.9661848441,-0.0001162,-0.3278741938,0.0008188,0.080504,0.003836691282,-1.785623833e-05,0.002954996324,-0.00350290022,-0.3952769322,0.0038589,0.1055976,-0.4433453952,0.004655,0.128278,0.173104446,0.02552002865,84.76000214,1.940002441,0.09218744796,0.034804684,0.173104446,0.02552002865,0.1182927182,0.01679328264,0.0103202917,0.1228749272,0.07748244857,0.003857918577,0.002678941557,0,0,0.07408164942,0.09917340974,0.7469910495,0.02400410043,0.008296752987,0.6543610117,0.0004240930526,-0.008686135007,0,0,0
2015-04-15,-0.06953751167,-0.1160038239,4.768361416e-05,-20.11570472,0.5299545271,3.190418041,57.97546317,0.008402709333,13.08841421,32,0.8428885418,0.2505198226,56.46320922,472705090000,2.212975267,0.01314008411,0.0042936925,7.934107222e-16,1.84,107.1855,56.25,12.84000015,15.68999958,79.83000183,10.59000015,17.53000069,73,140,133,-0.60705,0.0048525,285.00385,0.114644,0.11466175,0.09874675,0.0993775,0.099062125,0.114652875,0.127955,0.128188,0.1280715,16.4875,15.4375,31.225,34.225,48.85,55.45,-0.972515202,0.06764449619,-0.03286348371,1.174550775,0.0857505,0.115948,0.09690825,0.1427765,0.104917,0.163835,0.09032045616,0.06385171158,0.02646874458,0.3468005819,0.1037718183,0.1265384601,-0.02276664179,-0.1983518605,0.1106226813,0.1239611608,-0.01333847948,-0.1138431539,1.103665827,1.775e-05,-0.2994320731,0.001787125,0.060395,0.0004745785143,0.005736263538,0.001035939725,-0.003362112767,-0.3827381592,0.0051895,0.0917365,-0.438456272,0.0063045,0.117836,0.2219625696,0.04885812359,79.83000183,-4.930000305,0.2124645862,0.1202771382,0.2219625696,0.04885812359,0.1172722215,-0.001020496734,0.009878537911,0.1084394138,0.08349145471,0.00600900614,0.005134989045,0,0,0.0714154472,0.08084981563,0.8833099574,0.0241340786,0.008122096718,0.6634594237,-0.0001746562687,0.00909841207,1,0,0
2015-04-22,-0.3469452295,-0.1387707113,4.65266527e-05,-3.60992567,6.744503763,1.856352069,56.73037858,0.008487878145,10.68742561,-12,0.858966273,0.7865793105,63.98327404,468748600000,1.314023811,0.00802003663,0.003806229927,7.912919082e-16,1.87,106.5815,56.17,12.71000004,15.46000004,79.69999695,11.82999992,17.47999954,72.90000153,142,131,-0.60804,0.005029,285.63324,0.1098436,0.1099474,0.1036826,0.1037444,0.1037135,0.1098955,0.123771,0.123432,0.1236015,14.85,18.15,28.08,35.25,44.95,55.5,-0.934220468,0.06775110533,-0.03150036439,0.1256377739,0.089274,0.1267272,0.0929522,0.1409764,0.101768,0.160367,0.1088196236,0.09511468561,0.01370493798,0.1346083016,0.09875173514,0.1151776409,-0.01642590573,-0.1538666651,0.1099916141,0.123411257,-0.01341964286,-0.1151182032,1.048065124,0.0001038,-0.3467869623,0.0042871,0.0749064,0.002888521142,0.001709686663,4.699245933e-05,0.002413942627,-0.41058853,0.0070688,0.0960484,-0.4470902398,0.007466,0.117198,0.2163650662,-0.005597503393,79.69999695,-0.1300048828,0.07438716146,-0.1380774247,0.2163650662,-0.005597503393,0.1306597347,0.01338751323,0.01214502332,0.1028567152,0.105607302,0.02211584727,0.005074582853,0,0,0.07713012045,0.07121356523,1.083081857,0.02103817093,0.007772281977,0.6305628468,-0.0003498147409,-0.03289657691,0,0,0
2015-04-29,-0.715807817,0.1230441688,2.765998684e-05,6.157813032,1.707836191,1.343603509,54.43152277,0.008199439322,9.445307715,84,0.6817970857,0.1625851261,49.46332532,471793600000,0.6891588482,0.001710898754,0.004876379955,5.918147919e-16,1.92,104.5634,58.55,13.39000034,15.97000027,82.26999664,13.26000023,17.78000069,73.90000153,150,132,-0.60686,0.0046826,286.0289,0.1182126,0.118457,0.1173468,0.1162162,0.1167815,0.1183348,0.129784,0.130079,0.1299315,18.04,18.1,31.95,35.91,49.85,55.95,-1.00735633,0.06788069867,-0.03391841071,1.716859717,0.0998084,0.1387588,0.0990526,0.1487026,0.106515,0.165789,0.1316763827,0.09032045616,0.0413559265,0.3769832955,0.1048786396,0.1024078361,0.002470803471,0.02384063398,0.1123226976,0.1094892103,0.002833487325,0.02554994898,0.8654076072,0.0002444,-0.3265360871,0.0025021,0.0779008,0.00744184602,0.005480133942,0.004894307528,0.004553324879,-0.4007988531,0.0055428,0.0993,-0.4353516658,0.0062205,0.118548,0.1926810947,-0.02368397156,82.26999664,2.569999695,0.00980393003,-0.06458323143,0.1926810947,-0.02368397156,0.1133375322,-0.01732220253,0.01093066066,0.07409256741,0.1285608758,0.02295357381,-0.003747348128,1,0.003747348128,0.05077418626,0.05802630604,0.8750201369,0.01828989929,0.007802534395,0.573396536,3.025241783e-05,-0.05716631083,0,1,0
2015-05-06,-0.5623288975,-0.2118067771,4.021479487e-05,19.53119011,9.821037292,-2.749187679,45.11849973,0.01011121212,13.38737217,68,0.03023217751,-0.1984273784,46.39298282,466168730000,-0.9641021206,-0.01020860887,0.005496987439,7.089591044e-16,1.91,104.6935,60.93,15.14999962,16.71999931,90.80000305,16.04999924,18.47999954,91,160,133,-0.60015,0.0041284,279.41762,0.1368782,0.1370712,0.142813,0.1450498,0.1439314,0.1369747,0.142463,0.142515,0.142489,20.18,23.72,35.12,41.83,53.15,61.5,-1.139081687,0.06716285364,-0.03925835561,0.5166795303,0.1252492,0.1722968,0.1159266,0.170203,0.116869,0.180634,0.09307709331,0.1088196236,-0.01574253029,-0.156263572,0.09627020986,0.1067683031,-0.01049809328,-0.1035021717,0.1095207675,0.1105548073,-0.001034039734,-0.009397202253,0.7794746267,0.000193,-0.3162374893,0.0048416,0.0940952,0.01155277829,0.008874537427,0.008080749708,0.004110932267,-0.3793833284,0.0060901,0.1085528,-0.4286679462,0.0062625,0.12753,0.1036303455,-0.08905074916,90.80000305,8.530006409,-0.05607474525,-0.06587867528,0.1036303455,-0.08905074916,0.1052631759,-0.008074356301,0.01215395435,0.09496920845,0.1134577624,-0.01510311341,-0.004465681141,1,0.004465681141,0.0752947282,0.0645694193,1.166105085,0.01789613108,0.006496660521,0.6369796079,-0.001305873874,0.06358307189,0,0,0
2015-05-13,0.01975260265,-0.4535527846,4.937608602e-05,10.12571318,-4.76109025,-1.160011727,50.4215341,0.009604892452,15.29343847,-28,0.425564343,-0.6551295766,47.04329842,463738360000,-0.4950373553,-0.001549799616,0.005722514774,7.393350367e-16,1.86,104.3608,60.5,13.76000023,16.29000092,84.44999695,13.48999977,17.88999939,85.59999847,168,133,-0.59074,0.0044582,284.18062,0.1250302,0.1250182,0.115692,0.115471,0.1155815,0.1250242,0.133552,0.133605,0.1335785,17.3,20.7,32.77,38.62,50,58.55,-1.057424246,0.06771106229,-0.03583491694,0.7101313321,0.098423,0.14180375,0.1056094,0.1571098,0.109673,0.170208,0.09429465969,0.1316763827,-0.03738172297,-0.3339227089,0.09220495098,0.09708153402,-0.004876583039,-0.05153735494,0.1067985442,0.1107301811,-0.003931636946,-0.03615214629,0.7765019414,-1.2e-05,-0.3611650243,0.004531875,0.0867615,0.009508936382,-0.003979586607,0.005582042648,-0.002043841905,-0.3920566141,0.0063354,0.1030008,-0.4325767022,0.006362,0.12107,0.1838663259,0.08023598041,84.44999695,-6.350006104,0.02001486007,0.07608960532,0.1838663259,0.08023598041,0.09821966754,-0.007043508368,0.01435525756,0.1004666405,0.1250219496,0.01156418727,-0.0003050012907,1,0.0003050012907,0.07643824018,0.07513647029,1.017325407,0.01561078537,0.006185961123,0.6037379942,-0.0003106993986,-0.03324161366,1,0,0
2015-05-20,0.08246308995,0.01089504241,4.270247537e-05,-33.65252372,-9.22121607,2.303626828,57.78992969,0.008396276739,11.65432591,40,0.803585146,-0.4624828919,70.32111542,466622460000,0.5372504705,0.008772170269,0.003201874813,6.600673751e-16,1.88,105.5605,58.96,12.88000011,15.14999962,77.02999878,10.47999954,16.98999977,87.65000153,166,133,-0.58486,0.004794,290.7283,0.113905,0.11389,0.0993176,0.0973598,0.0983387,0.1138975,0.123925,0.123638,0.1237815,17.21,16.11,32.5,33.75,48.6,53.15,-0.9855126949,0.0683793071,-0.03264705235,0.1342986939,0.0841826,0.1174294,0.095088,0.143253,0.101007,0.157456,0.09256538346,0.09307709331,-0.0005117098449,-0.005512866988,0.1072973825,0.09869847294,0.008598909594,0.08353478085,0.1096293329,0.112266658,-0.0026373251,-0.02377194185,0.866555218,-1.5e-05,-0.3298097335,0.0024673,0.0664936,0.006848051733,0.001007154619,0.002718057246,-0.002660884649,-0.4041688169,0.005273,0.09633,-0.4368052681,0.00545,0.112898,0.176242196,-0.007624129956,77.02999878,-7.419998169,0.2290076982,0.2089928381,0.176242196,-0.007624129956,0.1214521583,0.02323249081,0.01276914744,0.09484774467,0.1186537465,-0.006368203107,-0.0009309494508,1,0.0009309494508,0.06475427332,0.07634641799,0.8481638697,0.01576827374,0.006026885178,0.6177840848,-0.0001590759446,0.0140460906,0,0,0
2015-05-27,0.2349604207,-0.0775979615,4.661110521e-05,-20.14151741,6.095589473,0.121502372,54.92735739,0.007513925813,12.00739692,40,0.7135389844,0.7401632228,72.67545813,466906890000,0.3487492308,0.004516623111,0.004799284578,7.623241548e-16,1.8,106.908,57.51,13.27000046,14.98999977,77.79000092,11.93000031,16.92000008,84,150,135,-0.58316,0.0049008,288.13232,0.1125916,0.112769,0.1028974,0.100709,0.1018032,0.1126803,0.121763,0.1219144,0.1218387,15.55,16.95,30.86,34.19,46.08,52.81,-0.9662748886,0.06784436868,-0.03229829453,3.14685983,0.0872302,0.126099,0.0939842,0.142514,0.0998922,0.1563034,0.09280612827,0.0937481759,-0.0009420476288,-0.01009953258,0.1117864355,0.1046223479,0.007164087609,0.06623304533,0.1157592443,0.1151117364,0.0006475078899,0.005609276537,0.9284883682,0.0001774,-0.3644020603,0.0048614,0.0777376,0.006663455539,0.001575171045,0.001593956956,-0.0001845961943,-0.4104031236,0.0055688,0.0970596,-0.4403760252,0.0062591,0.1128224,0.1296156182,-0.04662657772,77.79000092,0.7600021362,0.1123218875,-0.1166858107,0.1296156182,-0.04662657772,0.128752524,0.007300365648,0.01258661234,0.1042677412,0.1077119676,-0.01094177898,0.009120918929,0,0,0.07338274159,0.08194909244,0.8954674103,0.01637629688,0.0054304612,0.6683950443,-0.0005964239779,0.05061095947,0,1,0
2015-06-03,0.3498117036,0.3828803158,4.021645424e-05,3.083753775,4.857811084,-1.809702674,51.46091338,0.0068483234,16.95616469,40,0.5176466812,-0.2753812895,63.63088635,463061490000,-0.4079610779,-0.002265931764,0.003644502358,6.012697445e-16,1.83,106.1443,59.67,13.65999985,15.35999966,79.26999664,12.69999981,17.27000046,91.80999756,169,138,-0.58361,0.004628,284.71738,0.120469,0.1197028,0.1196792,0.1193184,0.1194988,0.1200859,0.126922,0.1269386,0.1269303,17.36,19.97,32.44,36.11,47.4,55.51,-1.017575679,0.0673386832,-0.03442011269,0.4344284166,0.1006826,0.1474638,0.1003514,0.151581,0.1046996,0.1632368,0.1016732274,0.0833683222,0.01830490515,0.1984956097,0.124478836,0.09652746448,0.0279513715,0.2543081355,0.1839576676,0.1111181494,0.07283951815,0.5041116192,0.8038201361,-0.0007662,-0.3770451637,0.0045744,0.0935624,0.009342008184,0.007329686055,0.003764057929,0.002678552644,-0.4066932241,0.0058803,0.1024592,-0.4369484699,0.0070379,0.1170744,0.1244509391,-0.005164679127,79.26999664,1.479995728,0.07559055532,-0.03673133222,0.1244509391,-0.005164679127,0.1243490133,-0.004403510726,0.01103682323,0.08437534413,0.1156752177,0.007963250172,0.00211662947,0,0,0.05152470584,0.07231678141,0.7124861593,0.01435441171,0.005036860314,0.6491071585,-0.000393600886,-0.01928788578,0,0,0
2015-06-10,0.2917660675,0.7956346572,2.627000568e-05,8.663974298,6.673840657,-3.657191293,50.26930215,0.007875409087,23.75570669,40,0.400249925,0.7589435389,42.67154584,460149500000,-0.9811626599,-0.001001480732,0.004104041404,6.074572966e-16,1.87,105.8037,61.36,13.22000027,15.32999992,81.59999847,13.31999969,17.04000092,89.80000305,175,140,-0.58333,0.0045672,285.67766,0.121863,0.1216524,0.1202382,0.1207034,0.1204708,0.1217577,0.12975,0.12973275,0.129741375,18.3,18.83,33.9,35.7,49.25,55.7875,-1.03522187,0.06785047976,-0.03489908575,0.4670519549,0.103287,0.1413106,0.1006604,0.1495904,0.1062915,0.16439475,0.09570244488,0.09280612827,0.002896316607,0.03073117043,0.1171213497,0.1053146193,0.01180673032,0.1062583292,0.1950933517,0.1030615572,0.09203179446,0.638151718,0.864952437,-0.0002106,-0.3109073842,0.001828,0.0760472,0.00638567166,0.005900236208,0.006211139812,-0.002956336523,-0.3910477009,0.0033677,0.09786,-0.4293032986,0.00560175,0.1162065,0.1596066274,0.03515568828,81.59999847,2.330001831,-0.007507464721,-0.08309802004,0.1596066274,0.03515568828,0.1115460535,-0.01280295976,0.007597024572,0.08739077995,0.07997894688,-0.03569627086,0.01197049175,0,0,0.05889172683,0.0678743377,0.867658217,0.01513107271,0.004039903669,0.7330061295,-0.0009969566452,0.08389897099,0,0,0
2015-06-17,0.4598888112,0.2684754371,3.211860955e-05,8.650990587,6.38717551,-1.246183884,49.35284251,0.008072130736,24.01058106,-52,0.413990203,0.2916763116,42.87261919,463639270000,-0.5346345966,0.0006551554972,0.003254794784,6.632173366e-16,1.9,106.058,59.89,14.5,16.21999931,93.19000244,15.22000027,17.71999931,82.40000153,165,143,-0.57844,0.0043212,285.80226,0.1287668,0.1294172,0.1330595,0.133219,0.13313925,0.129092,0.133414,0.133701,0.1335575,21.825,21.85,36.22,37.6,50.6,57.9,-1.098059088,0.06803390242,-0.0370002668,0.1630323505,0.113904,0.1568995,0.1049942,0.1596092,0.110463,0.17032,0.1406008467,0.1016732274,0.03892761931,0.3241609839,0.1258663094,0.09325129099,0.03261501844,0.2999224045,0.205887072,0.09980703894,0.1060800331,0.724089113,0.7223630511,0.0006504,-0.317540209,0.0022625,0.085991,0.01232919673,0.00738861473,0.007876160785,0.005943525068,-0.412806487,0.0032097,0.10923,-0.4263577211,0.006834,0.119714,0.1186206423,-0.04098598509,93.19000244,11.59000397,-0.0473061928,-0.03979872808,0.1186206423,-0.04098598509,0.09247842562,-0.0190676279,0.008291286891,0.08526769656,0.08862095959,0.008642012709,0.001977684395,0,0,0.06597777923,0.05939108246,1.110903801,0.01231067065,0.003614867382,0.7063630826,-0.0004250362869,-0.02664304692,1,0,0
2015-06-24,0.3329613164,-0.6443417634,3.512188316e-05,-9.985155935,-11.91537326,2.093905774,50.67631312,0.008000997995,17.76845438,-52,0.5785650519,-1,49.92500498,465728550000,1.409143954,0.002923925833,0.002561624303,6.785836042e-16,1.9,106.2522,60.01,13.26000023,15.18000031,82.52999878,14.81000042,16.90999985,82.69999695,170,144,-0.56648,0.0047424,286.7201,0.1167994,0.1167564,0.1179182,0.1176832,0.1178007,0.1167779,0.126149,0.126092,0.1261205,18.53,20.35,31.66,35.46,46.95,55.45,-0.9965050942,0.06798890723,-0.03347234042,0.1810011203,0.0990902,0.1424614,0.097201,0.1453144,0.104755,0.160815,0.1459213725,0.09570244488,0.05021892766,0.4218240869,0.1211700384,0.09176104093,0.0294089975,0.2780070186,0.2089304044,0.09554084674,0.1133895577,0.7824473326,0.7857740286,-4.3e-05,-0.3591050525,0.0029751,0.0867424,0.009162671974,0.004718046965,0.006778327125,-0.003166524754,-0.3967863484,0.0044798,0.0962268,-0.4221862409,0.0066645,0.11212,0.1447963833,0.02617574104,82.52999878,-10.66000366,-0.1046590241,-0.05735283129,0.1447963833,0.02617574104,0.113965712,0.02148728634,0.009570779669,0.08573742619,0.1004192617,0.01179830214,-0.007380465718,1,0.007380465718,0.06305450602,0.0640638247,0.9842451074,0.01250535698,0.004085268348,0.6733185342,0.0004704009664,-0.03304454834,0,0,1
2015-07-01,-0.6628682859,1.688571412,5.385441302e-05,14.38606506,-6.484521133,-4.236578744,43.14109047,0.009132210271,20.67005309,-24,0.2364090328,0.3206467084,40.06225648,461615310000,-0.3363034496,-0.00983880651,0.002616470199,8.124505288e-16,1.89,107.0101,56.94,16.09000015,16.79000092,97.59999847,17.22999954,17.75,90.30000305,174,146,-0.55245,0.0039464,282.31272,0.1423598,0.1420172,0.1600846,0.1600564,0.1600705,0.1421885,0.144277,0.144715,0.144496,26.05,25.15,39.32,41,54.95,61,-1.194691137,0.06794791617,-0.0407517869,0.1716667996,0.1300592,0.1881798,0.1162188,0.1753556,0.117132,0.183162,0.1341143677,0.1406008467,-0.006486478919,-0.04723207458,0.1126320172,0.1072899672,0.005342049982,0.04859087677,0.2057480889,0.1030331695,0.1027149194,0.6916015806,0.7545614956,-0.0003426,-0.3652638426,-0.000951,0.1162412,0.01437767342,0.005853966888,0.01026326,0.005215001451,-0.4056378063,0.0035987,0.1182736,-0.4397690264,0.005651,0.13206,0.04350532979,-0.1012910536,97.59999847,15.06999969,-0.06616363435,0.03849538974,0.04350532979,-0.1012910536,0.05717683336,-0.05678887859,0.01369278878,0.1104738723,0.1102774985,0.009858236768,0.006912096435,0,0,0.09567104573,0.06844851308,1.397708167,0.01556812848,0.004056991413,0.7394040383,-2.827693558e-05,0.06608550406,0,0,0
2015-07-08,-0.9856392294,2.310666103,5.389762615e-05,56.88674699,26.33283541,-4.361181586,36.56287724,0.01060499636,24.62541555,-40,-0.02913003673,-0.877574121,40.55092593,455982290000,-3.000485159,-0.02107151793,0.005591399583,8.55642713e-16,1.83,107.4734,51.61,19.65999985,19.25,111.6699982,20.95999908,19.38999939,89.40000153,167,150,-0.53608,0.003415,271.61564,0.1711348,0.1720104,0.1996388,0.1958564,0.1977476,0.1715726,0.1661935,0.1664625,0.166328,30.7,28.39,45.75,47.49,62.525,68.225,-1.38695838,0.0663551801,-0.0491665282,0.2627526605,0.167864,0.2243282,0.1388342,0.2096774,0.133794,0.208573,0.08911818435,0.1447232621,-0.05560507777,-0.4848599788,0.1037765727,0.1153374744,-0.01156090165,-0.1056221418,0.2131134552,0.1080328384,0.1050806169,0.6793894377,0.6722371427,0.0008756,-0.2879414736,-0.0016515,0.1129284,0.0253488264,0.01815929071,0.01599390942,0.01097115298,-0.4065471565,0.0026832,0.1416864,-0.4368353258,0.0048555,0.149558,-0.02085451936,-0.06435984915,111.6699982,14.06999969,-0.06202286707,0.004140767282,-0.02085451936,-0.06435984915,0.007272695566,-0.04990413779,0.01574289158,0.1200683613,0.1159174313,0.005639932818,-0.01679296491,1,0.01679296491,0.1067394421,0.07173634434,1.487940918,0.01831825423,0.005015521227,0.726200916,0.0009585298144,-0.01320312229,0,0,0
2015-07-15,-1.10132389,1.294862349,7.236553472e-05,4.209137265,-7.870060388,3.690847952,55.20519551,0.01111830572,22.02880803,-40,0.679509473,-0.1570895679,53.98084376,465331210000,0.2812248517,0.01304074331,0.0006038525041,8.531253551e-16,1.84,108.0149,51.4,13.22999954,15.60000038,90.80999756,12.39999962,16.84000015,79.09999847,172,150,-0.52491,0.0047386,279.93572,0.1196288,0.120294,0.1153188,0.1143014,0.1148101,0.1199614,0.1302332,0.1303032,0.1302682,18.62,17.69,32.06,35.21,49.2,56.01,-0.9994488358,0.06641731992,-0.03438444291,0.5964437392,0.0942566,0.1384248,0.0998994,0.1502764,0.1068622,0.165616,0.115563901,0.13292377,-0.01735986897,-0.1399521734,0.2177496159,0.122414348,0.09533526783,0.5759342659,0.2172914729,0.1092902411,0.1080012318,0.6872325395,1.020447811,0.0006652,-0.3796453004,0.0015306,0.0883364,0.002518016181,-0.004487369561,0.005025447129,-0.02283081022,-0.4027327983,0.0051265,0.100754,-0.4312550509,0.0059709,0.1175076,0.1791383916,0.199992911,90.80999756,-20.86000061,0.06693547978,0.1289583469,0.1791383916,0.199992911,0.07948716287,0.07221446731,0.01603016099,0.1222231506,0.1159477543,3.032294199e-05,-0.0007352563007,1,0.0007352563007,0.1025129124,0.08143056774,1.25889964,0.02017673171,0.005191459102,0.7427006922,0.0001759378748,0.01649977622,1,0,0
2015-07-22,-1.033309111,1.562472475,6.672029564e-05,-41.72206707,-10.69036797,5.280418438,54.977236,0.009299930287,17.50830653,36,0.717740411,-0.02470092091,70.16871518,468129150000,2.194062741,0.009951171396,0,8.08863864e-16,1.8,108.7817,49.27,12.11999989,14.81000042,78.88999939,11.19999981,16.36000061,72.09999847,158,152,-0.51975,0.005318,284.26945,0.1041775,0.104357,0.0945176,0.0939214,0.0942195,0.10426725,0.1215816,0.1212694,0.1214255,13.42,16.67,26.375,33.475,45.86,52.06,-0.8821426729,0.0672301989,-0.02988763199,0.1865694318,0.082915,0.1186848,0.0884305,0.1328275,0.0997876,0.1542412,0.1071838131,0.08911818435,0.01806562879,0.1845818376,0.250955735,0.1208860552,0.1300696799,0.73042816,0.2192907915,0.1099560587,0.1093347328,0.6903178446,1.159386626,0.0001795,-0.354859479,0.0065804,0.0715396,7.600138806e-05,0.0009352633985,0.002653817206,-0.002442014793,-0.4013143028,0.00636175,0.088794,-0.4287198932,0.0055889,0.1089072,0.2219472409,0.04280884925,78.88999939,-11.91999817,0.08214286535,0.01520738558,0.2219472409,0.04280884925,0.1046590241,0.02517186122,0.01691220026,0.1175474463,0.1257790028,0.009831248515,-0.00239056502,1,0.00239056502,0.1022469233,0.07558888775,1.352671356,0.02037429041,0.005760852074,0.7172489467,0.0005693929717,-0.02545174556,0,0,0
2015-07-29,-0.3966956054,0.1335227905,5.749669685e-05,-10.46803655,6.051589322,-0.4334565477,53.36610034,0.008320139228,17.2533166,36,0.6628443077,0.7542340319,62.22024204,464806190000,0.427222818,0.002960299681,0,8.286914649e-16,1.77,108.604,48.77,12.5,14.92000008,82.94000244,12.18000031,16.52000046,69.70999908,159,156,-0.51298,0.005103,284.3362,0.10858625,0.1086635,0.1001076,0.0999632,0.1000354,0.108624875,0.1229712,0.1229098,0.1229405,14.18,17.63,27.525,34.8,44.96,54.54,-0.9192257197,0.06742394134,-0.03113628417,0.3371481596,0.0877478,0.1247756,0.09197825,0.13711025,0.1012168,0.1575266,0.09771843909,0.115563901,-0.01784546191,-0.1677333594,0.2631794614,0.1259755514,0.13720391,0.7367483104,0.2189278358,0.1125498272,0.1063780086,0.6653461264,1.159730231,7.725e-05,-0.3484585697,0.0062263,0.0740556,-0.000244839556,-0.003347933962,0.002446902935,-0.0003208409441,-0.3940136672,0.005919375,0.090264,-0.4352559331,0.0064312,0.1126196,0.1936000061,-0.02834723478,82.94000244,4.050003052,0.02627255228,-0.05587031307,0.1936000061,-0.02834723478,0.1072386309,0.002579606824,0.01589199829,0.1103332834,0.1259018644,0.0001228616153,0.007292142927,0,0,0.07963482062,0.09057732553,0.8791915653,0.02435734519,0.008487505634,0.6515422527,0.00272665356,-0.06570669393,0,1,0
2015-08-05,-0.1688781222,0.1635813102,5.633572918e-05,17.86124179,10.64028638,-0.3448658056,50.59215849,0.007769644581,13.85890681,36,0.4905502208,-0.4743994721,50.54859308,461649460000,-1.336287566,-0.001372209303,0,6.767490144e-16,1.7,109.842,45.13,12.51000023,14.88000011,80.09999847,11.51000023,16.45999908,80.69999695,155,158,-0.50022,0.004901,282.25506,0.1144556,0.1142122,0.1026622,0.1023026,0.1024824,0.1143339,0.1264132,0.1265994,0.1265063,14.93,16.77,29.78,35.11,47.21,54.73,-0.9604560061,0.06720870638,-0.03277209065,0.5975196187,0.0868716,0.1236046,0.0965362,0.1414434,0.1035278,0.158233,0.1103429168,0.1071838131,0.003159103614,0.02904770132,0.2689306966,0.1209637655,0.1479669311,0.7989626709,0.2213751045,0.1056252227,0.1157498818,0.7399613739,1.057986874,-0.0002434,-0.3490465905,0.0027557,0.073466,0.001017778007,-0.0009857274901,0.004847156266,0.001262617563,-0.3774037775,0.0046559,0.0898144,-0.4179785514,0.0043741,0.1094104,0.1894484286,-0.004151577471,80.09999847,-2.840003967,0.08688097134,0.06060841906,0.1894484286,-0.004151577471,0.1061827257,-0.001055905253,0.01273015144,0.09342121993,0.1199245122,-0.005977352137,0.003109838185,0,0,0.05313882308,0.08521160819,0.623610142,0.0236192598,0.008987027233,0.6195042813,0.0004995215992,-0.03203797149,0,0,0
2015-08-12,0.6689669143,-0.02366323621,4.327859038e-05,28.09599793,18.81846635,-1.548377875,47.0377366,0.0104626929,13.70490734,32,0.2899580519,0.8371646118,43.02349397,457875280000,0.8903947112,-0.002371935808,0,6.549883784e-16,1.62,109.4655,43.22,13.60999966,15.86999989,88.12999725,14.27000046,17.13999939,81.5,147,164,-0.48036,0.0042688,282.682,0.1314252,0.1313122,0.1269926,0.12779,0.1273913,0.1313687,0.1380484,0.1381848,0.1381166,18.94,19.9,35.41,38.99,51.85,58.61,-1.105225204,0.06775532705,-0.03765247533,0.4677920386,0.1053852,0.153642,0.1090672,0.162257,0.1121272,0.1735672,0.3490129189,0.09771843909,0.2512944799,1.273018666,0.2694438667,0.1142507567,0.15519311,0.8579644293,0.220003263,0.1092775228,0.1107257402,0.6997516509,0.8696954195,-0.000113,-0.372600252,0.0021223,0.0965136,0.005469973668,0.006679649977,0.007134618207,0.004452195661,-0.3920756055,0.0042934,0.1063796,-0.4301099357,0.0047306,0.12288,0.1660543928,-0.02339403584,88.12999725,8.029998779,-0.04625093062,-0.133131902,0.1660543928,-0.02339403584,0.08002517412,-0.02615755155,0.01433323306,0.09634179926,0.1295073763,0.009582864066,0.0009496036382,0,0,0.06961755199,0.07469457146,0.9320296057,0.02553152052,0.01247828513,0.5112596167,0.003491257892,-0.1082446645,0,0,0
2015-08-19,0.6083788302,0.06088392396,4.162123297e-05,19.40782951,6.573201022,-0.56953804,45.01408508,0.009805735801,14.10376857,-68,0.2197424286,-0.2917226079,46.72362658,453854350000,-0.8784356493,-0.005312441724,0,7.017488704e-16,1.57,110.4333,40.75,15.25,16.5,91.83999634,14.34000015,17.55999947,81.5,145,166,-0.45423,0.004211,284.56805,0.132678,0.1325475,0.125489,0.113376,0.1194325,0.13261275,0.1392364,0.139184,0.1392102,20.25,18.575,37.325,38.175,53.4,57.65,-1.123135466,0.06841860974,-0.03800885211,0.9507322789,0.102778,0.1394815,0.107954,0.16355,0.1119838,0.175663,0.4170051505,0.1103429168,0.3066622337,1.329505631,0.2836646228,0.1037765727,0.17988805,1.005552386,0.221807137,0.1093936601,0.1124134769,0.7068553155,0.7825535081,-0.0001305,-0.3030097891,0.00169725,0.073407,0.01248667295,0.002088562778,0.007412506917,0.007016699284,-0.4095409276,0.00313925,0.111192,-0.4427596622,0.0046132,0.1273584,0.08196721311,-0.08408717968,91.83999634,3.709999084,0.06345884503,0.1097097756,0.08196721311,-0.08408717968,0.06424239188,-0.01578278224,0.01348502167,0.1000033502,0.1188229372,-0.01068443916,-0.00828913641,1,0.00828913641,0.07428405938,0.07270465201,1.021723608,0.02276302871,0.01199345166,0.4731170525,-0.0004848334667,-0.03814256422,1,0,0
2015-08-26,-1.38388052,1.96177628,0.0001627286853,129.3175369,-15.72859574,-21.26750036,33.99300914,0.02072099054,29.28310875,-92,0.1043280189,0.9266432383,37.08432957,438455640000,-7.778323489,-0.03992961699,0,1.157053438e-15,1.53,110.5807,38.5,30.31999969,25.64999962,134.3099976,37.88000107,24.37000084,92,151,172,-0.4251,0.0025718,263.22518,0.2333488,0.2331412,0.286491,0.28537525,0.285933125,0.233245,0.211468,0.211936,0.211702,40.9125,45.25,58.07,64.98,72.62,83.99,-1.827260628,0.06782371129,-0.06681437684,0.9246646027,0.2413165,0.351636,0.1896166,0.2951854,0.1717138,0.2715968,0.2874709385,0.3490129189,-0.06154198043,-0.1939871668,0.2158352998,0.2177496159,-0.001914316121,-0.008830235971,0.1768474193,0.1764111885,0.0004362307698,0.002469754349,0.9335660609,-0.0002076,-0.3721023185,0.010543125,0.220639,0.04451534293,-0.04005226562,0.01369682936,0.03202866998,-0.4355130548,0.009156,0.2111376,-0.4506231071,0.0099533,0.199766,-0.1540237508,-0.2359909639,134.3099976,42.47000122,-0.1995776441,-0.2630364892,-0.1540237508,-0.2359909639,-0.04990248726,-0.1141448791,0.02182328147,0.2415772597,0.0828520753,-0.03597086185,0.03829129943,0,0,0.2118242783,0.1455369259,1.455467587,0.05853849282,0.0111235976,0.8099780663,-0.0008698540582,0.3368610138,0,0,0
2015-09-02,0.2490077043,0.9365397595,0.0003335275958,119.8847529,-28.66537387,-7.05458706,40.15443149,0.02325939393,35.35931586,-64,0.2662630274,0.9969096137,45.43519871,442866780000,-7.304843912,-0.01587077008,0,1.571912211e-15,1.56,110.7979,46.3,26.09000015,26.19000053,114.4300003,24.26000023,25.30999947,93.09999847,148,169,-0.40056,0.002724,261.6756,0.221243,0.221192,0.2249414,0.2224176,0.2236795,0.2212175,0.213809,0.214139,0.213974,30.35,37.25,53.41,62.91,73.5,87.7,-1.722833989,0.06713555617,-0.06337427035,0.1106367252,0.196639,0.2644454,0.1828856,0.2768696,0.176451,0.269639,0.1924965617,0.4170051505,-0.2245085888,-0.7730202809,0.1812793767,0.250955735,-0.06967635834,-0.3252372102,0.1528791608,0.1969195461,-0.04404038525,-0.2531474389,1.134429849,-5.1e-05,-0.2941170857,0.0068627,0.1356128,0.005090029848,-0.1238607768,0.007007565044,-0.03942531309,-0.4088436629,0.0086601,0.187968,-0.4177990988,0.009071,0.186376,0.003832900762,0.1578566515,114.4300003,-19.87999725,0.07543280736,0.2750104515,0.003832900762,0.1578566515,-0.03360065102,0.01630183625,0.02249238369,0.2854816513,0.07303337664,-0.009818698664,0.01812767142,0,0,0.2385295491,0.1801840792,1.323810351,0.07628754358,0.01330876263,0.8255447481,0.002185165035,0.01556668176,0,0,0
2015-09-09,0.2210593554,0.01999055584,0.0003933023988,-14.59522074,-9.482402857,-0.2290173551,41.85141121,0.02698342568,36.16956465,-52,0.3281472499,-0.8360577663,47.24681241,443116920000,-1.463804442,-0.004779785429,0,1.772345112e-15,1.56,110.9225,44.13,26.22999954,26.30999947,131.3000031,27.89999962,26.04000092,85.09999847,146,167,-0.38697,0.0027464,257.85366,0.2236906,0.2238412,0.2465124,0.2607782,0.2536453,0.2237659,0.214219,0.2143275,0.21427325,35.05,36.91,55.79,59.71,75.35,84.3,-1.717227866,0.06638731952,-0.06410323489,0.624721001,0.2090972,0.3033356,0.182254,0.277772,0.173919,0.26913225,0.1448747284,0.3462767993,-0.2014020709,-0.8713690264,0.1553839542,0.2637647135,-0.1083807593,-0.5291582912,0.1448402372,0.2057187984,-0.06087856124,-0.3508788577,1.178752944,0.0001506,-0.3678078374,0.0025711,0.1884768,-0.0007705364834,-0.05557168353,0.003592801655,-0.005860566331,-0.4152721803,0.0062471,0.191036,-0.4298069354,0.007252375,0.1904265,0.003049939958,-0.000782960804,131.3000031,16.87000275,-0.05985663438,-0.1352894417,0.003049939958,-0.000782960804,-0.01026220281,0.02333844821,0.02571889034,0.2994641527,0.0790905027,0.006057126057,-0.01399503577,1,0.01399503577,0.2456450838,0.1953856776,1.257231783,0.07990547549,0.01033365141,0.8706765545,-0.002975111226,0.04513180638,0,0,0
2015-09-16,0.1853232939,-0.2451931041,0.0004100495341,-35.67461299,-12.70370865,8.572186767,50.75957118,0.01714164144,31.8584524,-16,0.6883076748,0.7982456694,70.96347797,453832170000,0.3238051503,0.01855478293,0,1.92752826e-15,1.57,110.1021,47.12,21.35000038,22.32999992,107.0199966,23.75,21.56999969,84.90000153,148,166,-0.38366,0.0032938,266.70348,0.1808398,0.1806922,0.196929,0.196431,0.19668,0.180766,0.175999,0.1760672,0.1760331,30.45,30.85,46.88,49.63,62.88,71.74,-1.434848847,0.06683259243,-0.05179848719,0.3070847802,0.162165,0.235381,0.1470046,0.2246314,0.1436906,0.2214068,0.1935613327,0.2061369068,-0.01257557412,-0.06294611714,0.1614279259,0.2692659474,-0.1078380214,-0.5116407792,0.1493317895,0.2069979093,-0.05766611975,-0.3265380874,1.489582927,-0.0001476,-0.3683397645,0.002093,0.146432,-0.02692189878,-0.003809401943,-0.01186048216,-0.0261513623,-0.4177571602,0.005052,0.1552536,-0.4257285864,0.0065156,0.1554324,0.04590161708,0.04285167713,107.0199966,-24.28000641,-0.1010526155,-0.04119598114,0.04590161708,0.04285167713,-0.03403494095,-0.02377273814,0.02539005299,0.3067278436,0.07644891541,-0.002641587289,0.008667740715,0,0,0.2458566848,0.2030473449,1.210834276,0.08181251908,0.009308368675,0.8862231749,-0.001025282734,0.01554662045,1,0,0
2015-09-23,0.4286086491,0.06136035637,0.0002810882438,-34.2816269,-8.911210395,3.541543347,42.25233003,0.0159829814,26.57441265,-16,0.2750403884,-0.2696121854,61.44181051,439897700000,0.9129636028,-0.01128586536,0.0008911867577,1.569876938e-15,1.52,111.6287,44.53,22.12999916,22.87999916,105.8600006,22.45999908,22.79000092,69.19999695,146,168,-0.38767,0.003213,259.1756,0.190766,0.190824,0.2012188,0.1994352,0.200327,0.190795,0.1866346667,0.1867043333,0.1866695,28.39,29.76,47.46,51.56,63.91666667,74.13333333,-1.471708589,0.06684055788,-0.05466921458,0.5767356998,0.1727102,0.2328172,0.1596442,0.2306064,0.1549743333,0.231508,0.2094939341,0.1448747284,0.06461920574,0.368825358,0.1500003772,0.2696012791,-0.1196009019,-0.5863063145,0.155919146,0.2064840251,-0.05056487908,-0.280885471,1.413041637,5.8e-05,-0.2964386623,0.0024367,0.120214,-0.02371116339,0.01914222,-0.007790150392,0.003210735391,-0.3636750334,0.0043303,0.1419244,-0.3960526009,0.006571666667,0.1530673333,0.03389064747,-0.01201096962,105.8600006,-1.159996033,-0.01469278438,0.08635983114,0.03389064747,-0.01201096962,-0.003933489884,0.03010145107,0.02297749033,0.2430544406,0.08637117451,0.009922259096,-0.00205074423,1,0.00205074423,0.1528272114,0.2036901922,0.7502924404,0.0810300651,0.008345215425,0.897010876,-0.0009631532496,0.01078770106,0,0,0
2015-09-30,-0.1447655446,0.02564615474,0.0001891328255,7.523698628,8.742082666,-2.520850571,42.80630699,0.0153617409,27.28829448,64,0.2754327478,0.9700509266,53.35277522,436415100000,-1.689682161,-0.01277311803,0.01490530701,1.324247144e-15,1.41,111.3311,45.06,24.5,24.75,103.2799988,25.70000076,24.09000015,81.59999847,142,178,-0.3956,0.0029982,256.3662,0.2061894,0.2065142,0.2313668,0.2325186,0.2319427,0.2063518,0.200256,0.200363,0.2003095,31.65,33.68,50.43,55.54,68.65,79.1,-1.574453179,0.06676098811,-0.05912123728,1.098205157,0.199527,0.2636102,0.1739728,0.247874,0.167564,0.246936,0.1320564748,0.1935613327,-0.06150485787,-0.3823647564,0.120996704,0.2838314034,-0.1628346994,-0.8526171066,0.1494272692,0.2154309982,-0.06600372901,-0.3658308835,1.375473359,0.0003248,-0.2767352741,-0.0003741,0.1281664,-0.02053526557,0.01633142658,-0.006286619201,0.003175897822,-0.3503698499,0.0045716,0.1478024,-0.3829770808,0.0069405,0.158744,0.01020408163,-0.02368656583,103.2799988,-2.580001831,-0.0466926353,-0.03199985092,0.01020408163,-0.02368656583,-0.0266666605,-0.02273317062,0.02301429033,0.1909901033,0.1075412048,0.02117003034,0.0188958986,0,0,0.140599931,0.1423609595,0.9876298356,0.09068496334,0.01012469777,0.8883530699,0.001779482342,-0.008657806113,0,1,1
2015-10-07,-0.3518782872,0.09769157546,0.0001332961592,10.28314351,3.040869973,10.49390983,56.61131727,0.01636054992,21.96108977,-32,0.8467247938,0.6956637773,56.6908918,449575830000,1.467230602,0.02799811955,0,1.054504721e-15,1.55,109.8162,47.86,18.39999962,20.70999908,89.43000031,16.38999939,21.40999985,80,143,175,-0.4042,0.0036398,264.43508,0.1644698,0.1646982,0.154648,0.155984,0.155316,0.164584,0.1675006,0.1676482,0.1675744,22.43,23.25,41.02,46.27,60.16,69.52,-1.295291167,0.06624689478,-0.04716552338,0.6222286842,0.1344784,0.1828692,0.1395858,0.198672,0.1404512,0.208441,0.1074738835,0.2094939341,-0.1020200506,-0.6674469106,0.1322078171,0.2412291707,-0.1090213535,-0.6013723405,0.1488522831,0.2163903001,-0.06753801705,-0.3741292966,1.46569029,0.0002284,-0.3049703228,0.0033578,0.0967816,-0.02433551418,-0.01976464858,-0.01874358246,-0.003800248617,-0.3493560237,0.0045449,0.1181724,-0.389746747,0.0068717,0.1359796,0.1255434518,0.1153393702,89.43000031,-13.84999847,0.122635772,0.1693284073,0.1255434518,0.1153393702,0.03380013491,0.06046679541,0.01969170535,0.1679828964,0.1049247216,-0.002616483225,0.008003519858,0,0,0.1202344093,0.1261619285,0.9530165774,0.07009468477,0.01190317198,0.8301843852,0.001778474218,-0.05816868461,0,0,0
2015-10-14,-0.4537544002,0.6873789332,0.000120713546,-29.86536142,-3.22094681,9.814839723,54.23666884,0.01436280223,19.28595173,40,0.7027960983,-0.6271911627,72.4821404,453068610000,5.976818077,0.0178768107,0,9.40478446e-16,1.49,109.1244,46.63,18.03000069,20.80999947,102.2900009,16.89999962,21.34000015,74.80000305,142,174,-0.41687,0.00380275,268.3341,0.1547545,0.1549915,0.1529002,0.1527134,0.1528068,0.154873,0.163308,0.163302,0.163305,21.46,24.49,37.925,45.6375,57.66,69.24,-1.23683652,0.06727728358,-0.0443846846,0.6566845324,0.1330568,0.1812188,0.13190925,0.190429,0.1367354,0.2043084,0.1296818238,0.1320564748,-0.002374651019,-0.01814572945,0.1275277582,0.1837677233,-0.05623996519,-0.3653385351,0.1584563363,0.2169242998,-0.05846796351,-0.3140693692,1.186570437,0.000237,-0.3064953181,0.004331,0.096324,-0.001262483664,0.005911005587,-0.02038762883,0.02307303052,-0.3630952889,0.006296125,0.1170395,-0.3962716812,0.0072169,0.135146,0.1541873918,0.02864393992,102.2900009,12.86000061,0.06686397004,-0.055771802,0.1541873918,0.02864393992,0.0254685584,-0.008331576508,0.01973416215,0.1635370559,0.1076773666,0.002752645025,-0.004727430912,1,0.004727430912,0.1229525208,0.1154065272,1.065386195,0.0465294447,0.01275886856,0.7257893654,0.0008556965759,-0.1043950199,1,0,0
2015-10-21,-0.5815453002,2.053779699,0.0001026420749,-38.95097808,4.607928811,6.584459175,57.1050762,0.01115685278,18.26549722,60,0.7069610589,-0.8342196913,79.673652,456738360000,1.604886228,0.008699936021,0,9.027424996e-16,1.45,109.7746,45.22,16.70000076,19.45999908,106.0199966,16.67000008,20.86000061,69.69999695,140,170,-0.42817,0.00400275,275.3705,0.14344775,0.143466,0.1472818,0.1468602,0.147071,0.143456875,0.1530341111,0.1529466667,0.1529903889,21.25,23.31,36.4875,42.8875,55.28333333,64.68333333,-1.175708077,0.06819680129,-0.04111508284,0.6129114674,0.12776,0.1723554,0.12124575,0.17685875,0.1267283333,0.1912817778,0.1259068505,0.1074738835,0.01843296699,0.1582944778,0.1358398595,0.1553839542,-0.0195440947,-0.1344224896,0.1725903107,0.2166630577,-0.04407274693,-0.2274227772,1.08314052,1.825e-05,-0.2971883482,0.0029867,0.0891908,0.003744829328,0.0100792434,-0.02353682146,0.005007312992,-0.3731107716,0.005595375,0.111226,-0.4059835973,0.006014666667,0.1291068889,0.165269353,0.01108196126,106.0199966,3.729995728,0.001799681254,-0.06506428878,0.165269353,0.01108196126,0.07194252784,0.04647396944,0.01732130173,0.1557838976,0.1000622847,-0.007615081983,-0.005842448911,1,0.005842448911,0.1007725727,0.1267241724,0.7952119219,0.03881067665,0.01466650343,0.6221013212,0.001907634871,-0.1036880442,0,0,0
2015-10-28,0.4189262719,-1.25369767,7.298170785e-05,-13.01730511,10.39466763,7.876775954,68.32700109,0.00888777065,21.63128355,84,0.9435219553,1,64.95746868,462373100000,3.612965716,0.02588964891,0,8.476055178e-16,1.47,110.2334,45.93,14.32999992,17.48999977,88.27999878,14.56999969,19.22999954,70.30000305,137,166,-0.43989,0.0044022,283.19228,0.1264652,0.1265784,0.1246248,0.1242788,0.1244518,0.1265218,0.1372154,0.1373994,0.1373074,17.88,21.16,32.53,39.59,51.83,60.98,-1.066368959,0.0677380056,-0.03626395814,2.185276221,0.1090232,0.1495202,0.1080702,0.158595,0.1137218,0.175644,0.09006604116,0.1296818238,-0.03961578264,-0.3645407492,0.1367135304,0.1614279259,-0.02471439556,-0.1661710466,0.1776129496,0.2214637956,-0.04385084605,-0.220652383,1.27589021,0.0001132,-0.3132704219,0.0048199,0.080994,-0.005524085486,-0.001329124899,-0.03019289068,-0.009268914813,-0.3789380842,0.0068108,0.1010496,-0.4279856154,0.0073755,0.1238444,0.2205163897,0.05524703667,88.27999878,-17.73999786,-0.01647218779,-0.01827186905,0.2205163897,0.05524703667,0.09948540846,0.02754288062,0.01677944515,0.1200504321,0.1226299803,0.02256769565,0.01177048849,0,0,0.04024439036,0.1350166022,0.2980699388,0.04390306714,0.01784409187,0.5935570557,0.003177588442,-0.02854426548,0,1,0
2015-11-04,0.4226099065,-1.095605617,5.291941715e-05,-1.702004686,-3.351674059,4.972008678,66.94257776,0.008781486949,26.52675424,96,0.8540971158,-0.3946569436,64.41204187,458061170000,3.375688328,0.01658312617,0.003200021347,7.207836219e-16,1.57,110.7139,46.32,15.51000023,18.30999947,89.45999908,14.76000023,19.65999985,77.59999847,141,163,-0.4526,0.004224,282.0639333,0.1329596667,0.132994,0.1318152,0.1311918,0.1315035,0.1329768333,0.1421655714,0.14237,0.1422677857,19.69,20.92,35.43333333,39.81666667,55.57857143,61.77857143,-1.116308591,0.06708428665,-0.03811314823,0.715441725,0.1143568,0.158891,0.1121076667,0.166933,0.1156154286,0.1827924286,0.159610737,0.1259068505,0.03370388651,0.2371956054,0.1587591462,0.1500003772,0.008758768999,0.0567504412,0.1882557701,0.2199905853,-0.03173481527,-0.1557832342,1.12801887,3.433333333e-05,-0.3259620023,0.0051204,0.0890684,0.001555897547,0.001440635502,-0.02815573479,0.007079983032,-0.3929558655,0.0065435,0.1096506667,-0.4502361342,0.006936142857,0.134354,0.1805286393,-0.03998775038,89.45999908,1.180000305,0.05081300734,0.06728519514,0.1805286393,-0.03998775038,0.07373022506,-0.0257551834,0.01581859163,0.1089908919,0.1267419044,0.004111924041,-0.00355166694,1,0.00355166694,0.0437172205,0.111972137,0.3904294556,0.03860836667,0.01610825351,0.5827781671,-0.001735838368,-0.01077888854,0,0,0
2015-11-11,0.6954064596,-0.5264457652,5.566549344e-05,-8.698342898,-15.97099433,-3.490068798,56.45287711,0.008849211018,24.73571101,76,0.5377307283,-0.9752019386,43.37999257,445886940000,0.184439232,-0.005360116046,0.003672400157,6.668693123e-16,1.55,111.9919,42.95,16.05999947,18.45000076,91.25,15.60000038,19.72999954,70.5,145,161,-0.46193,0.003973,283.359,0.140602,0.140908,0.12756125,0.1274965,0.127528875,0.140755,0.1491888889,0.1492722222,0.1492305556,19.5125,21.2375,37.65,42.3,57.37222222,64.28888889,-1.187029644,0.06827927711,-0.04034118766,0.4314397649,0.10958475,0.15299225,0.117148,0.172874,0.1222592222,0.1879803333,0.1515506881,0.09006604116,0.06148464694,0.520376952,0.1725517481,0.120996704,0.05155504408,0.3549338748,0.1928740225,0.2205894722,-0.02771544966,-0.1342661394,0.8596263293,0.000306,-0.3306268257,0.003759625,0.086815,0.01115215591,0.008151722189,-0.02638995653,0.009596258365,-0.3842880885,0.004256,0.111452,-0.4236797657,0.005889222222,0.1314422222,0.1488170222,-0.03171161712,91.25,1.790000916,0.02948712008,-0.02132588726,0.1488170222,-0.03171161712,0.06937662474,-0.004353600325,0.01615888672,0.1088662248,0.1292451294,0.00250322506,-0.003233307322,1,0.003233307322,0.04915050322,0.1075551514,0.4569795361,0.03018146518,0.01554126281,0.4850726194,-0.0005669906984,-0.0977055477,0,0,0
2015-11-18,0.4443902909,-0.5119850626,7.459264282e-05,30.43358039,12.2468926,-6.552748899,57.27801421,0.0107825971,20.17856729,56,0.5796797601,0.8961598488,42.07207145,440832100000,-0.9728842104,0.003046584305,0.002852896186,8.383950646e-16,1.56,112.3663,40.75,16.85000038,19.21999931,93.47000122,13.32999992,20.17000008,71.69999695,137,163,-0.46307,0.0038142,289.92666,0.1436646,0.143624,0.12801525,0.12773075,0.127873,0.1436443,0.1532575,0.1532895,0.1532735,20.7125,22.5125,39.79,43.65,60.275,65.25,-1.239473575,0.06957416082,-0.04116876578,0.4669517917,0.10879,0.154943,0.1205128,0.177719,0.1246865,0.191404,0.1130040712,0.159610737,-0.04660666583,-0.345314111,0.1635160895,0.1322078171,0.03130827234,0.2125363353,0.1970188392,0.1929796318,0.00403920737,0.02071470585,0.9203833158,-4.06e-05,-0.3499979146,0.0039935,0.092306,0.01091334438,-0.009124083248,-0.0137483725,-0.0002388115358,-0.3836358162,0.0054716,0.1144124,-0.42214176,0.00477175,0.133435,0.1406527524,-0.008164269779,93.47000122,2.220001221,0.2640660524,0.2345789323,0.1406527524,-0.008164269779,0.04942772096,-0.01994890377,0.01604813371,0.1361710201,0.1054278211,-0.02381730836,0.01603322988,0,0,0.07800342551,0.1206760544,0.64638694,0.03017985465,0.01270094774,0.5791580878,-0.002840315068,0.09408546841,1,0,0
2015-11-25,0.3743714198,-0.03919746052,6.596777446e-05,-2.044626682,-5.990718158,-1.204527639,58.08771978,0.009790321372,16.6639198,36,0.5975350257,-0.232809824,48.47196212,438577600000,0.4950513656,0.008019831755,0.00204983778,6.412096477e-16,1.61,111.8936,41.22,15.18999958,18.19000053,86.13999939,14.35000038,19.93000031,70,130,163,-0.45457,0.0040854,292.58218,0.1327772,0.1327898,0.1191048,0.1193242,0.1192145,0.1327835,0.1454382,0.1456536,0.1455459,18.58,20.91,36.92,40.95,56.07,64.08,-1.156252556,0.0700336019,-0.03805776559,0.115243762,0.1008068,0.1476408,0.1099532,0.1670156,0.1180732,0.1855492,0.1682663683,0.1515506881,0.01671568016,0.1046281052,0.1801563947,0.1275277582,0.05262863653,0.3454912811,0.2011459696,0.1568253788,0.0443205908,0.248897912,0.9604187128,1.26e-05,-0.3770131005,0.0050093,0.093668,0.006810279626,-0.008755514052,-0.00341059043,-0.004103064749,-0.4120492994,0.0057009,0.1141248,-0.4444731351,0.0062653,0.134952,0.1974984224,0.05684567,86.13999939,-7.330001831,0.05853652798,-0.2055295244,0.1974984224,0.05684567,0.09565693898,0.04622921802,0.01102661204,0.1172003972,0.08599289727,-0.01943492378,-0.000129140615,1,0.000129140615,0.07740337434,0.08986235143,0.8613548734,0.02949378915,0.01323046006,0.5514153849,0.000529512316,-0.02774270293,0,0,0
2015-12-02,0.4797644125,0.7284070757,5.74654522e-05,-17.38394371,9.856590481,-1.336353871,52.73615296,0.009755410058,13.24157479,-36,0.5059121358,-0.8232761333,50.76359157,435530890000,2.791342218,0.003087839772,0.004727462186,6.9228643e-16,1.56,112.3715,39.93,15.90999985,18.32999992,92.94000244,15.97000027,19.96999931,72.30000305,124,163,-0.4371,0.003878,284.1203,0.143824,0.143417,0.1448655,0.144986,0.14492575,0.1436205,0.1492181429,0.1494386429,0.1493283929,20.6,23.425,38.95,42.8,57.24642857,65.71071429,-1.214449391,0.0683142423,-0.0411619489,0.5524612346,0.1269475,0.1723445,0.119311,0.179988,0.1221849286,0.1918990714,0.2053880109,0.1202384701,0.0851495408,0.5354239045,0.2042794301,0.1298112879,0.07446814221,0.4534070476,0.2071081205,0.1446284313,0.06247968925,0.3590730678,0.9038492968,-0.000407,-0.3033626024,0.00472025,0.090794,0.00846183904,0.006546183316,0.001381585787,0.001651559414,-0.40546076,0.006029,0.121354,-0.4439203707,0.007713607143,0.1394282857,0.1521056002,-0.0453928222,92.94000244,6.800003052,-0.003757070671,-0.06229359866,0.1521056002,-0.0453928222,0.08947077995,-0.00618615903,0.01129093912,0.1204510811,0.08570491859,-0.0002879786754,-0.01105659264,1,0.01105659264,0.08665336894,0.08747983809,0.9905524613,0.03010299679,0.01325202632,0.5597771741,2.156626037e-05,0.008361789161,0,0,0
2015-12-09,0.6268981518,-0.07530342281,9.535351309e-05,43.64939521,11.22626819,-5.175392756,44.6480541,0.01121722745,15.77318846,-36,0.1933218686,-0.4936094312,35.11923594,422836670000,-1.988824668,-0.01518871847,0.00856094047,9.129169643e-16,1.53,112.1918,37.16,19.61000061,21.04999924,113.8300018,22.06999969,21.55999947,72.40000153,129,166,-0.41123,0.0033816,287.39414,0.1632862,0.163343,0.184196,0.185137,0.1846665,0.1633146,0.1654982,0.1656134,0.1655558,26.06666667,30.33333333,44.4,49.7,61.24,71.87,-1.396894614,0.0701776062,-0.04680204083,2.008872651,0.161332,0.2166513333,0.1349306,0.2029792,0.1362372,0.210698,0.2087202615,0.1671144988,0.04160576276,0.222315695,0.2069175294,0.1411889887,0.06572854073,0.3822209671,0.2009062755,0.1502358448,0.05067043076,0.2906321506,0.864521535,5.68e-05,-0.2927077913,0.004325166667,0.1106386667,0.01852088187,0.006174460525,0.004837913865,0.01005904283,-0.4027619205,0.0056403,0.1360972,-0.4292490356,0.0079118,0.1489216,0.07343185017,-0.07867375005,113.8300018,20.88999939,-0.1114634852,-0.1077064145,0.07343185017,-0.07867375005,0.02422804025,-0.06524273969,0.01305166084,0.1506194127,0.07974323474,-0.005961683853,-0.007769086366,1,0.007769086366,0.1032473513,0.113249663,0.9116791041,0.03343746624,0.01350313572,0.5961674961,0.0002511094019,0.036390322,0,0,0
2015-12-16,0.2288922499,0.200056114,9.654771757e-05,64.26348506,-14.00786718,-4.217828607,52.76517748,0.0142749049,21.04908578,-32,0.5300162544,0.7871151251,36.83774223,435852190000,-0.3528075745,0.005737267984,0.008662973236,9.252682655e-16,1.46,112.9864,35.55,17.86000061,19.56999969,108.9300003,18.80999947,20.72999954,70.19999695,128,173,-0.38032,0.0035644,291.15464,0.1530936,0.1532002,0.158076,0.158378,0.158227,0.1531469,0.1573042,0.1575128,0.1574085,25.3,27.8,42.83,46.47,59.13,68.86,-1.327066385,0.07022306049,-0.04389035873,0.1835128981,0.137447,0.186173,0.127398,0.1892276,0.1285406,0.1998922,0.1737251332,0.2053880109,-0.03166287771,-0.1674265704,0.2138247603,0.1532779007,0.06054685958,0.332904184,0.1963479569,0.1524772338,0.04387072308,0.2528730771,1.000855393,0.0001066,-0.3011309561,0.003583,0.097452,0.008403847323,-0.0171484515,0.001528129052,-0.01011703455,-0.3905533854,0.0051659,0.1236592,-0.4344974071,0.0068079,0.1427032,0.09574462632,0.02231277614,108.9300003,-4.900001526,-0.0505049911,0.06095849411,0.09574462632,0.02231277614,0.05927439272,0.03504635246,0.016861559,0.1523538416,0.09964553428,0.01990229954,0.01441063565,0,0,0.1060717885,0.1201572353,0.8827748758,0.03716246788,0.01366835303,0.6322000716,0.0001652173076,0.03603257556,1,0,0
2015-12-23,0.06193935376,-0.8449762919,0.0001275165528,-5.641851055,-16.65595555,-1.431613598,52.23595704,0.01507263194,19.6315369,-32,0.5632587966,0.9609462198,39.93841435,435606960000,-0.6152911975,0.009370169454,0.006545451856,1.130480306e-15,1.51,113.1847,36.76,15.56999969,19.32999992,99.61000061,13.64000034,20.61000061,66,126,174,-0.35248,0.0037884,289.83132,0.1446152,0.1446674,0.12823,0.128102,0.128166,0.1446413,0.15565075,0.1556945,0.155672625,21.6,22.6,40.55,43.39,59.6125,66.275,-1.247666039,0.07020121204,-0.04145432787,0.1053875498,0.113059,0.150501,0.119447,0.1769486,0.126658,0.19590925,0.1542951767,0.2087202615,-0.05442508482,-0.3021273941,0.2108363005,0.1727336188,0.03810268173,0.1993313735,0.1882363182,0.1537043093,0.03453200892,0.202667498,1.194220591,5.22e-05,-0.2841250569,0.003614,0.074884,-0.005594414,-0.02713762402,0.0006089514684,-0.01399826132,-0.3880057599,0.0035565,0.1150032,-0.4293755798,0.005611,0.1385025,0.2414900644,0.1457454381,99.61000061,-9.319999695,0.1414955501,0.1920005412,0.2414900644,0.1457454381,0.06621834929,0.006943956567,0.01901598458,0.1722924944,0.09939959106,-0.0002459432209,0.01234159653,0,0,0.1348073654,0.1210134208,1.113986899,0.04412250031,0.01428559726,0.6762287459,0.0006172442356,0.04402867425,0,0,0
2015-12-30,-0.117293555,-1.197541011,0.0001419896523,-29.86606183,-3.396123067,3.134494302,51.60939808,0.01262816773,15.75579021,-32,0.6218168635,-0.8191117606,45.6143627,431877160000,2.533833859,0.01104824009,0.007111164862,1.248398728e-15,1.54,113.4707,36.59,17.29000092,19.59000015,100.8199997,15.96000004,20.37999916,67.30000305,123,172,-0.33033,0.003739,284.95,0.148511,0.148514,0.1409946,0.1404332,0.1407139,0.1485125,0.156291,0.156449,0.15637,21.16,23.76,39.6,45.3,58.625,67.925,-1.25948324,0.06904999612,-0.04256308656,0.8049113233,0.122092,0.1690002,0.123563,0.186395,0.127037,0.200369,0.2150769978,0.1838985055,0.03117849233,0.1566120886,0.2190423672,0.1628582415,0.05618412569,0.2963850303,0.1876307833,0.1449238744,0.04270690889,0.2582675127,1.096596189,3e-06,-0.322291013,0.0048322,0.0938164,0.003371606353,-0.01401825867,0.003448647529,0.008966020353,-0.4054226702,0.0064665,0.125664,-0.4479575817,0.007333,0.146664,0.1330248187,-0.1084652457,100.8199997,1.209999084,0.08333338811,-0.05816216196,0.1330248187,-0.1084652457,0.04032664635,-0.02589170293,0.02098650333,0.1722047011,0.1086307391,0.009231148083,-0.007243398784,1,0.007243398784,0.1365775511,0.1209395831,1.129303968,0.03911749912,0.0125946923,0.6780292046,-0.001690904957,0.001800458757,0,1,1
2016-01-06,-0.1003390091,-1.196898828,0.0001132221174,-12.16797993,12.41530915,-4.90500215,38.4031326,0.01317919027,18.08492988,-92,-0.02090445436,-0.3135339189,38.66979921,424286910000,-2.528539956,-0.022456013,0,1.206501886e-15,1.53,114.6177,33.97,20.59000015,21.27000046,103.0599976,20.60000038,22.13999939,71.68000031,119,174,-0.31586,0.003236,271.6268,0.179901,0.181483,0.1893495,0.19205425,0.190701875,0.180692,0.1805097273,0.1803710909,0.1804404091,28.7875,29.5375,46.5,51.85,64.84545455,75.17727273,-1.46073779,0.06823902405,-0.05177730345,0.7144504444,0.16617225,0.21435775,0.151281,0.215513,0.148145,0.2241651818,0.2301926417,0.1570453403,0.07314730143,0.3823819758,0.2258842097,0.166766425,0.05911778471,0.3034283409,0.1823920135,0.150254999,0.03213701447,0.1938244468,0.9229319782,0.001582,-0.2532546711,-0.000436875,0.096371,0.01458377012,0.01170396622,0.009982176505,0.01121216377,-0.3502347367,0.002705,0.128464,-0.4083701469,0.005714681818,0.1520403636,0.03302575523,-0.09999906347,103.0599976,2.239997864,-0.000485447995,-0.0838188361,0.03302575523,-0.09999906347,0.04090262873,0.000575982382,0.0251916015,0.1528860796,0.1414641146,0.03283337549,-0.013202163,1,0.013202163,0.1420276094,0.09734385315,1.459030076,0.04046236393,0.01265132342,0.6873310851,5.663111911e-05,0.009301880515,0,0,0
2016-01-13,-0.2970492189,-1.182253126,0.0001330883537,76.16084816,27.48282921,-14.47556153,28.45458494,0.01688828756,27.88218673,-100,-0.03985525426,-0.8789111437,31.46571597,418952900000,-8.282910725,-0.04833003565,0,1.329646355e-15,1.43,115.1425,30.42,25.21999931,24.88999939,117.1399994,25.56999969,24.81999969,74.45999908,117,180,-0.3056,0.002855,261.1967,0.212423,0.212349,0.2365806,0.2288306,0.2327056,0.212386,0.207391,0.2096822,0.2085366,35.71,34,54.05,57,72.76,80.02,-1.65102745,0.06908942061,-0.0608477519,0.2340105342,0.20595,0.2618428,0.17934,0.254474,0.1717904,0.2557186,0.2314538106,0.1701184081,0.06133540251,0.3078856186,0.2090062688,0.1937794337,0.01522683508,0.07564367311,0.169377255,0.163497815,0.005879439941,0.03532887851,0.9123926892,-7.4e-05,-0.2389639174,0.0011908,0.1117856,0.02605436762,0.0252116235,0.01675597802,0.0114705975,-0.3463880834,0.004521,0.150268,-0.3926382836,0.0052179,0.1678564,-0.01308485062,-0.04611060585,117.1399994,14.08000183,-0.01368793061,-0.01320248261,-0.01308485062,-0.04611060585,-0.002812362256,-0.04371499099,0.02687077993,0.1828892954,0.1281024517,-0.01336166289,-0.02528237508,1,0.02528237508,0.175582309,0.09949299305,1.7647706,0.04938521561,0.01183474669,0.7603585092,-0.0008165767327,0.0730274241,1,0,0
2016-01-20,-0.1514807798,-1.123927409,0.0001615024541,95.48242202,25.56184999,-12.46968696,29.21754088,0.02290071797,35.85319055,-56,0.07864545386,0.4725279764,21.80208403,417237830000,-9.032065063,-0.04059690119,0.01120563401,1.282727927e-15,1.32,116.3498,26.68,27.59000015,27.80999947,112.8799973,32.84999847,26.79999924,81.81999969,116,198,-0.29473,0.0027275,253.99375,0.22886625,0.22879325,0.290327,0.2788394,0.2845832,0.22882975,0.221339,0.221395,0.221367,40.01,38.93,56.5,59.875,75.55,82.5,-1.729801378,0.06830249337,-0.06555162617,0.4120479944,0.2500306,0.322999,0.192068,0.27667725,0.181685,0.273079,0.2328103919,0.2231184324,0.009691959448,0.0425216359,0.201488989,0.1907713068,0.01071768223,0.0546593708,0.1589515963,0.169891481,-0.01093988474,-0.06656015628,0.8336822761,-7.3e-05,-0.2546758492,0.0019316,0.1459368,0.03972711934,0.03120576283,0.02014023336,0.01367275172,-0.3610031248,0.005542875,0.1692185,-0.4019403471,0.006015,0.182788,0.007973878657,0.02105872928,112.8799973,-4.260002136,-0.1601217219,-0.1464337913,0.007973878657,0.02105872928,-0.0363178802,-0.03350551794,0.03352403836,0.1788009379,0.1578902254,0.02978777367,-0.01176276603,1,0.01176276603,0.1778292977,0.09661571696,1.840583533,0.05075070914,0.01435701764,0.7171070537,0.002522270949,-0.04325145558,0,0,0
2016-01-27,0.158730776,-0.9842905659,0.0001840876815,22.30304351,2.689240035,-0.7028124488,38.84092241,0.02412248413,39.0742926,-56,0.2868982519,-0.5371419752,35.04278617,422420920000,-2.033270944,-0.009147723052,0.01490825664,1.411534361e-15,1.4,115.5087,32.32,23.11000061,24.46999931,100.0400009,24.51000023,25.04999924,71.94000244,118,200,-0.28246,0.0029854,255.1039,0.206966,0.2072516,0.2260626,0.2262148,0.2261387,0.2071088,0.209304,0.2091695,0.20923675,29.16,34.67,48.25,58.02,73.375,77.8,-1.572448292,0.067740487,-0.05933784212,0.3770822965,0.2040848,0.2551908,0.1785484,0.2478836,0.173908,0.2548545,0.2076250126,0.260776765,-0.05315175242,-0.2279311063,0.1840660408,0.2076898304,-0.02362378955,-0.1207511559,0.1464796743,0.1786300825,-0.03215040829,-0.198430413,1.002805435,0.0002856,-0.2225504686,0.0034991,0.102212,0.01027214718,-0.01686580953,0.01187131116,-0.02945497215,-0.3251876032,0.0061072,0.1386704,-0.3775819947,0.0051445,0.161893,0.05884892545,0.05087504679,100.0400009,-12.83999634,-0.05711952695,0.103002195,0.05884892545,0.05087504679,0.0237024904,0.06002037059,0.03548509955,0.1944505748,0.1543262029,-0.003564022477,-0.0109229223,1,0.0109229223,0.1901698062,0.1165880799,1.631125639,0.05898827075,0.01585320512,0.7312481801,0.001496187477,0.01414112648,0,1,0
2016-02-03,0.1890762743,-0.9981070471,0.0002249437842,-17.32256043,-3.634094312,7.75017303,45.37131528,0.02248292415,34.33426229,-56,0.5289716687,0.7605951524,42.44356199,428998730000,1.7124693,0.009778612661,0.01415069408,1.333961592e-15,1.38,114.6144,32.29,21.64999962,23.20000076,97.31999969,22.35000038,23.63999939,79.62000275,116,208,-0.26872,0.0030922,256.16912,0.1981484,0.1983528,0.20315725,0.20181,0.202483625,0.1982506,0.195447,0.195508,0.1954775,25.3375,33.95,45.23,57.3,60.8,85.05,-1.511478623,0.06697126842,-0.0568030033,0.6018386957,0.18278425,0.23055025,0.1710138,0.240308,0.169515,0.244687,0.2144108111,0.2328103919,-0.01839958082,-0.08233050087,0.1664620003,0.211834339,-0.04537233864,-0.2410374921,0.1341439729,0.1887370432,-0.05459307037,-0.3414410932,1.068518022,0.0002044,-0.2311251541,0.004183625,0.095532,0.001998461184,-0.01320106018,0.002589781523,-0.008273685999,-0.3369342447,0.0074103,0.1385884,-0.3629726559,0.0116235,0.150344,0.07159358761,0.01274466216,97.31999969,-2.720001221,-0.03131994412,0.02579958283,0.07159358761,0.01274466216,0.01896545742,-0.004737032972,0.03514987134,0.2200224491,0.1377495462,-0.01657665674,0.004979620022,0,0,0.1894551549,0.1427103274,1.327550419,0.06549118632,0.02061739915,0.6851881862,0.004764194038,-0.04605999395,0,0,0
2016-02-10,0.1082007467,-1.001141186,0.0002141157263,-7.664869953,-5.552511314,-0.5098551286,36.86100359,0.02011491165,35.20181653,-40,0.1310443964,-0.9015321215,50.03948309,413971260000,-1.343574663,-0.02150942886,0.01611589699,1.211133121e-15,1.21,114.2877,27.54,26.29000092,26.71999931,106.1900024,25.53000069,26.64999962,86.31999969,100,217,-0.25394,0.002628,252.7117,0.238007,0.237576,0.2455542,0.2493398,0.247447,0.2377915,0.231756,0.2320223333,0.2318891667,35.61,36.18,58.7,61.6,79.25,85.76666667,-1.788473042,0.06823185878,-0.06811454119,0.447884867,0.2186256,0.2783832,0.202681,0.278753,0.1907876667,0.2797863333,0.192742973,0.2076250126,-0.01488203955,-0.07437607315,0.148714461,0.2111114264,-0.06239696543,-0.3503579832,0.1267748322,0.1912207721,-0.0644459399,-0.4110160974,0.8878005581,-0.000431,-0.2404689816,0.0010574,0.1195152,0.02454838045,0.01812187196,0.01720720195,0.02254991927,-0.3160225493,0.0029255,0.152144,-0.3782557756,0.003397833333,0.1779973333,0.0163559674,-0.05523762021,106.1900024,8.870002747,0.0297689075,0.06108885161,0.0163559674,-0.05523762021,-0.002619749125,-0.02158520655,0.03657001379,0.2120373106,0.1470995027,0.0093499565,-0.0001889681308,1,0.0001889681308,0.1786132213,0.1400899906,1.274989174,0.06622933361,0.02166129925,0.672934966,0.001043900096,-0.01225322018,0,0,0
2016-02-17,0.216487031,-1.033202492,0.0001843720868,-10.49345482,-1.264890884,6.646469135,53.27131237,0.01928863111,32.90351273,-80,0.82196179,0.7578352051,56.39147103,422749590000,-0.6916692787,0.02143814095,0,1.243748443e-15,1.28,113.8634,30.68,22.30999947,23.54999924,88.95999908,20.27000046,24.77000046,84.79000092,107,217,-0.24404,0.003061,263.0839,0.196493,0.196258,0.185764,0.1851615,0.18546275,0.1963755,0.2028674,0.2033056,0.2030865,27.975,27.825,50.55,52.85,71.52,77.78,-1.537596203,0.06826893534,-0.05626637723,0.1018203,0.162873,0.2102215,0.165728,0.234991,0.1665918,0.2481486,0.1749965592,0.2135534292,-0.03855686994,-0.1991207429,0.1224461815,0.2285295093,-0.1060833278,-0.6239937466,0.1139981955,0.1970188392,-0.08302064373,-0.5471167356,1.163737377,-0.000235,-0.2538150522,0.0010845,0.094697,-0.002452128986,-0.01120863547,0.002427703486,-0.02700050944,-0.3456936157,0.003984,0.138526,-0.3932908393,0.0042837,0.1631136,0.05558044827,0.03922448087,88.95999908,-17.23000336,0.1006412907,0.07087238318,0.05558044827,0.03922448087,0.05180472443,0.05442447355,0.03652648269,0.1968473474,0.1565149043,0.009415401628,0.01634611063,0,0,0.1406108986,0.1662020064,0.846024074,0.07790463564,0.02567889904,0.6703803461,0.00401759979,-0.002554619936,1,0,0
2016-02-24,0.1116523843,-1.062745439,0.0001744326271,-23.92148981,9.051667771,10.70005805,53.12073927,0.01691293598,24.69112225,-32,0.7343250256,0.8890014769,57.09190625,418651560000,2.646206149,0.02185496517,0,1.108128113e-15,1.36,114.1716,30.35,20.71999931,22.34000015,86.73999786,20.71999931,23.62000084,85.08999634,100,214,-0.24707,0.003227,262.0367,0.1872904,0.1875074,0.187917,0.187504,0.1877105,0.1873989,0.1913055,0.191641,0.19147325,27,29.6,46.67,51.74,65.8,74.96,-1.461469921,0.0678921909,-0.05369716053,0.08607205258,0.165892,0.213709,0.1592726,0.2254276,0.1584733,0.2368152,0.1556756744,0.1913543918,-0.03567871743,-0.2063523306,0.1240071206,0.2208557321,-0.09684861146,-0.577170704,0.1119763285,0.2011459696,-0.08916964106,-0.5857433648,1.178532703,0.000217,-0.2519329507,0.00209,0.095634,-0.00584541724,-0.001381271465,-0.003797695621,-0.003393288254,-0.3439301565,0.0049512,0.13231,-0.3963783414,0.006171,0.1566838,0.07818537128,0.02260492301,86.73999786,-2.220001221,0,-0.1006412907,0.07818537128,0.02260492301,0.0572963598,0.005491635373,0.03448503501,0.1815895168,0.1595978551,0.003082950724,0.004429960035,0,0,0.1309675181,0.1502017379,0.8719440929,0.07406713546,0.02528988106,0.658554622,-0.0003890179774,-0.01182572406,0,0,0
2016-03-02,0.1200330942,-0.9851996277,0.0001656844781,-18.99737799,-5.369637357,11.90684418,61.43913148,0.01456366553,18.25647496,52,0.9471393659,0.9932175352,64.79769397,423319440000,6.524625959,0.03517057825,0.004060568951,1.061975828e-15,1.51,113.7965,34.57,17.09000015,19.92000008,78.83999634,15.77999973,21.5,83.65000153,99,199,-0.25881,0.0038042,267.19228,0.155778,0.155772,0.148036,0.148315,0.1481755,0.155775,0.1660426667,0.1661696667,0.1661061667,22.25,23.7,39.86,43.53,62.7,64.3,-1.238746352,0.06725371391,-0.04464299739,0.3772573612,0.130373,0.170368,0.1310584,0.187974,0.1341476667,0.2058096667,0.1108353906,0.1749965592,-0.06416116865,-0.4567201793,0.1032762442,0.2055404352,-0.102264191,-0.6882353993,0.102010869,0.2053692722,-0.1033584032,-0.6997303204,1.319469974,-6e-06,-0.2659763717,0.002195,0.07999,-0.01304005998,-0.008667816941,-0.01458527936,-0.007194642742,-0.3568013782,0.0037412,0.1138312,-0.4215940824,0.0038725,0.143324,0.1655939086,0.08740853735,78.83999634,-7.900001526,0.08301650455,0.08301650455,0.1655939086,0.08740853735,0.07931726494,0.02202090514,0.03459126752,0.1661310614,0.1723339287,0.01273607368,0.004085949861,0,0,0.1096256719,0.1531845593,0.7156443991,0.06690206729,0.02465519678,0.6314733194,-0.0006346842797,-0.02708130262,0,0,0
2016-03-09,0.2883035983,-0.7476551662,0.0001154755983,-27.75350988,-14.44043767,7.684210532,59.55226691,0.01219906255,16.1014959,60,0.7630622313,0.4661574853,66.55359485,438815720000,2.249293743,0.01385868953,0.004529573644,9.861769862e-16,1.51,112.4268,37.62,18.34000015,20.75,92.86000061,18.79000092,22.17000008,80.36000061,100,191,-0.27428,0.0035302,269.15406,0.1663726,0.1665048,0.1668,0.166931,0.1668655,0.1664387,0.1704351538,0.1706135385,0.1705243462,23.65,28.3,41.54,48.42,59.76538462,71.88076923,-1.333263448,0.06765180519,-0.04769658949,0.7203256761,0.149529,0.193014,0.1413226,0.2039016,0.140955,0.2141810769,0.09956759687,0.1556756744,-0.05610807753,-0.4469380538,0.09880848349,0.1877092699,-0.08890078642,-0.6417108628,0.09895613973,0.2011511966,-0.1021950568,-0.7093801281,1.127798222,0.0001322,-0.2538951314,0.004406,0.08697,-0.001599209449,0.003609179488,-0.01138325125,0.01144085053,-0.3625412123,0.0061734,0.125158,-0.4123832057,0.007043692308,0.1464521538,0.1314067518,-0.03418715686,92.86000061,14.02000427,-0.02394894843,-0.106965453,0.1314067518,-0.03418715686,0.06843373862,-0.01088352633,0.03115339249,0.1476468298,0.1742357593,0.001901830551,0.005039672783,0,0,0.0817146065,0.1540927564,0.5302949239,0.05670434926,0.02146957925,0.6213768515,-0.003185617532,-0.01009646791,0,0,0
2016-03-16,0.4512798885,-0.06786154852,9.032205857e-05,-24.38207617,6.58034589,5.527423816,65.39664586,0.0112113274,17.53691569,92,0.8715739761,0.5632344774,79.7419883,444280020000,4.916080963,0.01956378568,0.009799774022,7.879157908e-16,1.58,112.7759,38.43,14.98999977,18.47999954,84.37000275,14.06999969,20.19000053,74.16000366,107,180,-0.28941,0.0041052,275.4727,0.1403038,0.1403352,0.12937,0.129512,0.129441,0.1403195,0.151744,0.152096,0.15192,21.55,20.85,37.98,39.39,55.6,62.925,-1.150422367,0.06794346445,-0.04021644534,0.7791969207,0.11201,0.148885,0.1166452,0.1721152,0.123547,0.19129,0.07119638655,0.1108353906,-0.03963900403,-0.4426040664,0.09224912995,0.1661600549,-0.07391092496,-0.5884586586,0.09564282352,0.1943162008,-0.09867337726,-0.7088660686,1.184155124,3.14e-05,-0.282680772,0.0010065,0.07375,-0.005139154531,0.004470488677,-0.01467909949,-0.003539945082,-0.3841939546,0.0040607,0.11094,-0.430336968,0.0054985,0.135486,0.2328218695,0.1014151178,84.37000275,-8.489997864,0.06538735581,0.08933630424,0.2328218695,0.1014151178,0.09253252349,0.02409878488,0.02727872742,0.1246544186,0.1795442807,0.005308521448,0.005584727882,0,0,0.06934801289,0.1265472106,0.5480011181,0.04761147275,0.0200023089,0.5798846843,-0.001467270348,-0.04149216716,1,0,0
2016-03-23,0.8298936535,2.068652469,5.979147667e-05,-19.17877632,3.271036541,2.967109195,63.60086861,0.009538842947,22.20666287,76,0.7459904951,-0.7297345496,74.84804434,451632270000,1.745961104,0.009848588761,0.004847495684,6.674119594e-16,1.58,111.5473,38.28,14.93999958,18.29999924,86.05999756,13.35999966,20.12999916,71.08000183,101,172,-0.29793,0.004159,276.9061,0.137892,0.1382156,0.1237935,0.123698,0.12374575,0.1380538,0.149454,0.149856,0.149655,20.95,19.8,37.88,38.61,55.2,61.8,-1.13773629,0.06797877459,-0.0395674591,0.4925080056,0.1069195,0.1418685,0.1143354,0.167825,0.121402,0.190165,0.119215933,0.09956759687,0.01964833608,0.1800996324,0.09726902881,0.1486758589,-0.05140683005,-0.42428786,0.09568676099,0.1886599492,-0.09297318821,-0.6788662337,1.076941445,0.0003236,-0.2809540653,0.00064825,0.069898,0.0002158477384,0.005399304296,-0.01319595741,0.005355002269,-0.3791432107,0.0030264,0.1069792,-0.441401047,0.0061285,0.137526,0.2248995817,-0.00792228781,86.05999756,1.689994812,0.1182634704,0.05287611457,0.2248995817,-0.00792228781,0.1,0.007467476505,0.02304437253,0.111423742,0.1713742519,-0.008170028845,-0.006406509531,1,0.006406509531,0.0555103086,0.1182041735,0.4696137788,0.03887033686,0.01676582586,0.5686729983,-0.003236483047,-0.01121168607,0,0,0
2016-03-30,1.035970586,2.760819015,5.565627113e-05,-16.13485312,4.987228948,0.606786989,69.53549764,0.009166196289,23.67753618,96,0.9052791775,-0.185085292,74.33203188,458446280000,2.065088393,0.01543037262,0,5.077788355e-16,1.65,110.2301,36.91,13.56000042,16.92000008,80.33000183,11.86999989,18.93000031,70.54000092,107,172,-0.29664,0.004813,275.57522,0.119548,0.1197096,0.101929,0.102457,0.102193,0.1196288,0.1349503333,0.1353214444,0.1351358889,15.35,17.65,30.76,35.41,48.55,58.22222222,-0.9811527642,0.06675918021,-0.03428915137,0.7961202814,0.089571,0.120509,0.1006788,0.1488962,0.1113301111,0.1730708889,0.1309267759,0.07058242759,0.06034434826,0.6178569913,0.1042790168,0.1284211647,-0.02414214787,-0.2082450511,0.09833751431,0.1867998102,-0.08846229588,-0.6416319245,1.073497056,0.0001616,-0.2945354151,0.002847,0.061876,0.001895365607,0.005461530164,-0.01663246062,0.001679517869,-0.3863960733,0.0051587,0.0964348,-0.4341811581,0.007064611111,0.1234815556,0.2477875776,0.0228879959,80.33000183,-5.729995728,0.1423757835,0.02411231313,0.2477875776,0.0228879959,0.1187943392,0.01879433923,0.02151309719,0.07734253769,0.2176213548,0.0462471029,0.004340879994,0,0,0.04691774724,0.08104957659,0.5788771418,0.03050998473,0.0140179892,0.540544208,-0.00274783666,-0.02812879025,0,1,1
2016-04-06,0.1528773458,0.7612450885,4.174256829e-05,8.398904424,8.609132047,-1.692998057,63.60882632,0.008575949857,22.38981021,88,0.7920329598,0.9447060305,66.07339489,454591160000,0.8333333333,0.008002896925,0.004671754963,5.929349637e-16,1.59,110.5347,37.74,14.09000015,17.28000069,85.58999634,12.56000042,19.25,69.70999908,103,169,-0.28946,0.0045498,274.19374,0.127273,0.1275988,0.111133,0.110185,0.110659,0.1274359,0.141709,0.141771,0.14174,18.9,16.85,34.17,35.78,53.4,59.05,-1.039944227,0.06633740915,-0.03652583123,0.2818823308,0.094257,0.12621,0.1057988,0.156187,0.114235,0.179741,0.1026921204,0.1056565337,-0.00296441325,-0.02845819499,0.1037018706,0.1169565966,-0.01325472602,-0.1202827432,0.1372261881,0.1760256557,-0.03879946755,-0.2489991826,0.9177680437,0.0003258,-0.2898665106,-0.0004255,0.063906,0.006173964932,0.001082111169,-0.01089480386,0.004278599325,-0.3846635963,0.003557,0.1007764,-0.4456554277,0.005248,0.131012,0.2264017388,-0.02138583885,85.58999634,5.259994507,0.1218152613,-0.02056052222,0.2264017388,-0.02138583885,0.1140045854,-0.00478975387,0.02036754922,0.08743831476,0.1889280274,-0.02869332743,0.01045279793,0,0,0.04564984343,0.089086413,0.5124220618,0.02618643427,0.01250758877,0.5223638071,-0.001510400426,-0.01818040095,0,0,0
2016-04-13,-0.4313959528,-0.266849888,3.869053296e-05,22.9806493,0.1486679493,-2.440403902,64.19730746,0.009952690921,17.58386291,92,1.056511978,0.9119340283,64.01532446,459013170000,2.227234087,0.0134144255,0.00451056645,6.684311063e-16,1.56,110.1436,41.7,13.84000015,17.26000023,87.88999939,12.44999981,19.38999939,67.48999786,102,166,-0.27806,0.0046988,276.75764,0.1221802,0.122423,0.112539,0.112842,0.1126905,0.1223016,0.1392775,0.1393205,0.139299,19.6,17.1,33.12,34.64,53,58.275,-1.007378041,0.0664509657,-0.03505491196,0.8417140152,0.097832,0.128841,0.100756,0.151534,0.111548,0.1782965,0.04924213229,0.1309267759,-0.08168464356,-0.9778885996,0.1011186701,0.103430574,-0.002311903936,-0.02260582676,0.1365227919,0.1612739519,-0.02475116009,-0.1666129099,0.8457009068,0.0002428,-0.2736011788,0.000646,0.062018,0.00845667678,-0.004442671844,-0.006605076176,0.002282711848,-0.4025367632,0.0038434,0.101556,-0.4605814497,0.00562325,0.133497,0.2471098294,0.02070809059,87.88999939,2.300003052,0.1116466156,-0.01016864566,0.2471098294,0.02070809059,0.1234066705,0.009402085119,0.01995988154,0.0960127591,0.1721085372,-0.01681949014,0.009990069769,0,0,0.06280971732,0.0824853566,0.7614650637,0.02315792824,0.0124600446,0.461953398,-4.754416865e-05,-0.06041040909,1,0,0
2016-04-20,-0.3372110681,-0.3729877196,4.124235254e-05,-14.54939481,-7.520816103,1.283524202,68.23964007,0.009332870051,20.51092237,100,0.9609970237,-0.1744953094,71.54880605,470476180000,1.755456897,0.01586905467,0.004751497921,6.465527201e-16,1.62,109.3926,42.72,13.27999973,16.60000038,87.97000122,12.80000019,18.73999977,67.76999664,105,158,-0.2697,0.004727666667,287.0626333,0.1167336667,0.1167793333,0.11026,0.109181,0.1097205,0.1167565,0.132669,0.132662,0.1326655,19.1,16.95,32.53333333,34.56666667,50.75,56.3,-0.9975127485,0.06827022292,-0.03346620901,0.3755956541,0.097237,0.124615,0.09787233333,0.1436996667,0.109402,0.168963,0.08510435864,0.1026921204,-0.01758776181,-0.1878571379,0.100054586,0.09705192814,0.00300265783,0.03046971985,0.1370000764,0.1502177807,-0.01321770429,-0.09210462895,0.8312336199,4.566666667e-05,-0.2468131908,0.0012055,0.054756,0.008216762535,0.001492916519,-0.004965246749,-0.0002399142448,-0.3794093134,0.0040295,0.09165466667,-0.4279345464,0.006517,0.119122,0.2500000539,0.002890224482,87.97000122,0.08000183105,0.03749996368,-0.07414665195,0.2500000539,0.002890224482,0.1289156229,0.005508952438,0.01941760618,0.09507840628,0.1695919863,-0.002516550905,0.0007612550492,0,0,0.0628297031,0.07920502392,0.7932540133,0.01991273406,0.01049365731,0.4730177546,-0.001966387295,0.01106435669,0,0,0
2016-04-27,-0.297166492,-0.04058429284,3.741965291e-05,-28.58394932,5.454139622,-1.601413465,63.67511727,0.007588280777,20.16578151,72,0.7532986269,0.4607468718,65.12654781,474429030000,2.603338526,0.006529135197,0.005712564168,5.758113608e-16,1.68,109.8483,45.29,13.77000046,16.77000046,83.09999847,12.81000042,19.01000023,64.73999786,104,153,-0.26496,0.004625,284.22468,0.120262,0.1203836,0.113361,0.113211,0.113286,0.1203228,0.132968,0.133052,0.13301,17.5,19.6,31.67,37.01,47.4,60.4,-1.01781873,0.067829196,-0.03448798541,0.6229787702,0.102784,0.129234,0.1036736,0.149083,0.111339,0.171539,0.1205894049,0.04924213229,0.07134727258,0.8956418226,0.1004086722,0.08815052511,0.01225814708,0.1302027141,0.1371889218,0.1382822302,-0.001093308459,-0.007937776365,0.7326169696,0.0001216,-0.2279995518,0.002723,0.0529,0.01119077618,0.0104089302,-0.001430315093,0.002974013649,-0.3593132682,0.0060555,0.0908188,-0.4256251812,0.008429,0.1204,0.2178649165,-0.03213513735,83.09999847,-4.870002747,0.07494145251,0.03744148884,0.2178649165,-0.03213513735,0.1335718372,0.004656214288,0.01706709347,0.08908663587,0.1607771444,-0.008814841926,0.001647994112,0,0,0.06173950592,0.07169205021,0.8611764587,0.01948989378,0.01171937871,0.3986945831,0.0012257214,-0.07432317157,0,1,0
2016-05-04,-0.1443590391,-0.5811511943,4.191921618e-05,11.09197728,-2.181868215,-6.868141178,44.90361904,0.008350839511,17.0393571,36,0.1655317032,-0.2447364936,41.7195576,461023630000,-2.0636558,-0.0151465972,0.004444830499,5.845418823e-16,1.63,109.9952,43.77,16.04999924,18.90999985,91.86000061,15.47000027,20.76000023,68.12000275,104,154,-0.26184,0.0039512,275.6051,0.1451096,0.145347,0.140761,0.14132,0.1410405,0.1452283,0.154796,0.154631,0.1547135,21.1,24.1,37.41,42.92,57.4,65.15,-1.191239885,0.06718405067,-0.04162245546,0.8002331477,0.125936,0.162739,0.1227184,0.1778934,0.12678,0.195599,0.1199966775,0.08510435864,0.03489231886,0.3435858028,0.09514277147,0.09914835275,-0.004005581283,-0.04123862012,0.1324283895,0.1268358714,0.005592518066,0.04314814299,0.682706833,0.0002374,-0.2549787824,0.003297,0.073606,0.0159298517,0.01264967078,0.007848928809,0.004739075514,-0.3670847252,0.0050776,0.11035,-0.4269446831,0.006476,0.137638,0.1781931929,-0.03967172359,91.86000061,8.760002136,0.03749185262,-0.03744959989,0.1781931929,-0.03967172359,0.09783185597,-0.03573998124,0.0204430412,0.08355009044,0.1965806864,0.03580354202,-0.005954582705,1,0.005954582705,0.07163135081,0.06343348497,1.129235621,0.02142566508,0.01159526923,0.4588140352,-0.0001241094804,0.06011945215,0,0,0
2016-05-11,0.2391280561,-0.1109972712,3.335537034e-05,18.631743,-3.187542259,-4.062223901,49.88433492,0.008933500288,15.44240976,36,0.2824306317,-1,34.55099653,464378290000,-1.117453273,-0.003503336844,0.004758869207,5.259386558e-16,1.59,110.2806,46.21,14.68999958,18.02000046,91.52999878,13.75,20.11000061,63.88999939,99,157,-0.25906,0.0040564,279.77202,0.1400412,0.1402116,0.121056,0.120967,0.1210115,0.1401264,0.148799,0.1491336667,0.1489663333,18.65,20.4,37.16,41.5,57.85,60.41666667,-1.166769226,0.0677591283,-0.04016113458,0.4216960358,0.104794,0.140792,0.1174964,0.1718572,0.1192926667,0.186205,0.1218423335,0.1205894049,0.001252928601,0.01033643338,0.09339737904,0.1042790168,-0.01088163774,-0.1102068772,0.1303561744,0.1181903607,0.01216581377,0.09797395679,0.7441782332,0.0001704,-0.2931600336,0.0017815,0.071996,0.01070549543,0.0001019785652,0.008222007111,-0.005224356272,-0.3757395795,0.0045504,0.1087216,-0.4380546278,0.0037825,0.1338246667,0.2266848858,0.04849169289,91.52999878,-0.3300018311,0.06836360585,0.03087175323,0.2266848858,0.04849169289,0.1159822475,0.0181503915,0.01800433098,0.07972154056,0.184233005,-0.01234768137,-0.009607522878,1,0.009607522878,0.06611353544,0.05980643387,1.10545858,0.02272739703,0.01185328369,0.4784583702,0.0002580144595,0.01964433498,0,0,0
2016-05-18,0.482700617,-0.375076016,4.218666052e-05,22.82765883,9.552056131,-4.152872613,45.23370649,0.01034366626,14.55464927,-80,0.1742651864,0.006122181927,26.96030103,460509740000,-1.623880115,-0.006133141102,0.007618921469,6.319987162e-16,1.61,111.4995,48.12,15.94999981,18.54000092,89.98999786,15.34000015,20.46999931,69.84999847,97,155,-0.25734,0.003768,279.2419,0.150026,0.150123,0.1299165,0.130091,0.13000375,0.1500745,0.1528583333,0.153132,0.1529951667,19.025,24.225,38.4,45.85,54.73333333,65.91666667,-1.247234777,0.06818661086,-0.04301044602,0.7739931837,0.1151595,0.1528845,0.126055,0.184878,0.1248256667,0.1935256667,0.08213404368,0.1199966775,-0.03786263382,-0.3791114633,0.1654705568,0.1037018706,0.06176868614,0.4672731204,0.1263276601,0.1117735302,0.01455412998,0.1224042368,0.6910026062,9.7e-05,-0.281483637,0.00401825,0.07545,0.01468617142,0.002501772403,0.01091419898,0.003980675994,-0.3783644708,0.005392,0.117646,-0.4315986321,0.0061805,0.1374,0.1623825164,-0.06430236937,89.98999786,-1.540000916,0.03976529665,-0.0285983092,0.1623825164,-0.06430236937,0.1040991533,-0.01188309416,0.01865672794,0.09176999157,0.1689512106,-0.01528179447,0.0002051576864,0,0,0.07999496901,0.06412568189,1.247471632,0.02257588627,0.0118218083,0.4763524162,-3.147538878e-05,-0.002105954057,1,0,0
2016-05-25,0.4501632445,-0.7912747338,5.466412326e-05,9.192041588,-6.151258755,1.301502782,59.18195118,0.01006916688,14.75176447,-84,1.022652013,0.4696293091,42.2814106,464601640000,1.547105128,0.01516996886,0.006891114777,7.828543984e-16,1.58,112.2001,49.1,13.89999962,16.77000046,78.54000092,11.40999985,19.09000015,67.54000092,95,155,-0.25327,0.004519,288.8234,0.121311,0.121045,0.0993915,0.099295,0.09934325,0.121178,0.1337,0.133921,0.1338105,16.6,16.975,33.5,36.6,50.4,57.05,-1.041638154,0.0690786591,-0.03473300188,0.9487953402,0.0872555,0.116947,0.100253,0.148921,0.109495,0.169793,0.04185724718,0.1218423335,-0.0799850863,-1.068462908,0.1663087129,0.1011186701,0.0651900428,0.4975509989,0.1228501657,0.1021977333,0.02065243243,0.1840559496,0.8344639298,-0.000266,-0.2908044711,0.002758,0.059383,0.0090960135,-0.004976472905,0.007460873223,-0.005590157921,-0.3906346569,0.003409,0.097336,-0.4317980006,0.0058335,0.120596,0.2064748862,0.04409236975,78.54000092,-11.44999695,0.218229606,0.1784643093,0.2064748862,0.04409236975,0.1383422559,0.03424310258,0.02190703929,0.1041970529,0.1737218746,0.004770664041,0.006950529652,0,0,0.07902360104,0.08615610482,0.9172141801,0.02098722003,0.01076223459,0.4872005642,-0.001059573708,0.01084814806,0,0,0
2016-06-01,0.3015858289,-0.6093658185,4.90243608e-05,-26.66995045,-2.597827129,4.649683579,61.19670821,0.009097796597,17.10530232,28,0.9196725275,0.7933326154,49.61630971,463460560000,2.575971639,0.01530824295,0.006042706817,6.536885197e-16,1.54,112.462,49.07,14.19999981,16.70000076,78.93000031,11.60999966,18.97999954,68.75,94,154,-0.24713,0.0046986,282.24124,0.1192472,0.1190284,0.107331,0.107489,0.10741,0.1191378,0.13202,0.132376,0.132198,16.1,19.2,31.18,36.35,48.375,58,-1.000761917,0.06722174217,-0.03414847682,0.5167580803,0.094444,0.12892,0.1004948,0.1498462,0.1087365,0.1708815,0.07391945929,0.08315071343,-0.009231254144,-0.1176786732,0.1675460589,0.09973818843,0.06780787051,0.5187096552,0.1232932407,0.1020575095,0.02123573116,0.1890291153,0.8371666123,-0.0002188,-0.3086979101,0.004272,0.068952,0.01021629323,0.004622866956,0.007060575959,0.001120279728,-0.3942734111,0.0060327,0.0987028,-0.4444992812,0.007611,0.12429,0.1760564076,-0.03041847863,78.93000031,0.3899993896,0.2230835684,0.004853962408,0.1760564076,-0.03041847863,0.1365268668,-0.001815389129,0.01887887265,0.09480575697,0.1660635454,-0.007658329198,0.001134398654,0,0,0.0623932012,0.08310879254,0.7507412789,0.01966543526,0.009717729025,0.5058472442,-0.001044505565,0.01864668,0,0,0
2016-06-08,0.1156771882,-0.3237846437,4.33050773e-05,-33.52686489,-12.32900454,4.330706194,65.97644327,0.007233126285,20.8739033,52,0.8971026778,0.6352256096,72.14110436,474004310000,3.254855315,0.01565382577,0.007124978126,6.101114325e-16,1.59,110.1916,51.23,14.07999992,16.79000092,86.61000061,10.89000034,19.04000092,67.91999817,93,154,-0.23925,0.0047058,287.0045,0.1173006,0.1173162,0.099499,0.099767,0.099633,0.1173084,0.1276858182,0.12767,0.1276779091,15.15,17.9,31.34,36.24,45.17727273,59.61818182,-1.002024961,0.06771784986,-0.03362433579,0.7135209498,0.08895,0.117576,0.0984398,0.146766,0.109659,0.1698940909,0.07456501273,0.04733717634,0.02722783638,0.4543754429,0.1676196667,0.1002828322,0.06733683451,0.5137030085,0.123235973,0.09400275816,0.02923321482,0.270776873,0.8548648878,1.56e-05,-0.2772144912,0.00363,0.057252,0.00976799335,0.007685926425,0.007465129927,-0.0004482998783,-0.3941684903,0.0052945,0.0966524,-0.4309384719,0.01209863636,0.1204701818,0.1924716624,0.01641525484,86.61000061,7.680000305,0.2929292452,0.06984567676,0.1924716624,0.01641525484,0.134008331,-0.002518535785,0.01628562361,0.0870624078,0.157580395,-0.008483150405,0.003304101972,0,0,0.0596034881,0.07343988898,0.8115955638,0.01885919445,0.008802548019,0.5332489922,-0.0009151810064,0.02740174793,0,0,0
2016-06-15,0.2362119102,0.594258286,3.198752892e-05,-0.238104937,0.02567904297,-3.64161567,44.67712647,0.007088041886,18.52102015,52,0.343913631,-0.7854931378,57.55728344,456502460000,-1.312971417,-0.01215684181,0,5.231463441e-16,1.47,111.7671,47.92,20.13999939,21.80999947,114.2300034,22.60000038,22.31999969,78.66999817,91,160,-0.23113,0.0034074,281.55758,0.1653878,0.1657026,0.187473,0.187622,0.1875475,0.1655452,0.1662360909,0.1663725455,0.1663043182,30.25,30.4,45.82,47.45,61.59090909,70.87272727,-1.387217437,0.06795983104,-0.04744075073,0.3113053501,0.153712,0.227804,0.1316808,0.2087814,0.1339781818,0.2144106364,0.2627897157,0.07391945929,0.1888702565,1.26837804,0.1627583744,0.09654242022,0.06621595415,0.5222842356,0.1311367691,0.0962325773,0.03490419176,0.3094728755,0.5831786136,0.0003148,-0.3884083498,0.0032105,0.148184,0.03124151864,0.02970997829,0.01839641731,0.02147352529,-0.4529172402,0.0046859,0.1542012,-0.4617395872,0.007890090909,0.1608649091,0.08291956936,-0.109552093,114.2300034,27.62000275,-0.1088495996,-0.4017788447,0.08291956936,-0.109552093,0.02338377998,-0.110624551,0.02078214826,0.06731497689,0.2359004136,0.07832001863,-0.001842409064,1,0.001842409064,0.04875542252,0.06477562259,0.7526816505,0.01733338737,0.008012948471,0.5377159526,-0.0007895995482,0.004466960412,1,0,0
2016-06-22,0.1962148603,1.107265366,2.687903591e-05,28.88233435,8.108560494,-2.509312214,51.04975331,0.008289407397,16.30423609,52,0.3612370136,-0.8579994592,57.71825014,458710270000,-1.13586083,-0.002720940861,0,4.584357919e-16,1.44,110.7681,49.16,21.17000008,21.07999992,122.9400024,27.86000061,21.38999939,79.51999664,94,156,-0.22203,0.0033626,283.01602,0.1661902,0.1663068,0.2029035,0.2025525,0.202728,0.1662485,0.163348,0.163647,0.1634975,32.95,35.325,42.9,51.73,60.95,70,-1.400327048,0.06785490422,-0.04764212919,0.8370670814,0.1628845,0.2543165,0.1344858,0.2163326,0.129944,0.213219,0.2729609047,0.07456501273,0.1983958919,1.29765718,0.1632255428,0.0901706277,0.07305491511,0.5934292038,0.1388716795,0.09494357023,0.04392810927,0.3802676201,0.5423846092,0.0001166,-0.4383115093,0.0058725,0.182864,0.03668614822,0.03553870086,0.01771715098,0.005444629584,-0.4666049443,0.0091607,0.1636936,-0.4853378715,0.008084,0.16655,-0.0042513062,-0.08717087556,122.9400024,8.709999084,-0.2401292314,-0.1312796319,-0.0042513062,-0.08717087556,0.01470585707,-0.008677922909,0.02127555361,0.05768849773,0.2694334098,0.03353299619,-0.001652928997,1,0.001652928997,0.0481354005,0.04531278641,1.062291779,0.01491949991,0.006788757808,0.5449741714,-0.001224190662,0.007258218836,0,0,0
2016-06-29,-1.496978032,4.439015953,0.0001237063564,92.81843795,-0.1760648705,-5.705052462,49.52288386,0.0139771883,19.53232591,-52,0.4016251768,0.8449495517,52.73231844,457607090000,-0.3987397588,0.001774368246,0,8.591414935e-16,1.4,111.8597,49.85,16.63999939,18.72999954,98.59999847,15.85999966,20.19000053,71.80000305,88,162,-0.21633,0.0039366,281.23184,0.143077,0.1431884,0.1416105,0.1412295,0.14142,0.1431327,0.150776,0.1508965,0.15083625,22.7,23.85,38.39,42.25,55.825,64.425,-1.198020017,0.06790513674,-0.04102223116,0.8352348573,0.122225,0.16783,0.1186008,0.1783654,0.1219725,0.193751,0.1044617097,0.2627897157,-0.1583280061,-0.922533563,0.07911827794,0.161039791,-0.08192151301,-0.7107075613,0.09880634736,0.1361017866,-0.03729543923,-0.3202411894,1.125108315,0.0001114,-0.3144576029,0.0036075,0.09121,0.001755143698,-0.0490588183,0.004227878002,-0.03493100453,-0.4025010254,0.0053504,0.1195292,-0.4546921594,0.0070255,0.143557,0.1256009753,0.1298522815,98.59999847,-24.34000397,0.0491803121,0.2893095435,0.1256009753,0.1298522815,0.07794986799,0.06324401092,0.03482064453,0.1607198854,0.1780737965,-0.09135961335,0.01688924297,0,0,0.1528616364,0.1045071633,1.462690515,0.03608332829,0.01014951402,0.7187201265,0.00336075621,0.1737459551,0,1,1
2016-07-06,-1.089137941,2.714669404,0.0001510408778,41.08368373,13.77593181,2.699058724,54.49799128,0.01413513074,15.67422364,-52,0.6696305505,0.9258432925,65.8973462,465939800000,1.376483916,0.01434603019,0,9.399083747e-16,1.43,112.5438,47.37,14.96000004,17.73999977,89.23999786,13.18000031,19.77000046,76.08999634,80,160,-0.21246,0.004405,278.42178,0.1293072,0.129593,0.118924,0.119135,0.1190295,0.1294501,0.1423873,0.1424274,0.14240735,19.1,19.95,34.06,38.21,53.22,61.34,-1.072670454,0.06629942421,-0.03710285323,0.5794913385,0.100905,0.142931,0.1074928,0.1624618,0.1152807,0.1831052,0.08021162444,0.2731170706,-0.1929054461,-1.225232086,0.06897993989,0.1661156653,-0.09713572539,-0.8788685884,0.09860529897,0.1358308327,-0.03722553372,-0.3202852319,1.283240919,0.0002858,-0.3447070982,0.0028885,0.084052,-0.005214254135,-0.06042491238,0.001829838224,-0.006969397833,-0.4072462555,0.0055272,0.109938,-0.4546092828,0.0067856,0.135649,0.1858288587,0.06022788337,89.23999786,-9.36000061,0.1350530874,0.08587277529,0.1858288587,0.06022788337,0.1144307053,0.03648083735,0.03767688628,0.1682780837,0.182937495,0.004863698481,0.005338687058,0,0,0.1544486837,0.1148659838,1.344598972,0.03701133919,0.009416924941,0.74556649,-0.000732589077,0.02684636351,0,0,0
2016-07-13,-1.470479641,3.513514231,0.0001560807721,-36.92245495,-6.236911288,8.911330138,63.85788627,0.01362978142,14.67617987,44,0.9224237623,0.2148391865,72.0730862,476796230000,5.645397614,0.03179928982,0,9.444844513e-16,1.45,112.0266,44.87,13.03999996,15.97000027,84.18000031,11.10999966,18.06999969,71.65000153,80,152,-0.21518,0.0050964,286.09016,0.1089914,0.1094988,0.099231,0.098931,0.099081,0.1092451,0.1217215333,0.1218045333,0.1217630333,17.85,15.5,30.56,32,47.60333333,52.55,-0.9301770279,0.06645748294,-0.03131400174,0.5480385564,0.089056,0.114535,0.0935602,0.1351066,0.1016903333,0.1577902,0.05144822151,0.1223020522,-0.0708538307,-0.8659179284,0.05421542803,0.1670740568,-0.1128586288,-1.12547165,0.09493010899,0.1367200268,-0.04178991784,-0.364794309,1.529350578,0.0005074,-0.2502959365,0.0027145,0.050958,-0.01090958055,-0.005140747414,-0.003866129452,-0.005695326417,-0.36337938,0.0050883,0.0830928,-0.4324013516,0.007977233333,0.1121997333,0.2246932756,0.03886441691,84.18000031,-5.059997559,0.1737174046,0.03866431719,0.2246932756,0.03886441691,0.131496518,0.01706581267,0.03851402761,0.1694791631,0.1851696562,0.002232161263,0.000134758675,0,0,0.1479147709,0.1292477063,1.144428595,0.03965408318,0.01174034273,0.7039310511,0.002323417787,-0.04163543891,1,0,0
2016-07-20,-1.539539284,3.792816355,0.0001541211588,-47.25143555,-3.095587851,6.835620027,66.76750104,0.007956341426,17.3683072,64,0.8198121219,0.5139914983,80.26095682,480392070000,3.331989348,0.0201442319,0,9.369895664e-16,1.46,112.6743,44.96,11.77000046,15.43999958,87.08999634,10.43000031,17.86000061,70.63999939,86,148,-0.22316,0.005318,292.7515,0.101312,0.101277,0.088815,0.088691,0.088753,0.1012945,0.1178134,0.11795,0.1178817,13.95,16.25,26.85,32.85,44.46,53.52,-0.8825630005,0.0673605167,-0.02903577803,1.107995846,0.081127,0.104606,0.087607,0.127647,0.0993458,0.1549786,0.05285547604,0.08021162444,-0.0273561484,-0.4171071258,0.05345097953,0.1672467541,-0.1137957745,-1.140705328,0.09799294368,0.1367042068,-0.03871126311,-0.3329240443,1.651094127,-3.5e-05,-0.2528252922,0.0041135,0.046958,-0.01411818567,0.001443190313,-0.004791944959,-0.003208605114,-0.372025607,0.0063325,0.08008,-0.4374947901,0.0092805,0.1112656,0.311809599,0.08711632338,87.08999634,2.909996033,0.1284755622,-0.04524184241,0.311809599,0.08711632338,0.1567358223,0.02523930425,0.03788341414,0.1675676688,0.1843914065,-0.0007782497379,0.004261208316,0,0,0.1474405115,0.1292805424,1.140469469,0.03841887802,0.01044740128,0.7280659453,-0.001292941452,0.02413489425,0,0,0
2016-07-27,0.7468094443,-0.2108577427,4.885845148e-05,-28.01963692,9.237897216,1.121936129,62.20854377,0.00668764117,18.70295227,64,0.6990446635,-0.05593321773,57.42868768,476366060000,1.376601061,0.003737324405,0,6.204987988e-16,1.49,113.217,41.9,12.82999992,16.10000038,91.23000336,11.60999966,18.38999939,66.63999939,79,148,-0.23232,0.00493075,293.014075,0.10970975,0.1097785,0.096393,0.096657,0.096525,0.109744125,0.1229738667,0.1229433333,0.1229586,16.35,16.3,30.75,33.675,45.77666667,56.01666667,-0.9570408712,0.06762133755,-0.0314569902,2.371125317,0.084682,0.113665,0.092876,0.137965,0.1036010667,0.1635815333,0.06230721535,0.05144822151,0.01085899385,0.1915013411,0.05226118885,0.1630638861,-0.1108026973,-1.137888055,0.09827271131,0.1345995203,-0.03632680903,-0.3145574712,1.485855267,6.875e-05,-0.2922454083,0.0026485,0.057966,-0.01012894115,0.006670156129,-0.002998213563,0.003989244511,-0.3906498412,0.005676375,0.090178,-0.4489848266,0.0106327,0.1199609333,0.2548714324,-0.05693816661,91.23000336,4.140007019,0.1050818521,-0.02339371005,0.2548714324,-0.05693816661,0.1422359599,-0.01449986239,0.0275925735,0.08045993132,0.2553626456,0.07097123912,-0.001199260947,1,0.001199260947,0.03064438805,0.1041394159,0.2942631065,0.03741590108,0.01082607012,0.7106559027,0.0003786688484,-0.01741004265,0,1,0
2016-08-03,1.124129226,2.696611228,2.19085758e-05,10.10729683,-0.9872428267,-2.792198712,58.37974839,0.006074675338,17.52139725,92,0.567448789,1,50.42345624,480500930000,-0.1430554236,-0.001203879442,0,4.480015713e-16,1.46,111.9419,40.8,12.85999966,16.07999992,88.58999634,11.28999996,18.36000061,67.79000092,88,151,-0.24233,0.005029,290.32022,0.1079242,0.108254,0.093793,0.094365,0.094079,0.1080891,0.1209986667,0.1207373333,0.120868,13.65,18.35,28.15,35.12,43.61666667,57.75,-0.9339420027,0.06708604347,-0.0309827638,0.6019010689,0.083198,0.114136,0.0911532,0.1401126,0.10223,0.1607233333,0.06267475193,0.05285547604,0.009819275888,0.1703973642,0.1101549415,0.1634216298,-0.05326668836,-0.3944456136,0.09807183305,0.1333361352,-0.03526430218,-0.307173072,1.511915909,0.0003298,-0.3135597515,0.004588,0.061876,-0.01016866998,0.006057156893,-0.003169451536,-3.972882809e-05,-0.4234037199,0.0075438,0.0979188,-0.4448951652,0.01060866667,0.1169866667,0.2503888299,-0.004482602425,88.58999634,-2.640007019,0.1390610895,0.03397923735,0.2503888299,-0.004482602425,0.1417910882,-0.0004448717201,0.01943384375,0.0581910681,0.2503557593,-0.005006886288,0.003129042716,0,0,0.02962682073,0.06889028544,0.4300580341,0.03913850908,0.01243187998,0.6823619429,0.001605809857,-0.02829395976,0,0,0
2016-08-10,0.2978407774,0.6322981819,1.166351941e-05,-12.88690343,-4.223881314,-1.855449341,60.2001969,0.006018021552,17.91829963,96,0.7117020535,-0.3882529154,64.60334947,484625000000,0.3232683644,0.002466775921,0.003036704929,3.621141339e-16,1.44,111.3238,41.75,12.05000019,15.40999985,89.40000153,10.68000031,17.57999992,63.34000015,81,146,-0.24791,0.005094,294.57612,0.105696,0.1059536,0.0869,0.087152,0.087026,0.1058248,0.1186177143,0.1183251429,0.1184714286,13.8,15.8,29.2,33.39,46.375,53.05357143,-0.9277815174,0.06770339556,-0.03033394494,0.6404734608,0.076075,0.106376,0.0881726,0.138909,0.09506178571,0.1561825714,0.05366693058,0.06230721535,-0.008640284768,-0.1492802413,0.1138038915,0.09029978746,0.023504104,0.23134161,0.09832029696,0.1278698779,-0.0295495809,-0.262782682,0.8532951394,0.0002576,-0.3321549347,0.0041995,0.060602,0.006366198844,0.003691335591,-0.002315226277,0.01653486883,-0.4468561081,0.007716,0.1014728,-0.486544545,0.00715075,0.1222415714,0.2788381414,0.02844931143,89.40000153,0.810005188,0.1282771392,-0.01078395029,0.2788381414,0.02844931143,0.1408176572,-0.0009734309294,0.01422545292,0.04754286798,0.2303033774,-0.02005238192,-0.002868797063,1,0.002868797063,0.03134079014,0.04499684749,0.6965107977,0.01712645416,0.008972402549,0.4761085709,-0.003459477433,-0.2062533721,0,0,0
2016-08-17,0.2126714112,0.0232694238,1.37693616e-05,-25.3101301,9.240304092,-1.910801384,59.46250256,0.005634166947,17.68643399,92,0.731631881,0.882016075,65.63532073,488318540000,0.5242156194,0.003250621479,0.003717644433,3.705401005e-16,1.47,110.9459,46.81,12.18999958,15.52000046,84.83999634,10.76000023,17.88999939,63.54000092,82,142,-0.24796,0.004968,296.57052,0.1076804,0.1078312,0.088719,0.088294,0.0885065,0.1077558,0.12213,0.1223422857,0.1222361429,15.35,14.8,31.32,32.63,49.86428571,52.30714286,-0.9511069535,0.06795156309,-0.03088725999,0.8786767266,0.073481,0.111059,0.0875882,0.1392378,0.09753157143,0.1598094286,0.04643593972,0.06267475193,-0.01623881221,-0.2998849637,0.1209397781,0.06897993989,0.05195983817,0.5614769837,0.1105617699,0.1261463744,-0.01558460448,-0.1318685657,0.6401505987,0.0001508,-0.4072612984,0.0037635,0.075156,0.01010137687,0.003905276013,-0.0009712331571,0.003735178027,-0.4554116371,0.0056572,0.1032992,-0.4840103764,0.006434357143,0.1245557143,0.2731748148,-0.005663326602,84.83999634,-4.560005188,0.1328995652,0.004622425979,0.2731748148,-0.005663326602,0.1527061122,0.01188845502,0.01302776429,0.04893703842,0.2102445859,-0.02005879149,0.001866846006,0,0,0.03651987842,0.04243751364,0.8605565052,0.01344780303,0.008689570919,0.3538296997,-0.0002828316299,-0.1222788711,1,0,0
2016-08-24,0.1691674319,1.263392534,1.125429954e-05,-11.84572632,10.10261653,-2.686095578,53.32874635,0.005152321438,14.13198661,36,0.4307786687,-0.4562017776,51.51178945,485649970000,-0.2498957508,-0.003018758311,0.003631624271,3.633575452e-16,1.48,111.2958,46.29,13.44999981,16,85.37000275,12.67000008,18.27000046,66.51000214,80,140,-0.24148,0.004757,295.34544,0.1126814,0.1126088,0.1014415,0.1008835,0.1011625,0.1126451,0.1260883571,0.1264257857,0.1262570714,16.85,18.75,31.29,35.43,48.48928571,56.29285714,-0.9901552566,0.06788177104,-0.0322882088,0.7557272457,0.085355,0.1306215,0.0921306,0.1478452,0.1032391429,0.1667214286,0.04487223831,0.05366693058,-0.008794692272,-0.1789776909,0.1239136102,0.05421542803,0.06969818221,0.8266191132,0.1113989453,0.1232294112,-0.0118304659,-0.1009298901,0.4812941533,-7.26e-05,-0.4191798645,0.00682575,0.090533,0.01515093685,0.007353711968,0.0007553602998,0.00504955998,-0.4643351538,0.0073428,0.1114292,-0.4703078333,0.008723214286,0.1269645714,0.1895910949,-0.08358371983,85.37000275,0.5300064087,0.0615627252,-0.07133683996,0.1895910949,-0.08358371983,0.1418750286,-0.01083108363,0.01672080287,0.04739553575,0.2607884859,0.05054389998,-0.00525405526,1,0.00525405526,0.03760232417,0.04059855751,0.9261985271,0.01081494112,0.007875628483,0.2717825834,-0.0008139424353,-0.08204711639,0,0,0
2016-08-31,0.4327566268,0.4271468854,1.197115591e-05,21.64112726,-12.07314166,-3.367201829,50.06354692,0.005763454909,15.32059295,36,0.171438317,0.5433920791,27.67544463,475219910000,-0.8766500937,-0.003916041545,0.00405673282,3.742729767e-16,1.47,112.4036,44.68,13.42000008,16.13999939,84.87000275,11.64000034,18.5,69.08000183,78,139,-0.23002,0.0047442,295.1261,0.1133764,0.1135738,0.1002185,0.100881,0.10054975,0.1134751,0.1274017143,0.1276282857,0.127515,17.3,17.4,32.66,34.36,49.06428571,57.62142857,-0.9967102295,0.06797164836,-0.03252602483,0.7340871192,0.0834645,0.123937,0.0921496,0.144893,0.1014228571,0.168007,0.180219334,0.04643593972,0.1337833943,1.356100909,0.1290033203,0.05345097953,0.07555234074,0.8810731792,0.1120571141,0.123372269,-0.01131515481,-0.09619767234,0.471037078,0.0001974,-0.3902816518,0.003151,0.080945,0.01515263299,0.007953955728,0.001039358478,1.696141816e-06,-0.4450119936,0.0050462,0.1054868,-0.4942595714,0.007199928571,0.1331682857,0.202682511,0.01309141608,84.87000275,-0.5,0.1529209347,0.09135820955,0.202682511,0.01309141608,0.1462206134,0.004345584748,0.01810889223,0.04431273225,0.2901060711,0.02931758517,-0.002378691106,1,0.002378691106,0.03247859418,0.04244459837,0.7651997057,0.01162376363,0.008766756415,0.2457902022,0.0008911279318,-0.02599238115,0,1,0
2016-09-07,-0.07671453984,-0.6472005448,9.397950626e-06,31.81904992,0.1680452196,-1.207184369,58.35400985,0.005969704623,15.33695381,36,0.7417326471,0.6113191844,42.61907151,475047140000,0.1048503253,0.003657045215,0.003002255165,3.62459103e-16,1.51,110.9717,45.47,11.93999958,15.48999977,83.08000183,9.800000191,18.01000023,64.06999969,80,140,-0.21656,0.0054298,289.91484,0.100811,0.100896,0.091271,0.092066,0.0916685,0.1008535,0.1228745833,0.1227473333,0.1228109583,14.95,16.35,28.02,30.57,52.6375,50.275,-0.8702061404,0.06630686683,-0.02890940563,0.5087237252,0.077331,0.114813,0.0813496,0.130487,0.09498591667,0.1580265833,0.1884088557,0.0516199366,0.1367889191,1.2947064,0.1297999489,0.05192644692,0.07787350194,0.9161661754,0.1126126209,0.1204271859,-0.007814565,-0.06709150834,0.5148700533,8.5e-05,-0.3901448913,0.0044035,0.074964,0.01156000311,0.005738496038,0.0005798243904,-0.003592629884,-0.4639179443,0.0050648,0.0982748,-0.4983205705,0.003695291667,0.1260813333,0.2973199594,0.0946374484,83.08000183,-1.790000916,0.2183672804,0.06544634566,0.2973199594,0.0946374484,0.1626856356,0.01646502221,0.01993855173,0.03838088947,0.3418851642,0.05177909313,-0.0001463959383,1,0.0001463959383,0.03232293496,0.03474907273,0.9301812227,0.01119538081,0.008499024925,0.2408453928,-0.0002677314898,-0.004944809442,0,0,0
2016-09-14,-1.253764968,4.243491606,6.001660744e-05,75.88873004,0.9521354086,-7.144977413,37.19381576,0.009918092312,24.36267582,-76,-0.07020731371,-0.4521634122,34.02900034,463290050000,-1.994892614,-0.01750889578,0.01031856092,5.669253157e-16,1.49,112.4678,43.62,18.13999939,19.35000038,113.1500015,19.37999916,20.75,69.23000336,93,143,-0.2073,0.0036862,282.43782,0.1523902,0.1522918,0.164465,0.165362,0.1649135,0.152341,0.157656,0.1572755,0.15746575,26.15,28.6,41.34,44.81,59.975,68.075,-1.280561308,0.06643188586,-0.04365955852,0.6682725463,0.139457,0.196402,0.1234524,0.1908282,0.1261525,0.200756,0.1069063102,0.1691543267,-0.06224801649,-0.4588586287,0.09078357415,0.1062504513,-0.01546687714,-0.1573206874,0.09467083869,0.1372951529,-0.04262431419,-0.3717269899,0.6974514496,-9.84e-05,-0.3391006345,0.003016,0.11389,0.02161679939,-0.001416723754,0.005945503419,0.01005679628,-0.428762068,0.0047993,0.1347516,-0.4564182332,0.0059885,0.149207,0.06670347478,-0.2306164846,113.1500015,30.06999969,-0.06398347909,-0.2823507595,0.06670347478,-0.2306164846,0.07235140005,-0.09033423552,0.03181769778,0.1075312343,0.2283311203,-0.1135540439,-0.0005878493998,1,0.0005878493998,0.1058271202,0.0591887259,1.787960774,0.02006078076,0.008771622365,0.5627477082,0.00027259744,0.3219023154,1,0,0
2016-09-21,-1.133856216,3.64480333,6.521245956e-05,71.84883913,18.01888919,-1.85685315,51.59919086,0.01047495541,25.23731245,-52,0.5276107656,0.8441670172,53.07184919,465310420000,-0.7733953262,0.004402925298,0.01012661268,6.672585575e-16,1.51,112.9842,45.33,13.30000019,16.65999985,92.58999634,12.82999992,18.71999931,63.72999954,87,142,-0.20317,0.0046315,292.03385,0.1173615,0.1175585,0.112775,0.113135,0.112955,0.11746,0.1337659167,0.13368825,0.1337270833,17.65,20.6,32.35,36.45,50.5,60.04166667,-1.020901667,0.06750292402,-0.03366777106,0.8218506263,0.09393,0.136969,0.0949565,0.149311,0.10722225,0.17454025,0.1087442586,0.1884088557,-0.07966459715,-0.549615492,0.0829167627,0.1124206413,-0.02950387863,-0.3044103168,0.0933604361,0.1082888246,-0.01492838853,-0.1483343005,0.9570972359,0.000197,-0.3727950316,0.0024945,0.086078,0.00505059991,-0.0227390649,0.006156463278,-0.01656619948,-0.4450407852,0.00467375,0.108709,-0.4778350561,0.007154166667,0.134636,0.2526315495,0.1859280747,92.58999634,-20.56000519,0.03663291269,0.1006163918,0.2526315495,0.1859280747,0.1236494289,0.05129802881,0.03549292222,0.1192098286,0.2294265747,0.00109545438,0.01085800033,0,0,0.1065325655,0.07817971033,1.362662576,0.02156889869,0.00893049809,0.5859548408,0.000158875725,0.02320713268,0,0,0
2016-09-28,-0.9020825577,1.920188718,7.896782137e-05,-23.02469257,3.931121627,1.94900971,53.5959966,0.01143845682,20.71349498,-52,0.6673599243,0.9000687057,54.56553156,469618990000,0.571090758,0.01070391625,0.009244961867,7.678942396e-16,1.56,112.6283,47.07,12.39000034,16.01000023,87.55000305,11.72000027,18.12999916,57.61999893,82,143,-0.2051,0.0046674,290.25516,0.117754,0.1179172,0.100912,0.101041,0.1009765,0.1178356,0.1282828889,0.1283261111,0.1283045,17.6,16.65,33.89,34.66,50.87222222,55.77777778,-1.017928302,0.06683687257,-0.03377538481,0.2289353939,0.083234,0.122706,0.0940474,0.1466454,0.1025716667,0.1658538889,0.1018618677,0.1069063102,-0.005044442493,-0.04833518798,0.1044671782,0.1181227475,-0.01365556922,-0.1228513783,0.08908970749,0.09698465265,-0.007894945161,-0.08490893447,1.002436848,0.0001632,-0.3833349519,0.0019935,0.078944,0.001398227385,-0.001232705607,0.00705602187,-0.003652372525,-0.4370550345,0.0025108,0.105196,-0.4715066871,0.005908277778,0.1265644444,0.2921710884,0.03953953889,87.55000305,-5.039993286,0.0571672407,0.02053432801,0.2921710884,0.03953953889,0.1324171706,0.008767741757,0.03933649994,0.1229224541,0.2424303804,0.01300380567,0.005282576604,0,0,0.1106912687,0.08467495526,1.307249213,0.0239093158,0.009956332335,0.5835793706,0.001025834245,-0.002375470261,0,1,1
2016-10-05,-0.654305298,0.8508428866,8.786086074e-05,-20.51624959,-12.93113222,0.8567584738,50.08243231,0.008630368128,19.2378179,-12,0.6058638902,0.04092107088,56.13616876,466615930000,0.9634738655,0.001601794194,0.01095504713,8.775486551e-16,1.62,112.7946,49.75,12.98999977,16.21999931,89.87999725,12.02999973,18.15999985,62.56999969,87,140,-0.21385,0.0043424,286.47794,0.12748,0.1281556,0.109331,0.109374,0.1093525,0.1278178,0.130808,0.131279,0.1310435,18.25,18.65,34.88,38.45,51.3,58.05,-1.089791073,0.06632262829,-0.03663523784,0.9967005662,0.090962,0.130786,0.1021212,0.16176,0.104646,0.16994,0.08281200531,0.1087442586,-0.02593225328,-0.2724258314,0.09839001322,0.1247486419,-0.02635862865,-0.2373615406,0.08665692593,0.09492653669,-0.008269610756,-0.09114635149,0.9759880226,0.0006756,-0.3591824954,0.0015215,0.079648,0.001311785756,0.0001326554802,0.008161351525,-8.644162837e-05,-0.4520124965,0.0041228,0.1192776,-0.4755814208,0.0062495,0.130588,0.248652779,-0.0435183094,89.87999725,2.329994202,0.0798005037,0.02263326299,0.248652779,-0.0435183094,0.1196054634,-0.01281170723,0.04019362554,0.1296877519,0.2365981849,-0.005832195505,0.004287486231,0,0,0.1171811943,0.0886677286,1.321576589,0.02589526503,0.01033304139,0.6009679232,0.0003767090501,0.01738855266,0,0,0
2016-10-12,-0.1436135499,-0.8582251999,4.443533381e-05,-1.017490839,-10.2171569,-1.445030638,44.18323106,0.009016457229,23.89692618,-12,0.1725105147,0.01824739669,37.15403503,468923620000,-0.322453087,-0.00818880391,0.006032144419,7.11254285e-16,1.64,113.7442,50.14,15.90999985,17.02000046,102.0199966,13.15999985,18.90999985,63.95000076,92,137,-0.22827,0.004092,288.59885,0.13437475,0.1348565,0.122579,0.119115,0.120847,0.134615625,0.1392275385,0.1393666923,0.1392971154,20.3,20.1,37.1375,40.625,54.78461538,60.66153846,-1.156247457,0.06745548528,-0.03858259446,0.535053204,0.102465,0.139525,0.10874925,0.166361,0.110947,0.1785182308,0.05384357923,0.1018618677,-0.04801828846,-0.637534495,0.09253436672,0.1288967083,-0.03636234159,-0.3314312652,0.08428934578,0.09825552791,-0.01396618213,-0.1533160404,0.9575166947,0.00048175,-0.3062936485,0.000148,0.07412,0.008698448101,0.004228157318,0.009749537589,0.007386662345,-0.418826634,0.0029395,0.1152235,-0.4668694101,0.0054355,0.1351424615,0.06976748089,-0.1788852981,102.0199966,12.13999939,0.2089665678,0.1291660641,0.06976748089,-0.1788852981,0.1110457896,-0.0085596738,0.02991015341,0.09059052899,0.2482156351,0.01161745022,0.001145932206,0,0,0.07207707992,0.07397685783,0.9743192943,0.02711130333,0.01049694191,0.6128204614,0.000163900529,0.01185253814,0,0,0
2016-10-19,-0.2054548463,-0.8472559657,4.140962791e-05,-12.44451006,3.145367338,-1.357787903,47.76029107,0.008326430939,28.43805301,-60,0.3618365968,0.1934136851,43.80963757,472278990000,-0.7824316348,-0.002187511241,0.005956475065,6.608449402e-16,1.68,113.0547,51.59,14.40999985,16.45999908,93.90000153,11.97000027,18.52000046,61.63999939,95,135,-0.24403,0.0043485,292.5677,0.124255,0.1243705,0.107375,0.107751,0.107563,0.12431275,0.1359941538,0.1359923846,0.1359932692,17.35,18.7,33.85,39.15,55.05,58.26923077,-1.082437362,0.06822018011,-0.03563109403,2.013179572,0.091804,0.126692,0.1023985,0.154972,0.1087733846,0.1718982308,0.05336970637,0.08281200531,-0.02944229894,-0.4393297539,0.09335691048,0.1297999489,-0.03644303838,-0.3295645154,0.08349362992,0.09826414576,-0.01477051584,-0.1628888771,1.044140274,0.0001155,-0.3193468073,0.001685,0.069776,0.003916782836,0.004711970745,0.008838326934,-0.004781665265,-0.4085433257,0.0043725,0.105147,-0.4498128253,0.004342538462,0.1262496923,0.1422622664,0.0724947855,93.90000153,-8.119995117,0.2038429011,-0.00512366669,0.1422622664,0.0724947855,0.1251519737,0.01410618416,0.03799920496,0.07464374828,0.3373420517,0.08912641662,0.002189572155,0,0,0.07247876396,0.05698538851,1.271883299,0.0272873542,0.01043932748,0.6174298394,-5.761443584e-05,0.004609378086,1,0,0
2016-10-26,-0.522935951,0.1526414732,2.726417657e-05,-27.72428363,6.038255919,0.4707424464,46.1163,0.007621849953,28.03632481,-60,0.3360559592,0.108897215,34.34182827,461308910000,-1.119860859,-0.001388728147,0.007149660282,5.177908707e-16,1.71,113.8131,48.75,14.23999977,16.25,86.90000153,12.57999992,18.35000038,59.50999832,93,136,-0.26307,0.0043444,290.2063,0.1253522,0.1256866,0.138424,0.138721,0.1385725,0.1255194,0.1312542857,0.131219,0.1312366429,21.8,24.55,33.61,39.56,50.04285714,60.17142857,-1.084122638,0.06782327536,-0.03597678554,0.4602744367,0.116587,0.17088,0.103316,0.157881,0.1061957143,0.1691382857,0.144650718,0.05384357923,0.09080713875,0.9882388328,0.09865104319,0.09078357415,0.007867469047,0.08311043933,0.08401437016,0.09813639642,-0.01412202625,-0.1553704536,0.7232632896,0.0003344,-0.3777337921,0.005161,0.108586,0.01203610201,0.01630320673,0.007592304126,0.008119319177,-0.4178072489,0.0050791,0.10913,-0.4572088549,0.006430357143,0.1258851429,0.1411517037,-0.001110562661,86.90000153,-7,0.1319554736,-0.07188742751,0.1411517037,-0.001110562661,0.1292307927,0.004078818959,0.03779635105,0.06367288282,0.3724907503,0.03514869855,-0.001741927921,1,0.001741927921,0.06436953896,0.04615062467,1.394770697,0.01683458286,0.008592925524,0.4895670658,-0.001846401955,-0.1278627736,0,0,0
2016-11-02,-0.6692398042,1.411995119,1.887976882e-05,18.14626325,8.075987965,-3.476566606,31.59074581,0.007306465636,32.3276882,-92,-0.1551391598,-0.5563131487,25.66251075,440316370000,-1.343054719,-0.01639538942,0.003828623338,4.485393959e-16,1.7,113.9206,45.32,19.31999969,19.18000031,112.3899994,24.15999985,20.11000061,69.25,100,140,-0.28653,0.0034292,282.30062,0.1636478,0.1643496,0.197505,0.197535,0.19752,0.1639987,0.155613,0.155799,0.155706,30.85,33.95,43.43,49.43,61.3,67.85,-1.377884961,0.06728043223,-0.04699792825,0.6887105974,0.166846,0.228914,0.1343116,0.2014998,0.128726,0.195831,0.1272302073,0.05336970637,0.0738605009,0.8687548127,0.09605709225,0.0829167627,0.01314032956,0.1471054802,0.08269084351,0.09811712787,-0.01542628436,-0.1710530708,0.5055940242,0.0007018,-0.3136648474,0.00036,0.124136,0.03045104928,0.03616582484,0.01461738765,0.01841494727,-0.4001543724,0.003907,0.1343764,-0.4135175023,0.0065725,0.13421,-0.007246345334,-0.1483980491,112.3899994,25.48999786,-0.2003311334,-0.332286607,-0.007246345334,-0.1483980491,0.04848802348,-0.08074276922,0.0364823424,0.05752834563,0.3880659015,0.01557515124,-0.006546884453,1,0.006546884453,0.06286824017,0.03323601138,1.891569944,0.01579893009,0.008923740549,0.4351680461,0.0003308150251,-0.05439901971,0,0,0
2016-11-09,2.474535896,8.169544496,3.907431424e-05,95.14920759,31.02908083,3.309179839,59.57688021,0.009653407285,30.79001248,12,0.9289728088,0.6942977479,30.53817626,446511520000,0.5545374818,0.01689677062,0,5.326964687e-16,1.82,114.6956,45.2,14.38000011,16.28000069,96.13999939,15.35999966,18.09000015,76.33000183,117,137,-0.31081,0.0042764,292.9483,0.126394,0.1264982,0.122201,0.12318,0.1226905,0.1264461,0.1271824615,0.1262146154,0.1266985385,19.05,22.5,34.33,40.03,48.46153846,60.00769231,-1.102445537,0.06770991467,-0.03624227134,0.7201080957,0.105299,0.15514,0.1052828,0.1613612,0.106212,0.1678069231,0.05711130053,0.144650718,-0.08753941745,-0.9293199902,0.07004316569,0.1044671782,-0.03442401254,-0.3997612334,0.06741914042,0.1105554239,-0.04313628345,-0.4945880086,0.8261795203,0.0001042,-0.3827460557,0.007529,0.099682,0.009765049001,-0.005870871424,0.003830017902,-0.02068600028,-0.420623753,0.0068759,0.1121568,-0.4495669305,0.01031092308,0.1231898462,0.1321279942,0.1393743396,96.13999939,-16.25,-0.06380205496,0.1365290785,0.1321279942,0.1393743396,0.1111793237,0.0626913002,0.04650861389,0.09231515402,0.3350191008,-0.05304680076,0.01101611988,0,0,0.04609529577,0.09281264356,0.4966488832,0.02253787133,0.01162448,0.4842245822,0.002700739452,0.04905653608,0,0,0
2016-11-16,1.884818569,4.597778695,4.474716581e-05,6.313829712,-15.5331846,7.618789284,62.29463648,0.01030805248,27.80289863,16,0.8579833392,0.350420811,54.11102835,443302520000,2.388826818,0.01763538858,0,4.859890073e-16,1.83,116.8062,45.56,13.72000027,16.06999969,92.44999695,9.520000458,18.27000046,80.12000275,122,135,-0.3377,0.004424,300.8413,0.119028,0.119216,0.09298,0.0932145,0.09309725,0.119122,0.1290146154,0.1292536923,0.1291341538,16.55,16.225,35.15,36.55,53.27692308,56.65384615,-1.066571945,0.06909728794,-0.03414395001,0.6149483388,0.083372,0.1089585,0.100542,0.145351,0.1050628462,0.163529,0.06446164981,0.1272302073,-0.06276855746,-0.6799276308,0.0744311734,0.09839001322,-0.02395883982,-0.2790644558,0.06733938314,0.1115178123,-0.04417842913,-0.5044390761,0.8259600512,0.000188,-0.2660680443,0.003068,0.051173,0.009143246032,-0.007520427685,0.004239407236,-0.000621802969,-0.364459338,0.0038245,0.089618,-0.4353531552,0.005161769231,0.1169323077,0.1712827538,0.03915475956,92.44999695,-3.690002441,0.4411764293,0.5049784843,0.1712827538,0.03915475956,0.1369011079,0.02572178426,0.03992314506,0.09250515355,0.3014698933,-0.03354920742,-0.001583516522,1,0.001583516522,0.04408115186,0.09394552023,0.469220371,0.02557249737,0.01589190267,0.3785549201,0.004267422672,-0.1056696621,1,0,0
2016-11-23,1.65130385,3.610997162,4.61310434e-05,-45.49302039,-15.6287053,7.174744493,68.53025711,0.008896840783,30.32090169,48,0.8614657384,1,85.83272173,454525220000,3.434166721,0.01872523645,0,5.166743164e-16,1.92,118.0356,46.72,12.43000031,15.43000031,82.44999695,10.06000042,17.86000061,78.63999939,124,136,-0.36149,0.0047902,309.18876,0.1069848,0.1073046,0.0923985,0.092682,0.09254025,0.1071447,0.1231616667,0.1235193333,0.1233405,15.2,17.85,31.29,35.13,52.45,54.15,-0.985950504,0.07011973403,-0.03071215452,1.258498854,0.0842305,0.1099785,0.0913762,0.1326936,0.1013093333,0.1536756667,0.08407776654,0.05711130053,0.026966466,0.3867401578,0.07675533029,0.09253436672,-0.01577903643,-0.1869572735,0.06677452761,0.1119432342,-0.0451687066,-0.5166702208,0.8636392348,0.0003198,-0.2651576395,0.00456425,0.051496,0.006887881734,0.005301997221,0.002681591255,-0.002255364298,-0.3687904394,0.0048902,0.0826348,-0.4107405011,0.004152,0.1047326667,0.2413515629,0.07006880907,82.44999695,-10,0.2355864599,-0.2055899694,0.2413515629,0.07006880907,0.1574854347,0.02058432673,0.03767249704,0.09431792794,0.2854184086,-0.01605148477,0.0008076981569,0,0,0.04207706034,0.09788026368,0.4298829892,0.02429323529,0.01573062627,0.3524688631,-0.0001612764037,-0.02608605705,0,0,0
2016-11-30,1.435634956,3.231628243,4.588919336e-05,-38.83998812,6.494229664,3.364396769,61.96207337,0.00629141117,32.13844736,68,0.7011156442,-1,75.72022616,450765500000,1.587475257,0.006277671467,0,5.545745379e-16,1.94,117.7636,49.41,13.32999992,16.10000038,88.98999786,13.22999954,18.25,80.95999908,126,136,-0.37932,0.004592,304.334,0.113719,0.113622,0.116837,0.112442,0.1146395,0.1136705,0.126363,0.126417,0.12639,19.7,19.7,34.3,34.9,53,56.85,-1.02957732,0.06920425139,-0.03258201158,1.016104424,0.102581,0.135005,0.096841,0.140095,0.105042,0.157252,0.09471358904,0.06162766688,0.03308592216,0.4297465782,0.07406572093,0.09256019423,-0.0184944733,-0.2229063616,0.06519437998,0.1123668436,-0.04717246363,-0.5443956396,0.814285098,-9.7e-05,-0.2729453756,0.0041535,0.064848,0.00920150024,0.009344245635,0.003348124557,0.002313618506,-0.3651112537,0.0047975,0.086508,-0.3981028922,0.004757,0.10442,0.207801986,-0.03354957684,88.98999786,6.540000916,0.007558608082,-0.2280278518,0.207801986,-0.03354957684,0.1335403458,-0.02394508887,0.03707470232,0.08597576794,0.3012967138,0.01587830522,-0.002656930555,1,0.002656930555,0.03727961872,0.09897116492,0.3766715159,0.0288014598,0.02023407024,0.2974637264,0.004503443974,-0.05500513672,0,1,0
2016-12-07,0.3725894412,-0.195158116,1.735449297e-05,9.551484916,31.74572872,2.495969271,72.71089876,0.006148093201,32.03196781,88,1.128732184,0.9828877325,66.78698556,461740290000,2.724698564,0.01817611824,0,4.561066397e-16,1.92,116.672,49.85,12.22000027,15.47999954,89.11000061,11.78999996,17.75,73.44000244,124,134,-0.39019,0.004757,311.62568,0.1070094,0.1071194,0.094496,0.094588,0.094542,0.1070644,0.1198114615,0.1200229231,0.1199171923,15.7,17.4,32.54,34.24,47.05,59.24230769,-0.9929766802,0.06951740692,-0.03068914516,0.939902971,0.089004,0.110499,0.0945332,0.1306494,0.1046290769,0.1558376154,0.07095601864,0.08422459328,-0.01326857463,-0.1714267309,0.06449397711,0.0991200516,-0.03462607449,-0.4297599166,0.06669108543,0.0946866357,-0.02799555028,-0.3505015755,0.9257984129,0.00011,-0.2154854814,0.0052095,0.04299,0.005108056023,0.001844407651,0.00541457403,-0.004093444217,-0.3207725641,0.0055269,0.0722324,-0.3932060411,0.01031615385,0.1024170769,0.2667757123,0.05897372625,89.11000061,0.1200027466,0.03647161209,0.02891300401,0.2667757123,0.05897372625,0.1466408608,0.01310051497,0.0281011722,0.07860821777,0.2633430123,-0.03795370144,0.01307735874,0,0,0.0268945365,0.07909914061,0.3400104766,0.03049321548,0.02066843085,0.3221957565,0.0004343606077,0.02473203013,0,0,0
2016-12-14,0.3822634202,0.05446744041,2.080616839e-05,30.19543745,14.47270641,4.510555683,67.53219865,0.007050679236,38.97651713,96,0.8417120947,-0.6512906205,60.31429466,465257130000,2.34180819,0.01284152284,0.003755948389,4.930838121e-16,1.94,116.7332,51.01,13.18999958,15.86999989,96.81999969,12.84000015,17.90999985,75.83999634,127,130,-0.39405,0.00434,318.4755,0.114796,0.114964,0.105534,0.1058945,0.10571425,0.11488,0.1265942308,0.126886,0.1267401154,17.85,20.75,34.975,38.3,52.09230769,59.79230769,-1.0888829,0.07066931318,-0.03292855963,0.8961317398,0.101018,0.1194705,0.104285,0.1390385,0.109511,0.1603543077,0.05821328762,0.09471358904,-0.03650030142,-0.4867438473,0.06407468877,0.09946061069,-0.03538592192,-0.4397122784,0.06306191365,0.09545412634,-0.03239221269,-0.4145287795,0.8657782964,0.000168,-0.167378344,0.00453,0.036905,0.007505195813,0.002204838704,0.006951566612,0.00239713979,-0.2856567491,0.00678175,0.069507,-0.3768050671,0.008192538462,0.1016866154,0.2031842601,-0.06359145219,96.81999969,7.709999084,0.02725852209,-0.009213090002,0.2031842601,-0.06359145219,0.128544422,-0.01809643882,0.02400802134,0.06901391555,0.2580898887,-0.005253123625,-0.008150295462,1,0.008150295462,0.03939281495,0.07082134913,0.5562279656,0.03093955024,0.02104713716,0.3197335774,0.0003787063056,-0.002462179102,1,0,0
2016-12-21,0.1724102914,1.117149911,2.210719026e-05,-21.9395007,-37.02830398,0.9111274845,67.47821773,0.006817495352,40.68560688,76,0.7709671402,-0.9901220687,69.67254525,467205720000,2.742763074,0.008447752089,0.003342566558,4.646638572e-16,1.91,118.581,51.44,11.27000046,15.09000015,87.97000122,9.329999924,17.52000046,73.97000122,134,129,-0.39232,0.0047334,318.15702,0.1055398,0.1059366,0.085033,0.085446,0.0852395,0.1057382,0.1205564,0.1208622,0.1207093,16.4,15.85,33.69,33.62,51.63,55.16,-1.001230673,0.07022775673,-0.03030913005,0.2699508321,0.081051,0.095239,0.0945098,0.1275996,0.1031088,0.1518386,0.07784573792,0.07095601864,0.006889719273,0.09266892002,0.06523548269,0.07456621451,-0.00933073182,-0.1336839821,0.0698471265,0.08942122327,-0.01957409677,-0.247049104,0.7051965563,0.0003968,-0.1609620512,0.0029055,0.028376,0.007141170685,0.002231015779,0.006574579935,-0.0003640251278,-0.297959474,0.0053165,0.0661796,-0.3822733631,0.0067644,0.0974596,0.3389529316,0.1357686716,87.97000122,-8.849998474,0.207931463,0.1806729409,0.3389529316,0.1357686716,0.1610338158,0.03248939385,0.02332799931,0.06944991514,0.2514391431,-0.006650745586,-0.002460385725,1,0.002460385725,0.03953737903,0.06626167552,0.5966854705,0.02738204031,0.02182191996,0.2030571968,0.0007747828045,-0.1166763806,0,0,0
2016-12-28,0.4041208012,1.448942835,2.082213449e-05,-14.67113905,16.1101711,-2.684768956,57.08032759,0.00610053179,37.73126864,60,0.5499438096,-0.9270435825,62.46870085,465933260000,-0.425314437,-0.00483941952,0.002800829877,4.915608078e-16,1.95,119.2305,54.01,12.94999981,15.93000031,89.16999817,11.22000027,18.04000092,70.79000092,125,128,-0.38796,0.004474,311.027,0.113932,0.114345,0.100276,0.100476,0.100376,0.1141385,0.12782,0.128016,0.127918,17.95,18.575,34.4,36.65,53.25,58.5,-1.056552239,0.0691195687,-0.03271610427,0.427768595,0.0911755,0.1184385,0.098829,0.140052,0.1069516,0.1636682,0.06611726276,0.070599488,-0.004482225232,-0.0655930182,0.06131947286,0.07515681765,-0.01383734479,-0.2034793752,0.06733739299,0.08704737362,-0.01970998063,-0.2567367959,0.6584703465,0.000413,-0.260125755,0.004431,0.054526,0.01112170227,0.005091053671,0.008785769471,0.003980531582,-0.3451341882,0.005302,0.082446,-0.4191607562,0.0073919,0.1134332,0.2301158718,-0.1088370598,89.16999817,1.199996948,0.1541889038,-0.05374255918,0.2301158718,-0.1088370598,0.1324545242,-0.02857929165,0.02096933381,0.07530777847,0.2178018567,-0.03363728647,-0.00839164071,1,0.00839164071,0.04630960086,0.06519902968,0.7102805223,0.0186453905,0.01299684326,0.3029460411,-0.008825076696,0.09988884438,0,1,1
2017-01-04,0.01005074044,0.2596416954,2.835875646e-05,-9.365673408,3.863406417,-3.503819807,62.93593946,0.006358807134,30.49319126,32,0.7699983109,0.631002894,48.76141205,468464910000,0.3854931451,0.004476858209,0.003416860426,5.533711455e-16,1.99,118.8803,53.26,11.85000038,14.84000015,82.26999664,10.68000031,17.15999985,76.41000366,122,128,-0.38428,0.0050754,305.66686,0.1021998,0.1029016,0.089117,0.090125,0.089621,0.1025507,0.118507,0.118755,0.118631,16.175,16.175,30.12,32.65,49.45,54.55,-0.932927097,0.06730526478,-0.02939575028,1.054864462,0.0822945,0.1060485,0.0894758,0.1266196,0.099449,0.14973,0.04285116334,0.07922261252,-0.03637144918,-0.6145289758,0.05647573556,0.07729063805,-0.02081490249,-0.3137617496,0.06545445478,0.08832365039,-0.02286919562,-0.2996533592,0.7536822084,0.0007018,-0.2522419203,0.0045505,0.047508,0.008068408174,0.001755701306,0.006272246942,-0.003053294093,-0.3437722413,0.005497,0.0742876,-0.4035733348,0.0059585,0.100562,0.2523206477,0.02220477587,82.26999664,-6.900001526,0.1095505658,-0.04463833803,0.2523206477,0.02220477587,0.1563342096,0.02387968547,0.02528772505,0.07720653402,0.2467233314,0.02892147473,0.005705963771,0,0,0.04661152634,0.07165530614,0.6504965068,0.01795198276,0.01197814003,0.3327678514,-0.001018703237,0.02982181022,0,0,0
2017-01-11,-0.1881901347,-0.1948498424,2.011385281e-05,37.19327566,8.769612429,-1.729477279,62.52760956,0.005900888067,27.92246862,88,0.8223275396,1,43.86082459,472067820000,0.6351332032,0.005017413583,0.00437814072,4.857357014e-16,1.99,119.0219,52.19,11.26000023,14.47000027,86.72000122,8.880000114,16.96999931,72.83000183,118,129,-0.37947,0.005046,314.1214,0.099742,0.100009,0.0807805,0.080941,0.08086075,0.0998755,0.1167682143,0.1170715,0.1169198571,14.65,15.1,29.5,33.4,48.45357143,54.31071429,-0.9337211871,0.0690279609,-0.02862914938,0.5356882739,0.0744985,0.0933905,0.088893,0.122163,0.09925921429,0.1471133571,0.06496000731,0.08005375326,-0.01509374595,-0.2089265164,0.05597225208,0.07424746833,-0.01827521625,-0.2825476112,0.06511247999,0.08394434844,-0.01883186845,-0.2540378249,0.7434002166,0.000267,-0.2250534579,0.00308375,0.037784,0.007166073962,0.00012985748,0.006623599359,-0.0009023342124,-0.3152717762,0.0056525,0.06654,-0.3884697276,0.006266428571,0.09570828571,0.2850799265,0.03275927888,86.72000122,4.450004578,0.2680180275,0.1584674616,0.2850799265,0.03275927888,0.1727711818,0.01643697213,0.02647385663,0.05851298157,0.3115053717,0.06478204034,0.002825642389,0,0,0.04819786766,0.05088277715,0.9472334327,0.01667514843,0.01116246188,0.3305929525,-0.0008156781476,-0.002174898888,0,0,0
2017-01-18,0.03412365743,0.4827293595,1.487015785e-05,-18.60232072,-11.21682806,-2.189486216,59.04929099,0.006527278702,23.65828254,16,0.6785168132,0.9722590285,45.54302523,471423000000,1.006103461,0.002889399366,0.002606465953,4.373672455e-16,2,117.7242,51.12,12.47999954,14.93999958,87.05999756,11.28999996,17.40999985,73.94000244,119,129,-0.37615,0.005264666667,310.2354333,0.097006,0.097632,0.083674,0.084163,0.0839185,0.097319,0.1145668571,0.1151495,0.1148581786,15.7,14.1,29.26666667,31.16666667,48.175,51.79642857,-0.8985655398,0.06827694856,-0.02789654558,0.9208305574,0.072623,0.105589,0.08337166667,0.1248696667,0.095211,0.1494167143,0.07023982331,0.04801535844,0.02222446487,0.3803945066,0.06894308296,0.0737663735,-0.004823290545,-0.06762170466,0.06683040705,0.08336824374,-0.01653783669,-0.221109294,0.7579853215,0.000626,-0.3699638633,0.0051875,0.065932,0.010133561,0.004736839996,0.006242137121,0.002967487036,-0.3985568027,0.006801666667,0.082996,-0.443169037,0.007455678571,0.1084114286,0.1971153949,-0.08796453164,87.05999756,0.3399963379,0.1054029747,-0.1626150527,0.1971153949,-0.08796453164,0.1653280011,-0.007443180671,0.02700769614,0.0482329254,0.3589509973,0.04744562559,0.00176220047,0,0,0.04020872317,0.04411998432,0.9113494438,0.0120833477,0.006641869836,0.4503286669,-0.004520592045,0.1197357145,1,0,0
2017-01-25,-0.03509938303,-0.1213776465,1.722717066e-05,1.513569234,-6.213160364,-0.3475566691,66.5480828,0.006163375978,19.27992256,64,1.127361673,0.7788353735,50.70442161,476302510000,0.9394082031,0.01158893716,0.002638847027,5.00750956e-16,2.08,116.9355,52.14,10.81000042,13.60999966,78.66000366,10.06000042,15.94999981,77.05999756,130,127,-0.37358,0.0056328,312.05072,0.090147,0.0907334,0.077126,0.077552,0.077339,0.0904402,0.105626,0.105736,0.105681,13.2,14.6,26.1,30.59,43.9,49.45,-0.8399383788,0.06788522301,-0.02592524028,2.759983148,0.074608,0.090482,0.0817352,0.1109358,0.090138,0.135136,0.05188685743,0.06484702256,-0.01296016513,-0.2229654675,0.06466149508,0.06851112248,-0.003849627404,-0.05783020991,0.0673166014,0.08476823976,-0.01745163836,-0.2305140577,0.7575295331,0.0005864,-0.1923072264,0.005206,0.031748,0.006991837004,0.001776184586,0.003982819289,-0.003141723994,-0.3031135978,0.0058953,0.0584012,-0.3994957252,0.006956,0.089996,0.2590193458,0.06190395092,78.66000366,-8.399993896,0.07455268079,-0.03085029392,0.2590193458,0.06190395092,0.1719324182,0.006604417096,0.03087975496,0.05415076869,0.3631608231,0.004209825815,0.007994052796,0,0,0.04186669857,0.05655640123,0.7402645441,0.01184401134,0.007150237439,0.3962993421,0.0005083676038,-0.05402932478,0,0,0
2017-02-01,0.4036992724,-0.6875759353,1.681916321e-05,14.01600263,12.52243115,-1.340903745,55.66540809,0.006392537284,16.84374067,68,0.5853742603,-0.1484876394,51.04488843,465788000000,0.215865213,0.001035471998,0,3.607355147e-16,2.05,116.3914,53.9,11.81000042,14.28999996,87.75,12.03999996,16.53000069,70.83999634,126,128,-0.37175,0.00523,306.38452,0.0987568,0.0994442,0.08417,0.085659,0.0849145,0.0991005,0.114032,0.113013,0.1135225,13.7,16.6,28.03,32.98,49.55,50.2,-0.9036565216,0.06720285144,-0.02840706317,0.6363683087,0.075895,0.10832,0.0867754,0.1263748,0.094602,0.143592,0.04767942712,0.07023982331,-0.02256039619,-0.3874154263,0.06598177426,0.06303180185,0.002949972414,0.04573916608,0.07024314297,0.08183405038,-0.01159090741,-0.1527307263,0.636039191,0.0006874,-0.3520343077,0.007193,0.06485,0.009974602947,0.002276839532,0.006190546205,0.002982765944,-0.3715633389,0.0074746,0.0791988,-0.4113453739,0.0055745,0.09798,0.2099914864,-0.04902785945,87.75,9.089996338,-0.01910295207,-0.09365563286,0.2099914864,-0.04902785945,0.1567530252,-0.01517939295,0.03203737484,0.03931391056,0.4490090775,0.08584825436,0.0002983189881,0,0,0.03280742022,0.0472901757,0.6937470572,0.01121271277,0.00723970473,0.3543306713,8.946729077e-05,-0.04196867088,0,0,0
2017-02-08,0.5967782071,0.05411685463,1.353735661e-05,-15.61110313,2.484346285,-0.3939386714,61.15253483,0.006122556677,15.93421416,64,0.7932663238,0.7644849412,51.32809811,477155750000,1.30098761,0.004392663974,0.001507480579,3.429870876e-16,1.96,116.1382,52.37,11.44999981,14.56000042,94.58000183,9.600000381,16.60000038,68.73999786,119,128,-0.37165,0.005165,310.65588,0.0986864,0.099378,0.072057,0.073344,0.0727005,0.0990322,0.1118003333,0.1116703333,0.1117353333,12.15,14.9,28.56,33.2,43.96666667,55.31666667,-0.9156230726,0.06769075292,-0.02838749085,1.2262594,0.0655545,0.091906,0.0858854,0.12587,0.09606833333,0.145192,0.04338176416,0.05188685743,-0.008505093276,-0.1790263574,0.07544460567,0.06484567005,0.01059893562,0.1513885474,0.06918507352,0.06739110487,0.001793968652,0.02627210482,0.6547937949,0.0006916,-0.3347061644,0.00602975,0.052703,0.008905288639,0.002593116726,0.007943223699,-0.001069314309,-0.3776489289,0.0068455,0.0799692,-0.40722539,0.008894833333,0.09824733333,0.2716157784,0.06162429198,94.58000183,6.830001831,0.1927082661,0.2118112181,0.2716157784,0.06162429198,0.1401098835,-0.01664314179,0.03441081319,0.03873953778,0.4704121407,0.02140306318,0.0006930821486,0,0,0.03108227807,0.04839225833,0.6422985647,0.01188724879,0.007682287868,0.3537371008,0.0004425831379,-0.000593570446,0,0,0
2017-02-15,0.02144625149,-0.7120212376,1.482638338e-05,-4.009295626,0.8306862313,4.757242352,78.00712448,0.006019846641,23.19387968,92,1.101129919,0.7513583939,57.72542648,495000230000,2.996628549,0.02137560597,0,4.109461671e-16,2.06,116.2162,53.11,11.97000027,13.40999985,81.12000275,10.26000023,15.43000031,65.51000214,124,123,-0.37518,0.0055358,319.66998,0.0898554,0.0975354,0.0849365,0.089611,0.08727375,0.0936954,0.098577,0.1115086667,0.1050428333,15.25,17.925,28.35,31.57,44.68333333,50.33333333,-0.8914168644,0.06803660317,-0.02685811985,0.8283556244,0.085938,0.099782,0.0839608,0.1146662,0.086344,0.1351013333,0.08421094586,0.04767942712,0.03653151874,0.5688249036,0.07336090292,0.05768748881,0.0156734141,0.2403508176,0.0667792829,0.06741219808,-0.0006329151784,-0.009433085721,0.6156917929,0.00768,-0.1490846435,0.00558625,0.027688,0.01100024427,0.005343379669,0.006489592384,0.002094955635,-0.3091764966,0.0056181,0.0614108,-0.4403554828,0.005679833333,0.09751466667,0.1203007141,-0.1513150642,81.12000275,-13.45999908,0.1666666667,-0.0260415994,0.1203007141,-0.1513150642,0.1506338912,0.01052400773,0.03411314051,0.04687818609,0.421194984,-0.04921715668,0.004979888666,0,0,0.02822648019,0.05993503067,0.470951293,0.01137981691,0.008051970543,0.2924340868,0.0003696826752,-0.06130301404,1,0,0
2017-02-22,-0.1985258317,-0.5581694953,1.389195933e-05,0.844800874,-4.840331129,5.143319271,78.38710844,0.00544626647,31.22027952,80,0.9353174157,0.3196217324,71.99612355,494955510000,2.846677957,0.01795686061,0,3.656859929e-16,2.04,116.2136,53.61,11.73999977,14.39000034,81.52999878,10.39000034,16.25,69.26000214,120,123,-0.3794,0.005269,315.43282,0.0954178,0.0958772,0.082276,0.083089,0.0826825,0.0956475,0.1143574,0.1151633,0.11476035,13.2,17.5,27.9,32.71,50.215,53.01,-0.8979274003,0.06674922762,-0.02741754296,0.4206535476,0.078809,0.097368,0.086186,0.1178446,0.0956868,0.145778,0.0846802928,0.04294864317,0.04173164963,0.6788778469,0.07203994908,0.05621515931,0.01582478978,0.2480343544,0.07664845736,0.06677452761,0.009873929749,0.1379077947,0.587732657,0.0004594,-0.2106858443,0.005406,0.037118,0.01062261533,0.004991809856,0.008711100395,-0.0003776289474,-0.3103318816,0.0063678,0.0633172,-0.4148944277,0.00597205,0.1001824,0.2257240736,0.1054233594,81.52999878,0.4099960327,0.1299325682,-0.03673409851,0.2257240736,0.1054233594,0.1292564011,-0.02137749005,0.0340960409,0.04260998578,0.4445027643,0.02330778035,-0.001082786147,1,0.001082786147,0.02376464049,0.05834411556,0.4073185489,0.01091095238,0.007750808243,0.2896304581,-0.0003011623004,-0.002803628653,0,0,0
2017-03-01,0.421690716,-0.9759955813,8.464185578e-06,10.49916166,7.809851532,3.324807872,81.68735762,0.006177056092,37.72929251,100,0.9565042889,0.5184656097,85.16926782,506529540000,3.448031601,0.01938625955,0.002581015417,3.63465278e-16,2.03,116.438,53.82,12.53999996,14.85999966,84.02999878,10.56999969,16.62000084,70.88999939,117,119,-0.38287,0.00485275,321.645425,0.10176975,0.102076,0.100146,0.100518,0.100332,0.101922875,0.1189812857,0.1192831429,0.1191322143,19.15,18.4,33.225,32.3625,51.84285714,58.11428571,-0.9756853109,0.067122453,-0.02921584348,0.9845258549,0.09801,0.110163,0.09194275,0.1209565,0.1021251429,0.1502291429,0.06483216542,0.07517021764,-0.01033805222,-0.1479532503,0.05944077397,0.06522817592,-0.005787401942,-0.09291110011,0.07391082922,0.06925936095,0.004651468276,0.06500104404,0.639975824,0.00030625,-0.1167586575,0.0037545,0.024306,0.01147044497,0.004415948604,0.009395625402,0.0008478296445,-0.2725584989,0.00452675,0.0580275,-0.3812417916,0.007044928571,0.096208,0.1850079507,-0.04071612288,84.02999878,2.5,0.186376568,0.05644399985,0.1850079507,-0.04071612288,0.1184388441,-0.01081755704,0.03864043252,0.04396634067,0.46776349,0.02326072561,0.01358121108,0,0,0.01283245438,0.07047132912,0.1820946837,0.01239080949,0.008136094559,0.3433766725,0.0003852863155,0.05374621441,0,0,0
2017-03-08,0.9129822524,2.011408544,1.860172496e-05,3.957224507,9.096662526,-2.196938822,60.02140546,0.005844915708,40.0199641,80,0.5817970635,-0.6738480194,50.78744195,495670000000,0.5027334933,-0.001930642253,0.003214798118,3.848804873e-16,2.01,116.875,49.83,11.85999966,14.53999996,82.5,10.90999985,16.40999985,66.61000061,121,119,-0.38726,0.0051922,317.67632,0.096427,0.0965114,0.084833,0.084924,0.0848785,0.0964692,0.1134236667,0.113374,0.1133988333,14.5,16.9,29.55,31.82,45.65833333,58.93333333,-0.9120827515,0.06721942632,-0.02765301883,0.4410802584,0.078543,0.101364,0.0866056,0.1180518,0.09565783333,0.1467875,0.08454981208,0.0846802928,-0.0001304807218,-0.001542051253,0.06923141133,0.06782132402,0.001410087307,0.02057802148,0.07384104734,0.06696184681,0.006879200536,0.09779176749,0.7030360366,8.44e-05,-0.2536977438,0.005075,0.045642,0.009466227193,3.360777275e-05,0.008375406474,-0.002004217778,-0.3073057705,0.0058595,0.0628924,-0.4217830549,0.007823833333,0.1022593333,0.2259696781,0.04096172743,82.5,-1.529998779,0.08707606073,-0.09930050728,0.2259696781,0.04096172743,0.1286107215,0.0101718774,0.03743362427,0.0504961189,0.4257219789,-0.04204151103,-0.002286827964,1,0.002286827964,0.0291942552,0.06559994511,0.4450347504,0.0127161917,0.008116459708,0.3617224481,-1.963485098e-05,0.01834577558,0,0,0
2017-03-15,1.364722928,3.25925199,1.833815573e-05,0.1599762499,0.3713420177,-2.904262787,66.15990008,0.006219460617,35.67848427,56,0.8554387612,0.5491234372,43.4228108,506725230000,0.6544998319,0.005322435754,0.004693119847,3.613818048e-16,2.01,116.3584,48.34,11.63000011,14.19999981,80.76000214,10.76000023,16.12999916,61.61999893,118,123,-0.38874,0.0050416,323.64574,0.0976726,0.0976158,0.086053,0.081333,0.083693,0.0976442,0.1124355,0.11270725,0.112571375,16.6,14.6,32.83,30.51,51.28333333,52.275,-0.9405395645,0.06784286409,-0.02798973749,0.823616125,0.079499,0.096797,0.0848246,0.1174426,0.09416775,0.1404746667,0.07713046804,0.06483216542,0.01229830262,0.1736965179,0.07358134931,0.06543125559,0.008150093725,0.1173915291,0.07179492161,0.06464635854,0.007148563071,0.104881966,0.670098742,-5.68e-05,-0.1962381449,0.004455,0.034596,0.009244441058,0.002801308576,0.008493162797,-0.0002217861349,-0.3225238694,0.0034894,0.065236,-0.3947020093,0.004749833333,0.09261383333,0.2209801951,-0.004989482996,80.76000214,-1.739997864,0.08085500623,-0.006221054497,0.2209801951,-0.004989482996,0.1359154491,0.007304727624,0.03844766379,0.05133105976,0.4282491694,0.002527190486,0.008339879125,0,0,0.03156987108,0.06478359774,0.4873127177,0.01238589241,0.008104643205,0.3456552879,-1.181650257e-05,-0.01606716021,1,0,0
2017-03-22,0.6767377803,3.264430884,2.677745827e-05,39.89826178,-2.940316664,-6.038274952,46.69939879,0.006201685706,30.94831876,40,0.02267313381,0.5624890726,27.28407861,494411240000,-1.130804264,-0.009124347575,0.004598076499,3.783413581e-16,1.97,114.7937,47.29,12.81000042,14.68000031,83.80000305,14.51000023,16.39999962,62.13000107,113,123,-0.38923,0.0047502,319.66638,0.1048084,0.1050258,0.111636,0.107676,0.109656,0.1049171,0.115317,0.11607,0.1156935,20.15,20.1,33.57,33.52,50.25,54.1,-0.9981687368,0.06805901339,-0.03007384606,0.8748744205,0.094914,0.131948,0.0888688,0.1309188,0.097074,0.146143,0.04800340304,0.08454981208,-0.03654640904,-0.5660689477,0.06301500381,0.07525030884,-0.01223530503,-0.177447154,0.06707392926,0.06970982367,-0.00263589441,-0.03854581716,0.7172358828,0.0002174,-0.3264892313,0.003775,0.074068,0.01074700209,0.004875767613,0.008525526426,0.001502561037,-0.3826421509,0.0049767,0.0841,-0.4034997554,0.005915,0.098138,0.1459796896,-0.0750005055,83.80000305,3.040000916,-0.1171605639,-0.1980155701,0.1459796896,-0.0750005055,0.1171661633,-0.01874928579,0.03804775525,0.07246080789,0.3442968958,-0.08395227359,0.001888102847,0,0,0.05516226382,0.0586156584,0.9410840948,0.01396510376,0.008302494777,0.4054827718,0.0001978515716,0.05982748393,0,0,0
2017-03-29,0.5424159942,2.15635024,2.948700898e-05,38.69419647,-37.49451482,-4.363048929,53.5567768,0.007270454113,24.1088112,-72,0.4217094199,0.5719406762,48.18321172,491404800000,-0.5199175908,-0.000782326355,0.003224412633,3.560434592e-16,1.98,114.7167,49.47,11.42000008,13.43000031,78.26000214,10.07999992,15.18999958,61.02000046,113,122,-0.39048,0.0050948,321.01868,0.0971988,0.097721,0.082654,0.082764,0.082709,0.0974599,0.107732,0.1085115,0.10812175,15.6,14.9,31.32,31.31,47.8,50.4,-0.9311442991,0.06797988251,-0.02793692304,0.1348914168,0.074955,0.097848,0.0843332,0.1190222,0.0930165,0.13431,0.03445888631,0.07713046804,-0.04267158173,-0.8057314658,0.06095651927,0.0742457779,-0.01328925863,-0.1972201017,0.06909942493,0.06769603862,0.001403386317,0.02051874408,0.7618084761,0.0005222,-0.2649606778,0.0036925,0.045786,0.007529204638,0.0008916695807,0.007107559179,-0.003217797457,-0.3411662538,0.0042178,0.069378,-0.363296844,0.0055415,0.082587,0.1760070241,0.03002733448,78.26000214,-5.540000916,0.1329365241,0.250097088,0.1760070241,0.03002733448,0.1310498314,0.01388366804,0.03415082934,0.07517063108,0.3123890699,-0.03190782594,0.001084736204,0,0,0.05472812876,0.04172566885,1.311617771,0.01361878336,0.008106347823,0.4047671066,-0.0001961469534,-0.0007156651822,0,1,1
2017-04-05,-0.6178332841,3.633645066,1.77353863e-05,6.240354611,15.40339525,-2.132608606,48.24138608,0.007535243244,18.89499735,-72,0.3207134693,-0.8254364965,40.59075105,487216700000,-0.8645577903,-0.002260540437,0.002151604258,3.344521202e-16,1.97,114.9494,51.14,12.89000034,14.11999989,86.58999634,11.89000034,15.44999981,63.72000122,110,124,-0.39514,0.0048642,316.90486,0.1029358,0.10377,0.090763,0.0908055,0.09078425,0.1033529,0.110346,0.110742,0.110544,16.375,17.625,31.11,34.5,47.95,52.55,-0.9747927472,0.06734203022,-0.02962562369,0.3977740595,0.0804015,0.1093515,0.0888644,0.130301,0.094097,0.139665,0.07668358854,0.04800340304,0.0286801855,0.4684158109,0.08215353894,0.07203994908,0.01011358986,0.131369109,0.0749069026,0.06516250881,0.009744393787,0.1393617585,0.6970288118,0.0008342,-0.3051335157,0.00409225,0.0579,0.01142545662,0.005937453344,0.007973823381,0.003896251983,-0.3781308546,0.0062298,0.0828732,-0.3898666165,0.006337,0.091136,0.09542277032,-0.0805842538,86.58999634,8.329994202,0.08410428689,-0.04883223719,0.09542277032,-0.0805842538,0.09419262992,-0.03685720144,0.03384111793,0.07640447986,0.3069611722,-0.00542789766,-0.003059536812,1,0.003059536812,0.04967123365,0.04301169667,1.154830836,0.01315969193,0.007969937671,0.3943674586,-0.0001364101522,-0.01039964807,0,0,0
2017-04-12,-0.607161524,4.09397278,1.708165657e-05,-13.65687805,2.878085891,-2.158296488,43.34260333,0.007119934903,14.88071292,-32,0.2176653265,-0.350088855,43.23383093,483835620000,0.1426314438,-0.004198535283,0.0003064363012,2.9854897e-16,1.9,114.9162,53.12,15.77000046,15.27999973,111.5299988,10.90999985,16.29000092,73.41999817,104,124,-0.40196,0.0041154,317.90014,0.1212704,0.1218318,0.120237,0.120662,0.1204495,0.1215511,0.1216403571,0.1220447857,0.1218425714,22.825,22.825,37.38,39.93,54.07142857,56.16071429,-1.150033087,0.06778456926,-0.03483989503,0.5613499004,0.098844,0.1467145,0.0985284,0.1576952,0.09987942857,0.1565614286,0.0944364706,0.03445888631,0.05997758428,1.008160427,0.08485771665,0.05944077397,0.02541694267,0.3559955107,0.07799136754,0.06515410645,0.01283726109,0.1798428158,0.4890188075,0.0005614,-0.3898908,0.00232975,0.095741,0.02133608583,0.0133206672,0.01060055463,0.009910629212,-0.461837239,0.0065607,0.1183336,-0.4420668425,0.006377857143,0.113364,-0.0310717001,-0.1264944704,111.5299988,24.94000244,0.4454629403,0.3613586534,-0.0310717001,-0.1264944704,0.06609955499,-0.02809307493,0.03025032836,0.07316275288,0.2925193602,-0.014441812,-0.003767037419,1,0.003767037419,0.05036120229,0.02970646818,1.695294169,0.01014517653,0.006611970917,0.3482645769,-0.001357966754,-0.04610288169,0,0,0
2017-04-19,-0.350368162,2.228013863,2.009470655e-05,6.940096196,9.679983344,-2.663531501,43.11469167,0.006891534082,15.46081118,-32,0.1472677372,-0.6450622856,42.84211799,476722760000,-1.03905876,-0.006122048615,0.003907305743,3.481104971e-16,1.85,114.7923,50.49,14.93000031,15.07999992,97.88999939,16.20000076,16.20999908,73.12999725,102,125,-0.41089,0.0043285,319.20345,0.1145255,0.115025,0.121859,0.122145,0.122002,0.11477525,0.1201989286,0.1206452143,0.1204220714,21.35,23.25,34.325,39.15,51.08214286,56.84285714,-1.09037666,0.06825924762,-0.03289854665,0.6216083788,0.103849,0.150335,0.0957295,0.1468475,0.1005811429,0.1544516429,0.07216148184,0.06562306161,0.006538420228,0.09497922789,0.07991816652,0.06556148719,0.01435667933,0.1980147547,0.07589373985,0.06832583662,0.007567903232,0.1050462257,0.5712162438,0.0004995,-0.3657665313,0.00509,0.092972,0.01799218231,0.01057810179,0.009833055337,-0.003343903524,-0.4214579288,0.00651325,0.102236,-0.4224594093,0.007094321429,0.107741,0.01004685971,0.04111855981,97.88999939,-13.63999939,-0.07839508629,-0.5238580266,0.01004685971,0.04111855981,0.07493363173,0.008834076742,0.03106801547,0.05895324065,0.3451186621,0.05259930186,-0.001717825397,1,0.001717825397,0.03462230989,0.04253559539,0.8139608621,0.0112637108,0.006965402195,0.3816067972,0.0003534312782,0.03334222035,1,0,0
2017-04-26,0.6344758683,-0.4814067133,2.282074934e-05,-17.91546731,-4.670878894,4.137639202,62.67365902,0.007182800628,16.63438997,84,1.028269298,-0.8822620784,52.41256876,480453230000,1.354675004,0.01279271385,0.00352801952,4.296485761e-16,1.9,114.9479,49.22,10.85000038,12.97999954,76.63999939,9.789999962,14.77000046,60.95000076,104,123,-0.41956,0.005573,326.05205,0.0871935,0.088027,0.082636,0.084111,0.0833735,0.08761025,0.099413,0.099781,0.099597,16.25,14.85,28.15,29,42.6,48.8,-0.8501637385,0.06828458188,-0.02511420912,0.6022677715,0.076574,0.098401,0.078334,0.107368,0.087547,0.126975,0.02738296742,0.09851430707,-0.07113133966,-1.280280594,0.07081942982,0.07742883648,-0.006609406659,-0.08922588001,0.07097159337,0.07011350573,0.0008580876394,0.01216426434,0.8837874161,0.0008335,-0.2494870696,0.004114,0.043654,0.00577702611,-0.002753928195,0.005003658723,-0.0122151562,-0.3126945321,0.00524075,0.058068,-0.3675893382,0.007664,0.078856,0.1963132798,0.1862664201,76.63999939,-21.25,0.108273792,0.1866688783,0.1963132798,0.1862664201,0.1379045438,0.06297091208,0.04050272886,0.0526649742,0.4347292842,0.0896106221,-0.0004858214757,1,0.0004858214757,0.03580257204,0.06123781477,0.5846480998,0.01263772185,0.006642497132,0.4743912541,-0.0003229050624,0.0927844569,0,1,0
2017-05-03,0.8535042027,0.3521801887,2.014391941e-05,-32.54773324,-2.510198818,3.613638132,61.16727518,0.006400098667,20.33114836,32,0.8075289317,0.6643149805,57.20990381,483997920000,1.665377026,0.007693859287,0.00398747367,4.127484102e-16,1.87,114.6637,47.79,10.68000031,13.09000015,78.76999664,10.77999973,14.86999989,59.38000107,103,122,-0.42936,0.0055395,323.463,0.0879565,0.089044,0.076054,0.078634,0.077344,0.08850025,0.0984895,0.0986075,0.0985485,12.15,16.9,25.775,32.025,39.21666667,53.11666667,-0.8519808442,0.06772307203,-0.02536927489,0.4256100425,0.069669,0.098186,0.077718,0.113011,0.08729883333,0.1261416667,0.1008585991,0.07216148184,0.02869711728,0.3348131162,0.07197920984,0.06312825324,0.008850956599,0.1312089023,0.07106326844,0.06884119595,0.002222072486,0.0317682409,0.7133115809,0.0010875,-0.3397813589,0.0065835,0.057034,0.007421064295,0.0007748148745,0.004972696592,0.001644038185,-0.3700853043,0.00686425,0.070586,-0.3639687251,0.00817175,0.07768566667,0.22565541,0.02934213017,78.76999664,2.129997253,-0.009276384997,-0.117550177,0.22565541,0.02934213017,0.1359816434,-0.001922900401,0.03984856475,0.05189433927,0.4343503748,-0.0003789093313,-0.001272169396,1,0.001272169396,0.03535775297,0.06068327883,0.5826605557,0.009201269995,0.005216093637,0.4331115552,-0.001426403495,-0.04127969892,0,0,0
2017-05-10,0.7883847895,0.1903167602,2.016551019e-05,-27.50174848,-2.076901371,2.153161394,64.90763596,0.004942430029,23.81598169,68,0.7728363457,0.9683141884,57.32235717,495330540000,1.073225429,0.005286182728,0.003746217717,4.014374889e-16,1.85,115.1145,47.28,10.21000004,12.90999985,87.48999786,9.430000305,14.88000011,55.02999878,106,119,-0.43933,0.0056105,327.58935,0.086114,0.0872475,0.067183,0.069778,0.0684805,0.08668075,0.09879985714,0.09923342857,0.09901664286,11.75,13.95,26.625,30.3,44.07142857,48.22857143,-0.8451098378,0.06825830441,-0.02484782109,0.6096359157,0.061392,0.087763,0.0761515,0.1105265,0.08318071429,0.1288178571,0.1129585192,0.02738296742,0.08557555183,1.417099472,0.07778904066,0.06046041032,0.01732863033,0.2520117796,0.07103242398,0.06753705231,0.003495371666,0.05046007813,0.6975067743,0.0011335,-0.3536053099,0.006097,0.052742,0.006768948861,0.003939751976,0.005243042128,-0.0006521154332,-0.3682812115,0.00665825,0.06875,-0.4305419848,0.006982642857,0.09127428571,0.2644466013,0.03879119131,87.48999786,8.720001221,0.0827147092,0.09199109419,0.2644466013,0.03879119131,0.1525949102,0.01661326676,0.03829316151,0.04925698188,0.4373854802,0.003035105367,0.001129962717,0,0,0.03333035652,0.06212761286,0.5364821693,0.009813152468,0.006157691252,0.3725063101,0.0009415976145,-0.0606052451,0,0,0
2017-05-17,1.302430916,1.211904719,1.330974518e-05,20.50942437,33.16106741,-2.588481617,39.60203312,0.00543722759,23.09710773,88,0.01723802247,-0.9427729317,49.28782085,484201720000,-1.310541165,-0.01408999691,0,3.824020317e-16,1.78,113.7506,49.04,15.59000015,15.60000038,111.4800034,20.17000008,16.79999924,62.58000183,96,118,-0.45043,0.0041715,322.0432,0.11799,0.118296,0.12494,0.1253855,0.12516275,0.118143,0.1201167857,0.1205995,0.1203581429,24.8,22.875,38.725,37.4,52.44285714,57.11428571,-1.132355648,0.0683154648,-0.03386345814,0.3691169811,0.095911,0.1632725,0.092397,0.1516665,0.09676985714,0.1568709286,0.04755441877,0.1008585991,-0.05330418035,-0.7518448136,0.06842799679,0.0819858517,-0.0135578549,-0.1807646414,0.06654199943,0.07629949487,-0.00975749544,-0.1368329993,0.6939543747,0.000306,-0.5197977495,0.004429,0.134723,0.0175831306,0.00549325697,0.008664469634,0.01081418174,-0.4856891752,0.00388875,0.118539,-0.4739069961,0.00646225,0.1202021429,0.0006414514935,-0.2638051498,111.4800034,23.99000549,-0.2270699012,-0.3097846104,0.0006414514935,-0.2638051498,0.07692300168,-0.07567190849,0.04717381127,0.0531971788,0.4699944798,0.03260899963,-0.01834546817,1,0.01834546817,0.06732352029,0.05673747068,1.186579512,0.01313604775,0.006414367875,0.5116972779,0.0002566766236,0.1391909678,1,0,0
2017-05-24,-2.614307038,9.871404802,2.519328206e-05,23.04038214,-2.058661466,-0.3369818526,59.31521835,0.006026204423,18.44091047,76,0.7950433611,0.6863842517,54.77406553,502135240000,0.2088043582,0.00594805187,0,3.40523965e-16,1.81,113.675,50.99,10.02000046,12.59000015,81.91000366,8.56000042,14.89999962,54.40999985,97,118,-0.46174,0.005791,332.3263,0.08234,0.083282,0.063826,0.0657495,0.06478775,0.082811,0.09835,0.098882,0.098616,11.9,13.3,26.3,28.8,46.2,45.05,-0.8190557509,0.06910823535,-0.02373875779,0.5894854586,0.0576895,0.082537,0.069425,0.106786,0.079726,0.125066,0.05003149162,0.1129585192,-0.06292702762,-0.8143680254,0.07236478199,0.08529256894,-0.01292778695,-0.1643675894,0.0746762146,0.07848430544,-0.003808090839,-0.04973704497,1.029966658,0.000942,-0.3543909318,0.0053255,0.049695,0.002765218602,-0.00856217452,0.003565329255,-0.014817912,-0.4240484419,0.0052945,0.074722,-0.442790734,0.00378,0.09068,0.2564869838,0.2558455323,81.91000366,-29.56999969,0.1705607438,0.3976306449,0.2564869838,0.2558455323,0.1834789069,0.1065559052,0.03495963241,0.05344523343,0.3954491879,-0.0745452919,0.002486033805,0,0,0.06643088312,0.0421141416,1.577400859,0.01370116807,0.006426345757,0.5309636578,1.197788164e-05,0.01926637985,0,0,0
2017-05-31,-2.651911089,9.827147048,2.602015877e-05,4.519320562,5.153292078,1.669286669,60.73961544,0.00606276418,17.94655142,20,0.7728581404,0.3241976767,53.74334889,500756480000,0.8741539729,0.007243733235,0,3.473312844e-16,1.81,113.2956,48.29,10.40999985,12.63000011,84.51999664,8.710000038,14.93999958,53.95000076,93,119,-0.47493,0.005673,329.53315,0.084811,0.0856835,0.078516,0.079979,0.0792475,0.08524725,0.1001824444,0.1004356667,0.1003090556,15.3,14.55,28.3,27.9,47.98888889,44.64444444,-0.8360653221,0.06831684841,-0.02443698646,0.9971314888,0.067424,0.098329,0.0703005,0.109449,0.08192933333,0.1289007778,0.05132506781,0.1116464828,-0.06032141497,-0.7771581915,0.07425342256,0.07809569241,-0.00384226985,-0.05045102882,0.07731847243,0.07255364272,0.004764829712,0.06360670985,0.9161080552,0.0008725,-0.3729042612,0.003629,0.06181,0.00473787251,-0.006184770862,0.004797875555,0.001972653908,-0.4355895288,0.0046275,0.078297,-0.4455857296,0.005106,0.09394288889,0.2132565129,-0.04323047085,84.51999664,2.609992981,0.1951779336,0.02461718986,0.2132565129,-0.04323047085,0.1828978183,-0.0005810886152,0.03506106531,0.0521100798,0.4022095301,0.006760342122,-0.00046007462,1,0.00046007462,0.06624069278,0.04430504536,1.495104953,0.01215100587,0.006052068697,0.5019285842,-0.00037427706,-0.02903507359,0,1,0
2017-06-07,-2.202169244,7.607453268,2.906506907e-05,-22.53739212,7.964977748,2.554969485,64.81099389,0.004898736632,19.7133853,40,0.8176904723,0.5935174237,61.41342883,505365350000,2.158511356,0.00979239908,0,4.043921852e-16,1.78,112.8191,45.8,10.39000034,13.09000015,88.22000122,10.13000011,15.27000046,54.79999924,86,119,-0.48481,0.0055995,332.36235,0.085151,0.086284,0.075797,0.077584,0.0766905,0.0857175,0.099721,0.1001,0.0999105,12.95,16.3,26.8,30.3,46.45,46.75,-0.8478949326,0.06829906006,-0.02457175849,0.1442160306,0.070062,0.09775,0.074514,0.1108825,0.083763,0.126921,0.06325560484,0.05008930424,0.01316630059,0.2333762406,0.0722768421,0.07088844166,0.001388400436,0.01939637778,0.07656696344,0.07403805667,0.002528906775,0.03358645677,0.8270008069,0.001133,-0.3299883203,0.0072155,0.055376,0.005770039552,0.003372494391,0.004500474175,0.001032167042,-0.3923321098,0.00698075,0.072737,-0.4096941391,0.0054315,0.086316,0.2598652281,0.04660871518,88.22000122,3.700004578,0.02566635992,-0.1695115737,0.2598652281,0.04660871518,0.1665393644,-0.01635845391,0.0351753888,0.05548748491,0.3879800779,-0.01422945221,0.001567028796,0,0,0.0668615441,0.05166439899,1.294151203,0.01075702721,0.005731856052,0.4671524076,-0.0003202126447,-0.03477617659,0,0,0
2017-06-14,-2.374030823,8.458883679,2.842275267e-05,30.90581079,-1.903232618,0.5031135273,64.58512941,0.005079274633,17.34162852,60,0.7397365429,0.2433340199,47.3286329,500759230000,0.9147971658,0.004615877862,0,3.884358284e-16,1.71,112.0734,44.79,10.64000034,12.77000046,89.97000122,9.909999847,14.93999958,52.22000122,80,118,-0.49068,0.005823,331.57642,0.0823176,0.08309,0.069403,0.071502,0.0704525,0.0827038,0.0953225,0.0959415,0.095632,12.1,14.8,26.32,28.54,42.5,47.35,-0.8161497001,0.06800395829,-0.023708034,0.5254582813,0.060968,0.091278,0.0685622,0.1082244,0.0794015,0.1253355,0.08618695445,0.05132506781,0.03486188663,0.5183395415,0.07161476585,0.0716987253,-8.395945641e-05,-0.001171689634,0.07802098202,0.07203201485,0.005988967172,0.07986711991,0.8669338689,0.0007724,-0.3981713805,0.0056705,0.06062,0.00618025352,0.00232929217,0.003956868261,0.0004102139686,-0.4487014287,0.0056895,0.0793244,-0.4487122504,0.0067365,0.091868,0.2001879742,-0.05967725389,89.97000122,1.75,0.07366301788,0.04799665796,0.2001879742,-0.05967725389,0.1699294475,0.003390083138,0.03613829678,0.05607848615,0.3918841628,0.003904084991,-0.0009963269653,1,0.0009963269653,0.06641645152,0.05121740737,1.296755438,0.01340889924,0.008268192032,0.383380255,0.00253633598,-0.08377215264,1,0,0
2017-06-21,0.3525542948,0.5878256927,1.265248973e-05,27.07546525,-4.224247263,-0.9349744328,57.62679241,0.005753616805,14.91974544,84,0.6294873794,-0.1522852347,43.16591033,498936220000,-0.02011371515,0.0005343387435,0.002279269684,3.051050582e-16,1.66,113.3327,42.48,10.75,12.76000023,88.06999969,9.56000042,14.72999954,51.63999939,80,117,-0.49461,0.00556425,332.859625,0.08567875,0.086276,0.0726675,0.0739515,0.0733095,0.085977375,0.097147,0.097973,0.09756,14.65,14.225,29.15,28.1125,44.9,46.5,-0.851738,0.06833188093,-0.02464623756,0.3885844527,0.0625995,0.0901015,0.07026775,0.10971425,0.079675,0.126752,0.09256005611,0.06325560484,0.02930445128,0.3806739515,0.06485334619,0.07775683383,-0.01290348764,-0.1814579337,0.07812362216,0.07039632441,0.007727297752,0.1041514199,0.904387158,0.00059725,-0.3602072023,0.003041,0.055004,0.005510124793,0.001373011247,0.00456231111,-0.0006701287275,-0.4383382783,0.004013625,0.078893,-0.4561128147,0.0056535,0.094154,0.1869767655,-0.01321120874,88.06999969,-1.900001526,0.1244769381,0.05081392022,0.1869767655,-0.01321120874,0.1543886582,-0.01554078937,0.03246809218,0.04212126293,0.4352912306,0.04340706778,-0.0005828141933,1,0.0005828141933,0.02840794502,0.04873193023,0.5829431522,0.01431398321,0.008267858002,0.422392923,-3.340302159e-07,0.03901266802,0,0,0
2017-06-28,0.1713816449,0.9927206257,1.544641078e-05,4.478307243,-2.004316257,-2.318177529,57.26418405,0.006581273803,12.43942026,72,0.7136938738,0.694978362,51.71350061,503900300000,0.4651393695,0.002299003871,0.004546617955,3.610545413e-16,1.73,112.0747,44.74,10.02999973,12.39999962,84.23999786,8.489999771,14.43999958,52.50999832,88,116,-0.49757,0.0060098,331.84718,0.0796252,0.0806038,0.067763,0.069564,0.0686635,0.0801145,0.0948415,0.0955135,0.0951775,13.725,13.375,26.59,26.6,43.95,45.475,-0.7912431816,0.06798224682,-0.02296592664,0.4056624163,0.0577465,0.0866475,0.0659622,0.1029158,0.077007,0.124588,0.08694228541,0.08618695445,0.0007553309693,0.008725686803,0.07024847521,0.08385562275,-0.01360714754,-0.1770579405,0.07446052138,0.07283664418,0.001623877206,0.02204988797,1.046697199,0.0009786,-0.400307492,0.0035335,0.057802,0.003028323997,-0.002713514884,0.003753579771,-0.002481800795,-0.4376366371,0.0043245,0.0739072,-0.4720454376,0.00562,0.095162,0.2362911215,0.04931435602,84.23999786,-3.830001831,0.1813898708,0.05691293274,0.2362911215,0.04931435602,0.164516131,0.01012747287,0.03423629952,0.05268393289,0.3938818221,-0.04140940851,0.008769501647,0,0,0.0402055165,0.05521869433,0.728114219,0.01548207771,0.008450312241,0.4541874547,0.0001824542388,0.03179453168,0,1,1
2017-07-05,0.02473152488,0.6381378807,1.999892081e-05,15.79509551,-5.93734876,-2.734318596,53.26385517,0.006862894717,14.16057513,52,0.4601557447,0.632701917,58.09606769,508666400000,-0.02506476402,-0.0005107594105,0.006226059397,3.624711949e-16,1.75,112.6534,45.11,11.06999969,13.31000042,91.98000336,9.649999619,14.93999958,56.43999863,92,114,-0.5045,0.005795,322.96428,0.0849852,0.0859294,0.079442,0.078791,0.0791165,0.0854573,0.1010857,0.1017129,0.1013993,14.45,15.65,26.4,29.13,45.595,48.945,-0.8214183144,0.06638416634,-0.02449718613,0.4391592415,0.068241,0.100824,0.0698642,0.1121732,0.082239,0.1325499,0.07658411208,0.08012741825,-0.003543306171,-0.04522845463,0.07109144916,0.06440331072,0.006688138446,0.0988020242,0.0725175571,0.07491402469,-0.002396467587,-0.03251241905,0.7536314711,0.0009442,-0.3854493834,0.005416,0.065166,0.008106702893,-0.0001609825829,0.004669706945,0.005078378895,-0.4648385442,0.0055614,0.084618,-0.4684683426,0.00599515,0.1006218,0.2023487612,-0.0339423603,91.98000336,7.740005493,0.1471502728,-0.03423959804,0.2023487612,-0.0339423603,0.1224642456,-0.04205188538,0.03642258548,0.05735225802,0.3884046522,-0.005477169866,0.001452224036,0,0,0.04939813788,0.04778055075,1.03385451,0.01340503683,0.009257250403,0.3094199951,0.0008069381623,-0.1447674596,0,0,0
2017-07-12,-0.2395726696,-0.1783459688,2.635370542e-05,0.8374935435,-20.28314604,-1.016615364,57.14325908,0.007119316349,16.68232421,-32,0.7973792558,0.4985000366,63.45279661,511305060000,0.2030082874,0.005455254264,0.007138408742,4.759328248e-16,1.76,111.5904,45.48,10.30000019,12.77999973,88.19000244,8.06000042,14.47999954,52.43000031,98,112,-0.51506,0.0061414,324.88328,0.0797158,0.080792,0.069941,0.069363,0.069652,0.0802539,0.0978686,0.09852946667,0.09819903333,13.05,13.55,24.79,27.58,44.97666667,46.89666667,-0.775986615,0.0664858856,-0.02300587979,0.3959028349,0.061214,0.083101,0.0668178,0.1055128,0.07903053333,0.1286628667,0.03535985778,0.09684816659,-0.06148830881,-1.007567243,0.08121520211,0.07418748767,0.007027714444,0.09050694162,0.06851393139,0.07597806336,-0.007464131971,-0.1034075561,0.9244097504,0.0010762,-0.3033225929,0.0025055,0.043774,0.005105217066,-0.004528166268,0.003870384036,-0.003001485827,-0.4490786894,0.0059114,0.07739,-0.4779384741,0.005647666667,0.09926466667,0.2407766501,0.03842788892,88.19000244,-3.790000916,0.2779155899,0.1307653171,0.2407766501,0.03842788892,0.1330203321,0.01055608651,0.0403351636,0.06337557899,0.3889198225,0.0005151702401,0.007279050948,0,0,0.05952768925,0.05645874622,1.054357265,0.01423201019,0.008728226861,0.3867186191,-0.0005290235423,0.07729862403,0,0,0
2017-07-19,-0.4767742892,-0.06630641631,2.543596188e-05,-24.65050394,0.4232054151,3.699642724,67.10160961,0.00638310582,13.59619007,52,1.075310376,1,61.09201698,520349350000,2.080546331,0.01510410816,0.005944200513,4.503890476e-16,1.76,110.4339,47.1,9.789999962,12,77.95999908,7.849999905,13.90999985,48.25999832,90,110,-0.52657,0.00674075,331.622875,0.07086525,0.07287075,0.061432,0.063734,0.062583,0.071868,0.089796,0.0907152,0.0902556,11.4,12.8,22.05,25.75,40.67,44.53,-0.7093176423,0.06702620532,-0.02060234428,0.5490582394,0.056303,0.075462,0.06174825,0.094213,0.0740312,0.119217,0.02318615671,0.07658411208,-0.05339795537,-1.194834234,0.07978468408,0.07230182798,0.007482856106,0.09848214518,0.06780996347,0.0718470498,-0.004037086328,-0.05783041312,1.006036455,0.0020055,-0.2908056009,0.0032995,0.038318,0.004356855597,-0.001948494334,0.002984074767,-0.0007483614694,-0.416318156,0.006112625,0.0649295,-0.4676452355,0.0063685,0.0903716,0.2257405564,-0.01503609377,77.95999908,-10.23000336,0.2471337683,-0.03078182163,0.2257405564,-0.01503609377,0.159166654,0.02614632181,0.03065778255,0.06103969094,0.3343361751,-0.05458364742,0.005358258216,0,0,0.05384123764,0.0547750461,0.9829519367,0.01368167243,0.008454118103,0.3820844531,-0.0002741087571,-0.004634166016,1,0,0
2017-07-26,-0.7025379803,0.3938152224,2.432603739e-05,-36.70085222,0.633690032,2.844262517,67.36091852,0.004612914717,14.26311122,72,0.8484614396,-0.1436631944,72.29078066,518752920000,2.076276058,0.008859143149,0.006232484559,4.159560144e-16,1.8,110.3811,48.58,9.600000381,12.10999966,82.33999634,8.069999695,13.78999996,47.27999878,93,108,-0.53537,0.00679875,334.4042,0.06944,0.071675,0.056527,0.060955,0.058741,0.0705575,0.08728026667,0.0882548,0.08776753333,9.6,13.25,20.9875,26.5375,38.84,44.52333333,-0.7022239387,0.06747924595,-0.02022672137,0.8976859807,0.052673,0.074186,0.0604635,0.09661975,0.07178886667,0.1177826,0.02713414201,0.03535985778,-0.008225715775,-0.2647844282,0.08475540485,0.07161898537,0.01313641949,0.1684093207,0.06755884042,0.07099072016,-0.003431879745,-0.04955023851,1.01504426,0.002235,-0.3391639537,0.0046885,0.043026,0.004086721667,0.002200185539,0.002663457558,-0.0002701339292,-0.4603450718,0.007984125,0.0723125,-0.4852389881,0.0070182,0.09198746667,0.2614582474,0.03571769109,82.33999634,4.379997253,0.1895911703,-0.05754259793,0.2614582474,0.03571769109,0.1387283528,-0.02043830112,0.03310670381,0.05505215775,0.3755346113,0.04119843626,0.0002826240061,0,0,0.04561172435,0.05546851955,0.8222992919,0.01217206217,0.007042783101,0.4213977053,-0.001411335003,0.03931325217,0,0,0
2017-08-02,-0.762370761,3.027662183,1.266432574e-05,-5.266377882,8.435048584,0.1736854695,64.96502553,0.004473281481,10.96269973,76,0.7260739434,0.5957073102,57.13342872,514895810000,0.7494561752,0.002845932285,0.003145163905,3.093186487e-16,1.79,109.7503,49.6,10.27999973,12.56000042,86.88999939,8.680000305,13.92000008,48.75,91,108,-0.53547,0.006532,335.82474,0.072041,0.0743062,0.054923,0.061332,0.0581275,0.0731736,0.09138971429,0.09140885714,0.09139928571,8.85,13.85,21.9,27.61,42.29285714,44.65714286,-0.7313543213,0.06777300742,-0.02097655954,0.538076402,0.049475,0.080629,0.0622038,0.1016662,0.07250785714,0.1238478571,0.09611794005,0.02318615671,0.07293178334,1.422020573,0.09079652325,0.06444133608,0.02635518717,0.3428657029,0.06939941897,0.07083852725,-0.001439108279,-0.02052452758,0.8806637378,0.0022652,-0.4789091803,0.0069245,0.062308,0.006415153655,0.002841208393,0.003335732487,0.002328431988,-0.4816305608,0.0087614,0.0789248,-0.5229285044,0.006778571429,0.10268,0.2217899558,-0.03966829162,86.88999939,4.550003052,0.1843317248,-0.005259445491,0.2217899558,-0.03966829162,0.1082802238,-0.03044812901,0.03131941458,0.04084410339,0.4340062051,0.05847159382,0.0004925274073,0,0,0.03437675195,0.04541956824,0.756870954,0.01042209721,0.006269411413,0.3984501116,-0.0007733716875,-0.02294759368,0,0,0
2017-08-09,0.981174005,0.6343418485,6.515872487e-06,29.78973065,8.722910656,-1.294412583,58.86079882,0.00446814047,10.24686421,92,0.5912171609,0.9367562323,43.38488693,510750070000,0.1664071795,-7.955672559e-05,0,1.998790933e-16,1.82,110.3671,49.59,11.10999966,13.48999977,106.7699966,10.72000027,14.89000034,49.66999817,91,112,-0.52504,0.0053908,335.1351,0.0878112,0.08943,0.070706,0.075449,0.0730775,0.0886206,0.1023126154,0.1027683846,0.1025405,12.5,15.8,27.78,31.79,47.04230769,50.68076923,-0.8839248108,0.0677308793,-0.02540376595,0.4534021604,0.059412,0.104032,0.0707058,0.1218858,0.07758992308,0.1364665385,0.1353206058,0.02713414201,0.1081864638,1.606854033,0.09066595634,0.06034314651,0.03032280983,0.4071345644,0.07093287624,0.07046942055,0.0004634556869,0.006555160093,0.6809155716,0.0016188,-0.5459974058,0.0086445,0.08924,0.008701913907,0.004604059344,0.005548614907,0.002286760251,-0.5314873546,0.0076752,0.10236,-0.5501036031,0.004487730769,0.1177532308,0.2142214391,-0.007568516761,106.7699966,19.87999725,0.03638053917,-0.1479511857,0.2142214391,-0.007568516761,0.1037806224,-0.004499601441,0.02915963268,0.03225601003,0.474791623,0.04078541789,-0.0003636747927,1,0.0003636747927,0.01389712879,0.0308252543,0.4508358196,0.009167095698,0.005525800367,0.3972136269,-0.0007436110458,-0.001236484656,0,0,0
2017-08-16,-1.283819597,6.674294545,1.986348611e-05,12.1281991,-9.929006588,-2.77659454,53.83915042,0.005474668622,10.45615307,76,0.457007409,-0.2321467955,47.78729204,513134540000,-0.08865082634,-7.119260264e-05,0,2.879947318e-16,1.78,110.4394,46.8,11.73999977,13.57999992,94.81999969,9.729999542,14.92000008,48.47000122,90,114,-0.50774,0.0054118,335.20232,0.0873664,0.0885552,0.071682,0.07603,0.073856,0.0879608,0.09978830769,0.1004040769,0.1000961923,12.2,16.4,27.47,31.68,43.86153846,50.98076923,-0.8775197687,0.06790668163,-0.02521467372,0.8628052943,0.061822,0.102309,0.0693912,0.1214672,0.07909476923,0.1358314615,0.1033471849,0.09611794005,0.007229244804,0.07251806719,0.07512736349,0.07109144916,0.00403591433,0.05521778853,0.06148604106,0.06725360396,-0.005767562903,-0.08966043317,0.808217401,0.0011888,-0.4933498242,0.0082095,0.080974,0.008728765318,-0.003783949663,0.005496200469,2.685141187e-05,-0.5457029924,0.0074684,0.104152,-0.5279643355,0.007366923077,0.1134733846,0.1567291472,-0.05749229183,94.81999969,-11.94999695,0.2065776283,0.1701970891,0.1567291472,-0.05749229183,0.09867453315,-0.005106089238,0.03726133669,0.04880714627,0.4329266116,-0.04186501147,0.001419095523,0,0,0.05361692229,0.03962410042,1.353139168,0.008755894977,0.003701900833,0.5772104574,-0.001823899535,0.1799968304,1,0,0
2017-08-23,-1.024308583,2.84779031,3.568809303e-05,36.48414002,-18.85181711,-3.875260794,46.31685126,0.007205562354,12.21009451,-36,0.2756197338,-0.3003683301,40.96373572,509330310000,-1.486143163,-0.004735787121,0.001582231713,4.796295661e-16,1.75,109.8095,48.45,12.25,14.32999992,98.95999908,11.14000034,15.52999973,52.08000183,85,115,-0.4892,0.004783,332.39074,0.0999398,0.1005576,0.087605,0.0883475,0.08797625,0.1002487,0.1121080769,0.1125952308,0.1123516538,16.975,17.8,32.67,34.01,53.45384615,51.64230769,-0.9917184398,0.06800026595,-0.02873609409,0.2791474981,0.0727075,0.109128,0.0796148,0.128545,0.08775023077,0.1443052308,0.05924792557,0.1353206058,-0.07607268019,-0.8259160525,0.05186324156,0.08121520211,-0.02935196055,-0.4484921636,0.05141222534,0.0771864446,-0.02577421927,-0.4063478624,0.8101372099,0.0006178,-0.4005873441,0.0029415,0.072841,0.008410340946,-0.01057184578,0.006665146891,-0.0003184243729,-0.4701215124,0.0038312,0.0978604,-0.4874265801,0.003676076923,0.11311,0.1697959121,0.01306676491,98.95999908,4.13999939,0.09964089968,-0.1069367286,0.1697959121,0.01306676491,0.08374039188,-0.01493414126,0.03835968005,0.07355404155,0.3427611869,-0.09016542461,-0.003459570133,1,0.003459570133,0.07811155285,0.05207281433,1.500044771,0.01048804784,0.00389213879,0.6288976893,0.0001902379576,0.05168723191,0,0,0
2017-08-30,-0.955762978,2.607429464,3.612187417e-05,26.48746258,4.572018916,-0.294709082,52.93941249,0.00699610211,11.34858167,-36,0.5611831546,0.6711046821,41.62427443,517134140000,-0.3345715742,0.004520309509,0.001202436711,5.189320169e-16,1.76,109.4052,45.96,11.22000027,14.14000034,98.90000153,9.149999619,15.60000038,51.56000137,82,115,-0.47489,0.0050622,334.0265,0.0938952,0.09479,0.074509,0.077462,0.0759855,0.0943426,0.10945,0.1097745,0.10961225,13.425,16.55,29.8,33.37,51.6,51.95,-0.9378847762,0.06795814192,-0.02704359225,0.8383853737,0.06315,0.1011865,0.0759706,0.1270678,0.085508,0.1434355,0.07711077221,0.1033471849,-0.02623641264,-0.2928510586,0.05208745389,0.07978468408,-0.0276972302,-0.4264074458,0.05243778394,0.07577384254,-0.02333605859,-0.3681257487,0.8456909613,0.0008948,-0.4629099439,0.00618275,0.076073,0.006223244785,-0.004906844406,0.006273170137,-0.00218709616,-0.5033254793,0.0071766,0.1021944,-0.5060418837,0.0048595,0.115855,0.260249555,0.09045364283,98.90000153,-0.05999755859,0.2262295885,0.1265886888,0.260249555,0.09045364283,0.1032531827,0.01951279077,0.0407503643,0.07948159644,0.3389312131,-0.003829973895,0.004604531788,0,0,0.07819488074,0.05428999497,1.440318438,0.01009482223,0.003729226414,0.6305802787,-0.0001629123758,0.001682589411,0,1,0
2017-09-06,-0.8341613456,1.345900282,4.173874788e-05,-14.80672873,-10.33097746,2.355252493,54.29442606,0.007333945341,11.00433801,-36,0.7234725255,0.214583041,42.36605215,523098790000,1.648697798,0.006663163207,0.0006483457132,5.810029515e-16,1.78,108.4897,49.13,11.63000011,14.39999962,99.61000061,10.22000027,16.02000046,52.91999817,80,116,-0.46797,0.0051812,329.58544,0.0931932,0.0940436,0.075914,0.077843,0.0768785,0.0936184,0.106508,0.10654,0.106524,14.7,14.9,30.84,30.74,44.65,56.75,-0.9183113558,0.06683838834,-0.02683605339,0.6766118202,0.064601,0.098611,0.0727166,0.1245672,0.088877,0.147592,0.05556954744,0.06302331727,-0.007453769827,-0.12586943,0.04288804272,0.08476496692,-0.0418769242,-0.6812892689,0.05367524489,0.07848132157,-0.02480607668,-0.3799087485,0.9054306303,0.0008504,-0.4167585717,0.0047275,0.06802,0.00634059065,0.001938365243,0.00518804474,0.0001173458649,-0.5256447818,0.0050235,0.1037012,-0.4965978627,0.0117105,0.11743,0.2381770831,-0.02207247184,99.61000061,0.7099990845,0.1379647564,-0.08826483209,0.2381770831,-0.02207247184,0.1125000613,0.009246878608,0.04272834307,0.08231714895,0.3417023867,0.002771173628,0.003123842493,0,0,0.08188067367,0.05874367076,1.393863758,0.01100635984,0.003821260222,0.6528134389,9.203380764e-05,0.02223316026,0,0,0
2017-09-13,-0.8665659919,2.795369187,3.220453554e-05,-29.33021422,-13.93711757,4.992841098,64.97618551,0.005809507393,11.27191112,64,0.9862426168,1,57.35353651,526323760000,2.264385389,0.0133889075,0,5.149907369e-16,1.85,108.6628,49.3,10.5,13.22999954,90.88999939,9.380000114,15.22000027,51.36999893,85,115,-0.46886,0.0061702,332.22836,0.0776986,0.0787814,0.062001,0.06508,0.0635405,0.07824,0.096688,0.09767827273,0.09718313636,11.15,13.7,24.81,27.41,44,49.08181818,-0.7736174669,0.06648902284,-0.02242867608,0.2698539733,0.058972,0.083859,0.065426,0.107937,0.07839736364,0.130776,0.03282983689,0.07695295966,-0.04412312277,-0.8518565585,0.03921696894,0.09070674572,-0.05148977678,-0.838522194,0.05091734949,0.07938956611,-0.02847221661,-0.4441632304,1.159339797,0.0010828,-0.3484817722,0.007875,0.049774,0.002797286281,-0.00188436286,0.003141858787,-0.003543304369,-0.4904275999,0.0084415,0.085022,-0.500815548,0.007403545455,0.1047572727,0.2599999564,0.02182287327,90.88999939,-8.720001221,0.1194029714,-0.018561785,0.2599999564,0.02182287327,0.1504157818,0.03791572057,0.03791854249,0.07200769829,0.3449453217,0.00324293501,0.0007568342481,0,0,0.06363546039,0.0615285012,1.034243629,0.01300528975,0.00477757603,0.6326436302,0.0009563158084,-0.02016980872,1,0,0
2017-09-20,0.381770076,1.310062518,1.748559161e-05,-37.4856191,8.113813021,4.177196758,67.55001136,0.00472074068,13.17245477,84,0.8676337636,0.8998196031,64.20906043,537807290000,1.279600282,0.009472623055,0.001160358395,3.458928714e-16,1.85,108.4329,50.29,9.779999733,12.65999985,90.91000366,8.949999809,14.71000004,49.15000153,83,111,-0.4772,0.006413,338.9781667,0.073097,0.07407,0.063524,0.065436,0.06448,0.0735835,0.09185690909,0.09283445455,0.09234568182,11.7,13.6,24.26666667,25.65,42.26363636,46.27272727,-0.7423571407,0.06757291301,-0.02109404572,0.178270899,0.05673,0.084193,0.06044233333,0.1005766667,0.07388563636,0.1253851818,0.03887695524,0.05556954744,-0.0166925922,-0.3572336785,0.04575184354,0.09011889741,-0.04436705387,-0.6778977939,0.05289784401,0.07810617586,-0.02520833185,-0.3897065479,1.224716104,0.000973,-0.3897589464,0.0059815,0.054926,0.001443423807,0.001069695797,0.002427150243,-0.001353862474,-0.4985043173,0.006926,0.08026866667,-0.5168799519,0.007289727273,0.1029990909,0.2944785473,0.03447859095,90.91000366,0.02000427246,0.09273742362,-0.0266655478,0.2944785473,0.03447859095,0.1619273472,0.01151156536,0.03638735781,0.04345025531,0.4557671051,0.1108217834,0.0006341467023,0,0,0.03118722621,0.05099683202,0.6115522275,0.0131299271,0.005008511431,0.6185423276,0.0002309354005,-0.01410130262,0,0,0
2017-09-27,0.3784129106,2.681981397,1.353446849e-05,-0.3826460378,18.44558766,0.4741993307,63.88812554,0.00411443211,11.24048169,80,0.7718699077,0.4053112622,58.83331636,540960990000,0.7608156723,0.004330971564,0,3.448133384e-16,1.87,110.0722,52.14,9.869999886,12.90999985,95.36000061,9.029999733,15.03999996,52.08000183,84,109,-0.48843,0.0059928,334.87244,0.0791364,0.0801426,0.066524,0.06889,0.067707,0.0796395,0.09723322222,0.09821077778,0.097722,14.05,12.5,27.7,25.75,47.05555556,46.86111111,-0.7937224311,0.06678641745,-0.02282978755,0.5345915782,0.058975,0.085077,0.064261,0.1051134,0.07785666667,0.1296253333,0.03546618714,0.03282983689,0.002636350254,0.0772420046,0.04270342893,0.07514570473,-0.0324422758,-0.5651497387,0.05551914276,0.07252917931,-0.01701003655,-0.2672610782,0.9435732863,0.0010062,-0.3623969122,0.004319,0.052204,0.004094812834,0.003506439659,0.004289107432,0.002651389027,-0.4823916719,0.0050477,0.0817048,-0.4990183887,0.006019,0.1035373333,0.3080040524,0.01352550504,95.36000061,4.449996948,0.09302327546,0.0002858518432,0.3080040524,0.01352550504,0.1649883919,0.003061044723,0.02894533981,0.03852322863,0.4290196232,-0.0267474819,0.004076822402,0,0,0.03077513718,0.05261474925,0.5849146412,0.01125952008,0.005612643136,0.5015202159,0.000604131705,-0.1170221117,0,1,1
2017-10-04,1.432870995,4.162103847,8.862632152e-06,1.690009149,-9.644929519,2.786247181,74.65093512,0.003699021472,16.22460735,100,0.9701333863,0.3608143632,72.58725829,556674900000,1.352700878,0.01145253244,0,2.735576685e-16,1.85,110.2425,50,9.630000114,12.38000011,92.12000275,8.020000458,14.43999958,54.49000168,86,104,-0.50166,0.0066978,336.48838,0.0704664,0.072688,0.05512,0.05851,0.056815,0.0715772,0.089586,0.090565,0.0900755,9.85,12.75,22.18,26.19,41.95,46.35,-0.7168123831,0.06629685862,-0.02051899382,0.7034241389,0.051172,0.073962,0.0611606,0.097591,0.074416,0.122827,0.03512639762,0.03887695524,-0.003750557624,-0.1014487482,0.04760782701,0.05216679746,-0.004558970453,-0.09144904789,0.0566116736,0.06910359724,-0.01249192364,-0.1993915765,0.7288186386,0.0022216,-0.3642495245,0.005752,0.04558,0.006552315463,0.001716526576,0.003338288549,0.002457502629,-0.4589610435,0.0077986,0.0728608,-0.4908767358,0.008546,0.096822,0.2855659364,-0.02243811601,92.12000275,-3.239997864,0.2007480754,0.1077247999,0.2855659364,-0.02243811601,0.1663973705,0.001408978594,0.02620434354,0.03079540272,0.4597273717,0.03070774852,0.001245943661,0,0,0.01494194933,0.04874282828,0.3065466214,0.008140096121,0.005418721364,0.3343172755,-0.000193921772,-0.1672029405,0,0,0
2017-10-11,0.07956923332,-0.2239683755,5.011112509e-06,-14.19898334,-14.86271097,2.579480094,75.40082667,0.003939794803,26.17332728,100,0.9172734877,1,73.03512095,560303350000,2.346337915,0.01190740371,0,2.567208889e-16,1.89,110.3037,51.3,9.850000381,12.23999977,99.22000122,8.319999695,14.65999985,52.68999863,84,103,-0.51746,0.006592,345.94125,0.069621,0.07123625,0.058647,0.060596,0.0596215,0.070428625,0.08679361538,0.08761130769,0.08720246154,12,11.8,23.7125,24.925,41.88461538,44.65384615,-0.725124005,0.06769251616,-0.02018978232,0.3258055632,0.053523,0.076461,0.06030325,0.09467875,0.07171,0.1190803077,0.04553620649,0.03546618714,0.01007001935,0.2499279889,0.05352969741,0.05220364515,0.001326052264,0.02508426883,0.05992574312,0.06836946832,-0.008443725198,-0.1318201743,0.7412276635,0.00161525,-0.3529357459,0.0053705,0.045876,0.006977030185,0.002296872832,0.0029298851,0.0004247147215,-0.4436063543,0.007062375,0.068751,-0.4965693306,0.008192692308,0.09474061538,0.2426395225,-0.04292641383,99.22000122,7.099998474,0.18389432,-0.01685375537,0.2426395225,-0.04292641383,0.1977124282,0.03131505772,0.01970786855,0.03038468309,0.3934291207,-0.06629825099,0.00180188293,0,0,0.01582807225,0.0356408547,0.4440991212,0.008022536876,0.005297316309,0.3396956111,-0.0001214050551,0.005378335674,0,0,0
2017-10-18,0.07065375193,-0.3371465522,5.180488333e-06,-26.11775842,-4.762028299,0.4467267926,75.17278035,0.003283253886,34.64017322,68,0.8043743049,-0.2837741244,79.66684899,569115780000,1.270793442,0.006274474159,0,2.602938741e-16,1.84,110.7214,52.05,10.06999969,11.92000008,94.33999634,8.369999886,14.47999954,50.29000092,75,102,-0.53411,0.006646,349.9749,0.068137,0.069866,0.061088,0.061622,0.061355,0.0690015,0.08554338462,0.08608969231,0.08581653846,13.3,11.3,23.8,24.5,43.38076923,42.15384615,-0.7187140792,0.06832084599,-0.01978072777,0.4584885974,0.053277,0.07899,0.057927,0.094299,0.07032307692,0.1143571538,0.06300597967,0.03512639762,0.02787958206,0.5842767207,0.06339288193,0.04288804272,0.02050483921,0.3907585201,0.06277646455,0.06755958782,-0.004783123276,-0.07342975614,0.6215523245,0.001729,-0.3888044637,0.0047785,0.051426,0.008301105177,0.002530572215,0.002800180367,0.001324074993,-0.4778684325,0.0071115,0.072744,-0.4768683333,0.006523576923,0.08806815385,0.1837140454,-0.05892547711,94.33999634,-4.880004883,0.2031063121,0.01921199208,0.1837140454,-0.05892547711,0.2147650545,0.01705262626,0.02028527548,0.03172867478,0.3899968254,-0.003432295316,0.0007420595113,0,0,0.01646676717,0.03522786997,0.4674357884,0.006918069676,0.005078685468,0.2658811337,-0.0002186308411,-0.07381447748,1,0,0
2017-10-25,-0.2903913615,0.1857533851,5.761007836e-06,25.54426991,33.38606769,-1.341359901,61.34548661,0.003930155406,32.38262986,80,0.6165198228,0.1239279678,49.11215299,571865470000,0.48806443,-0.0002508746099,0.002141633635,2.860937299e-16,1.88,111.3904,51.97,11.22999954,12.94999981,100.1600037,11.09000015,15,57.36000061,83,100,-0.55185,0.0051334,347.48596,0.0889336,0.090154,0.088749,0.089078,0.0889135,0.0895438,0.0952365,0.095544,0.09539025,19.4,16.2,31.34,30.92,47.9625,47.7,-0.926048015,0.06794399234,-0.02566834435,0.3824125487,0.07195,0.113408,0.0718274,0.1208942,0.0760495,0.1287225,0.04513126923,0.04553620649,-0.0004049372652,-0.008932419358,0.06105878857,0.03921696894,0.02184181963,0.4427276128,0.06410013745,0.06938358008,-0.005283442625,-0.07920373294,0.4379640907,0.0012204,-0.4473289526,0.0037655,0.082916,0.01107331832,0.005832064381,0.004285218611,0.002772213142,-0.5091987613,0.006817,0.0981336,-0.5144551013,0.00699575,0.105346,0.1531612054,-0.03055283999,100.1600037,5.820007324,0.01262393036,-0.1904823818,0.1531612054,-0.03055283999,0.1583011754,-0.05646387913,0.02210368737,0.03973898579,0.3574180455,-0.03257877997,-0.004673955687,1,0.004673955687,0.02379989183,0.03726570985,0.6386539241,0.005544406077,0.004006435424,0.2773914161,-0.001072250043,0.01151028242,0,0,0
2017-11-01,0.4010275335,0.5952306666,9.771079447e-06,64.70653575,18.57986461,-0.9384327165,67.25157413,0.004495309897,27.83184425,100,0.925998973,-0.3412178071,64.19450914,583678710000,0.8492288108,0.004984899733,0.00346799879,2.862427303e-16,1.88,111.7942,54.32,10.19999981,12.56999969,92,9.289999962,14.75,49.93999863,76,101,-0.56887,0.005665,350.06104,0.0798854,0.0823872,0.068276,0.0737,0.070988,0.0811363,0.092991,0.093608125,0.0932995625,12.65,16,26.16,30.86,48.69375,45.98125,-0.8453171893,0.06785811984,-0.02325878173,0.7222975613,0.06372,0.09241,0.0709746,0.1082838,0.076261125,0.12366575,0.04163485411,0.06300597967,-0.02137112557,-0.4142919818,0.05999683552,0.04575184354,0.01424499197,0.2710597325,0.07259061461,0.07095921815,0.001631396464,0.02273031842,0.56388871,0.0025018,-0.3675142509,0.007077,0.05738,0.008310768424,0.001069542669,0.003669597723,-0.002762549895,-0.4162616647,0.0084929,0.0746184,-0.4742196366,0.006663875,0.09480925,0.2323529343,0.07919172886,92,-8.160003662,0.09795477407,0.08533084371,0.2323529343,0.07919172886,0.1734288272,0.01512765185,0.0268085051,0.03931518558,0.405429655,0.04801160953,0.001590844108,0,0,0.02636785097,0.0425401472,0.6198345025,0.006555600325,0.004462369138,0.3193042717,0.0004559337134,0.04191285562,0,0,0
2017-11-08,0.337133518,1.644566258,8.253607455e-06,-1.505116028,-32.03173177,0.008405314006,72.50911739,0.00501083133,27.1465308,96,0.940750569,0.7913697638,64.97377213,594922790000,1.146203969,0.006996970603,0.003304377493,2.340953234e-16,1.87,111.6935,56.82,9.779999733,12.88000011,97.73999786,8.279999733,15.21000004,43.97000122,67,104,-0.58502,0.0056346,351.4667,0.0801238,0.082123,0.056948,0.06353,0.060239,0.0811234,0.09720266667,0.09793233333,0.0975675,10.65,13.8,26.7,30.47,51.41666667,47.91666667,-0.8485765979,0.06773616432,-0.02325508451,0.5859761067,0.052486,0.079071,0.07046,0.1073188,0.07917266667,0.1269876667,0.06913741122,0.04513126923,0.02400614199,0.4265206539,0.06668924567,0.04270342893,0.02398581674,0.4457644857,0.1268079678,0.06076528486,0.06604268297,0.7356552245,0.5264008773,0.0019992,-0.4041594138,0.0055395,0.05317,0.007741256635,0.001591905659,0.005826997212,-0.0005695117885,-0.4146591157,0.007766,0.0737176,-0.463862269,0.005512666667,0.09563,0.3169734628,0.08462052849,97.73999786,5.739997864,0.1811594261,0.08320465206,0.3169734628,0.08462052849,0.1809006136,0.007471786371,0.02532363729,0.03615408075,0.4119157005,0.006486045496,0.001442613932,0,0,0.02529970734,0.03832677471,0.6601053058,0.006869274207,0.005045691365,0.2654695078,0.0005833222269,-0.05383476392,0,0,0
2017-11-15,0.4790590439,1.000719028,9.424268698e-06,14.77309744,-0.1675354791,-3.739289338,48.39808518,0.005637988322,20.64306953,36,0.2129318706,-0.06821282401,64.02209191,583763980000,-0.3191023382,-0.005986496271,0.002734710707,2.689029088e-16,1.85,111.4809,55.28,13.13000011,14.65999985,106.2699966,11.72999954,16.71999931,48,65,108,-0.59646,0.004449,354.4826,0.10048,0.101696,0.090087,0.093334,0.0917105,0.101088,0.114593,0.115023,0.114808,17.65,20.4,34.8,36.9,59.1125,56.1125,-1.066486222,0.06911016057,-0.02897660372,0.4509892641,0.073609,0.123907,0.081117,0.13542,0.08907675,0.15099825,0.07204614872,0.04163485411,0.03041129462,0.5483692126,0.06412994475,0.04760782701,0.01652211774,0.297914231,0.1542413492,0.04991543245,0.1043259167,1.128188355,0.4709542874,0.001216,-0.5093055752,0.0070475,0.100596,0.01497318511,0.006677354734,0.01068932647,0.007231928473,-0.5015586251,0.0071805,0.108606,-0.5158512965,0.0052295,0.123843,0.116527016,-0.2004464468,106.2699966,8.529998779,0.1193521421,-0.06180728403,0.116527016,-0.2004464468,0.1405183825,-0.04038223109,0.03491959817,0.0379002163,0.4795342919,0.06761859138,-0.005540998742,1,0.005540998742,0.03532045779,0.03768588959,0.9372329584,0.007905765937,0.005639260745,0.2866901462,0.0005935693804,0.02122063841,1,0,0
2017-11-22,0.5407967301,0.04524539679,1.468066562e-05,-7.640673492,-7.678113004,-1.021827897,62.4688278,0.005421456263,18.80244588,76,0.8815773051,-0.351975372,70.4909974,587394970000,0.229637092,0.005087170377,0.004027493072,2.947201461e-16,1.84,110.5632,57.88,9.880000114,12.43999958,86.41999817,7.869999886,14.85000038,46.88000107,58,105,-0.60341,0.0056238,364.1115,0.0773838,0.0785598,0.060678,0.063576,0.062127,0.0779718,0.09316371429,0.09415685714,0.09366028571,13.725,12.4,29.9,27.04,46.77857143,49.00714286,-0.8449532457,0.07010017019,-0.02235180667,0.283543195,0.0543155,0.0773685,0.0651612,0.0996672,0.07629814286,0.1236277143,0.06956912013,0.06913741122,0.0004317089121,0.006224801412,0.06485214936,0.05352969741,0.01132245195,0.191873462,0.1579102345,0.05292620966,0.1049840248,1.093128062,0.6865263777,0.001176,-0.3501260594,0.003715,0.046106,0.006896011721,-0.0009202175006,0.005971065451,-0.008077173387,-0.418689983,0.0044424,0.069012,-0.4734712368,0.006302642857,0.09465914286,0.2591092547,0.1425822387,86.41999817,-19.84999847,0.2554002869,0.1360481448,0.2591092547,0.1425822387,0.1937299745,0.05321159197,0.0353810225,0.03296925651,0.5176426931,0.03810840127,-0.0007505427033,1,0.0007505427033,0.02944249063,0.04953115887,0.5944236175,0.008684002448,0.005818573943,0.3299663401,0.000179313198,0.0432761939,0,0,0
2017-11-29,0.7990204412,0.9532371846,1.405049698e-05,-3.910950653,3.601944985,2.512696986,71.4865602,0.005715742391,23.70531397,96,1.092495141,-0.2106974094,62.11346891,585165850000,1.695001305,0.0136931796,0.003837573853,3.128105907e-16,1.84,110.3265,57.25,10.69999981,12.81999969,89.56999969,10.15999985,15.17000008,45.54000092,59,103,-0.60614,0.0051,362.7309,0.085553,0.085742,0.080623,0.081439,0.081031,0.0856475,0.09662385714,0.09654928571,0.09658657143,17.25,16,33.1,29.2,51.61428571,48.07142857,-0.9246129392,0.06906344842,-0.02455169676,0.5044409613,0.076573,0.094195,0.073562,0.107388,0.07899557143,0.1257297143,0.0576142995,0.07808062963,-0.02046633013,-0.3039712139,0.06387524023,0.05973672466,0.004138515565,0.06698482468,0.1638665541,0.05182731637,0.1120392377,1.151135049,0.6974719013,0.000189,-0.2063852712,0.004353,0.035244,0.007880523318,0.0004694382375,0.006642895058,0.0009845115973,-0.3738712351,0.0048275,0.067652,-0.4565546722,0.005776071429,0.09346828571,0.198130834,-0.06097842073,89.56999969,3.150001526,0.05314960334,-0.2022506836,0.198130834,-0.06097842073,0.1833073664,-0.01042260806,0.0325178936,0.03931162211,0.4527093532,-0.06493333991,-0.0003692938828,1,0.0003692938828,0.02723253678,0.05357719569,0.5082859681,0.01056332603,0.006994849757,0.3378174889,0.001176275814,0.007851148765,0,1,0
2017-12-06,0.9219708901,0.04885343045,1.840188542e-05,65.2507568,-20.10653342,1.914130803,64.76895147,0.006893249886,25.83113889,48,0.7598491145,-0.06416963631,64.03877044,575354130000,1.955131937,0.005002778224,0.004120362927,3.457253338e-16,1.86,110.8711,55.79,11.02000046,13.44999981,98.16999817,10.89999962,15.30000019,49.31999969,55,102,-0.60705,0.0048544,365.66774,0.0894224,0.089332,0.08126,0.081847,0.0815535,0.0893772,0.1006423333,0.1012973333,0.1009698333,16.75,16.75,34.78,31.02,53.56666667,50.95,-0.972689248,0.06953788314,-0.02562059887,0.7805496066,0.07489,0.099837,0.0739558,0.1146612,0.08020533333,0.1332973333,0.06544575103,0.06995231235,-0.004506561319,-0.06659218682,0.06604044954,0.06294416156,0.003096287975,0.04801941711,0.1687320046,0.05074233724,0.1179896674,1.201551069,0.7042530037,-9.04e-05,-0.2855540357,0.00581,0.049894,0.008182073534,0.001757647359,0.007620122454,0.0003015502157,-0.4316196313,0.0049313,0.0814108,-0.4973427342,0.0057815,0.106184,0.220508099,0.022377265,98.16999817,8.599998474,0.01100925169,-0.04214035165,0.220508099,0.022377265,0.1375464987,-0.0457608677,0.03870093669,0.05260485396,0.4238607039,-0.02884864938,-0.0001141121705,1,0.0001141121705,0.03136690991,0.05946288448,0.5275040083,0.01252664466,0.008564677186,0.3162832173,0.00156982743,-0.0215342716,0,0,0
2017-12-13,0.4890361175,-0.5946638281,1.831929466e-05,9.574659549,-13.62499099,2.563675125,73.85187026,0.006600046224,28.37944888,76,0.8502659119,-1,71.7086798,584919970000,2.361409447,0.009119539462,0.003722576978,3.766638551e-16,1.88,111.2759,56.59,10.18000031,12.5,95.55999756,9.350000381,14.71000004,45.02999878,57,101,-0.60759,0.005329,375.1002333,0.079445,0.07811,0.07638,0.0723305,0.07435525,0.0787775,0.0932785,0.09395575,0.093617125,16.2,15.85,31.31666667,27.88333333,50.2875,47.525,-0.8794481736,0.07043209969,-0.02258272972,0.9605379579,0.073452,0.0848645,0.069478,0.09816433333,0.075777,0.12380375,0.06207084312,0.0576142995,0.004456543616,0.07450557154,0.07613230063,0.0581077439,0.01802455674,0.270173684,0.1726250609,0.05186491184,0.1207601491,1.202479476,0.7376185319,-0.001335,-0.1441732226,0.004803,0.022825,0.006986730721,0.002209295696,0.006074197013,-0.001195342813,-0.3422325705,0.005043666667,0.05737266667,-0.4812763756,0.00617325,0.0960535,0.2278978021,0.007389703128,95.55999756,-2.61000061,0.08877004169,0.07776079,0.2278978021,0.007389703128,0.1768000031,0.03925350434,0.03263216546,0.05392106662,0.3770184507,-0.04684225317,-0.0004730689702,1,0.0004730689702,0.02702198427,0.06437658052,0.4197486734,0.01169656516,0.008320055261,0.2886753379,-0.0002446219251,-0.02760787934,1,0,0
2017-12-20,0.4656233028,-0.8810523636,1.827450257e-05,-25.86077977,8.226667059,2.009740721,69.40436583,0.006673758533,30.30676493,88,0.8280475322,-0.5785351466,59.22978328,584287980000,1.508276736,0.007998378282,0.002708429681,3.3862445e-16,1.92,110.8361,58.09,9.720000267,12.36999989,92.86000061,8.340000153,14.43999958,49.95000076,62,99,-0.61019,0.0053612,375.76544,0.078665,0.0775164,0.073008,0.062813,0.0679105,0.0780907,0.09161011111,0.09261177778,0.09211094444,16.85,13.55,31.88,27.04,50.17222222,46.55,-0.8733269716,0.0701251171,-0.02238588488,0.6123850153,0.064449,0.07925,0.0674096,0.0977072,0.07581688889,0.1205901111,0.0660206989,0.06544575103,0.0005749478761,0.008746741727,0.1597451752,0.0666485946,0.09309658062,0.8741459306,0.1741833529,0.05582051685,0.118362836,1.137967009,0.8534767213,-0.0011486,-0.2060000418,0.003939,0.029602,0.005005805357,0.0003286896825,0.005368495986,-0.001980925363,-0.3669838563,0.0044677,0.0605952,-0.4559228767,0.006092555556,0.08954644444,0.2726336981,0.04473589603,92.86000061,-2.699996948,0.1654676366,0.0766975949,0.2726336981,0.04473589603,0.1673403164,-0.009459686643,0.02783579073,0.06032958099,0.3157224904,-0.06129596024,-0.0008282360736,1,0.0008282360736,0.02462568837,0.06414773394,0.3838902305,0.0120724758,0.007630440637,0.3679473238,-0.0006896146243,0.07927198588,0,0,0
2017-12-27,0.707490057,-0.4679144605,1.747776241e-05,-27.53056753,-0.7097695274,-0.4112419014,68.7850224,0.004823100458,29.94877486,76,0.7719088238,0.1025901473,68.55899681,585412320000,1.173679698,0.004648622662,0.00172889941,2.802858811e-16,1.94,110.8553,59.67,10.47000027,12.64999962,97.08000183,9.710000038,14.73999977,47.72999954,53,99,-0.61597,0.005287,371.186,0.080936,0.081751,0.068577,0.0669395,0.06775825,0.0813435,0.095869,0.096826,0.0963475,14.55,14.875,30.5,29.9,50.51666667,50.16666667,-0.8986181069,0.0691834848,-0.02331816645,0.7919428863,0.0577135,0.0897135,0.067572,0.108151,0.07831066667,0.1286913333,0.06755967579,0.06221049442,0.005349181376,0.08248758709,0.2059292906,0.06530444353,0.1406248471,1.148472778,0.1951455649,0.05521346896,0.139932096,1.262538841,0.8028231331,0.000815,-0.4341131543,0.00595525,0.064,0.006697420214,0.0007210348277,0.006234313601,0.001691614857,-0.4618518919,0.006518,0.081158,-0.4867650232,0.0071535,0.1007613333,0.2082138774,-0.06441982077,97.08000183,4.220001221,0.07826984819,-0.08719778841,0.2082138774,-0.06441982077,0.1652174083,-0.00212290806,0.0297922084,0.05248707752,0.3620863753,0.04636388488,0.0007906283102,0,0,0.02478390174,0.05393556853,0.4595094187,0.01199817834,0.007733507993,0.3554431535,0.0001030673558,-0.01250417029,0,1,1
2018-01-03,0.4947955929,-0.1914689423,1.518372279e-05,-10.80419289,12.76234451,-0.01223857488,72.53724989,0.005202332447,29.14591755,100,0.9888856867,0.8421625438,62.10047549,592080910000,2.302029351,0.01172501926,0,3.666614581e-16,1.98,109.6751,61.61,9.149999619,12.31999969,94.40000153,7.849999905,14.40999985,47.59999847,50,99,-0.6236,0.0059656,368.99098,0.0722428,0.0749214,0.058181,0.061262,0.0597215,0.0735821,0.0900972,0.0913838,0.0907405,12.05,13.95,26.22,27.84,47.28333333,47.99,-0.8080693806,0.06800273123,-0.02109364445,0.7377421973,0.0555915,0.0733755,0.063739,0.0960454,0.07450253333,0.1220610667,0.06983524682,0.06476837067,0.005066876152,0.07532147386,0.214158531,0.06463879849,0.1495197325,1.197901714,0.2039488534,0.05873704253,0.1452118109,1.244798668,0.8784581915,0.0026786,-0.2757914815,0.004762,0.035568,0.004194075031,-0.0006282842769,0.004783798176,-0.002503345183,-0.4043748952,0.0063101,0.0646128,-0.4838996979,0.0075413,0.09511706667,0.3464481102,0.1382342329,94.40000153,-2.680000305,0.1656050611,0.08733521292,0.3464481102,0.1382342329,0.1696428737,0.004425465382,0.02460551793,0.05393962149,0.3132659527,-0.04882042261,0.006378433244,0,0,0.02978379197,0.05905123497,0.5043720421,0.01157634505,0.00739817078,0.3609234393,-0.0003353372129,0.005480285831,0,0,0
2018-01-10,0.1491141491,-0.5384933459,1.563835354e-05,15.94041063,16.76018116,4.184979892,77.63952272,0.00481529495,35.33177726,88,0.9345106655,0.6512795031,67.57822391,602151250000,2.371326152,0.01427917905,0,3.580995251e-16,2.03,109.6277,63.6,9.819999695,12.35999966,93.69999695,7.849999905,14.31000042,49.16999817,57,95,-0.62933,0.00528,380.1113,0.079075,0.080734,0.070171,0.070975,0.070573,0.0799045,0.0931648,0.0942834,0.0937241,15.45,15.925,29.9,30.85,50.08,49.62,-0.9039465289,0.06915565655,-0.02290573889,0.3555131062,0.0676775,0.079597,0.071916,0.098423,0.0795464,0.1211942,0.07125131618,0.06466669144,0.006584624732,0.09696703808,0.2192438765,0.06512508754,0.154118789,1.213874857,0.2117531079,0.05981399579,0.1519391121,1.264181334,0.8150365441,0.001659,-0.1618678047,0.00306425,0.023839,0.005401962374,0.0007987673467,0.005206492829,0.001207887343,-0.3112264367,0.005265,0.053014,-0.4149414717,0.0066462,0.0832956,0.2586558086,-0.08779230158,93.69999695,-0.7000045776,0.2509553903,0.08535032923,0.2586558086,-0.08779230158,0.1577670564,-0.01187581733,0.02473898684,0.05193717472,0.3226424789,0.009376526171,-0.001112845812,1,0.001112845812,0.0269382217,0.06123017117,0.4399501289,0.01188920742,0.007647930398,0.3567333696,0.000249759618,-0.004190069714,0,0,0
2018-01-17,-0.005013993844,-1.112956233,1.785182881e-05,79.05354275,9.070034537,5.981893219,81.34096889,0.006461433477,41.13312211,96,1.007054845,0.687372223,87.10435565,608811620000,4.279750919,0.02300110638,0.002129741068,4.2342654e-16,2.04,108.1526,63.92,11.90999985,13.25,102.6299973,11.65999985,14.88000011,45.88000107,52,94,-0.62832,0.004595,383.1005,0.0901445,0.0915615,0.090138,0.090868,0.090503,0.090853,0.1015893333,0.1022586667,0.101924,19.1,20.55,33.725,35.925,56.75,53,-1.035887789,0.06834831368,-0.02604354245,0.3269899688,0.085918,0.10406,0.0824695,0.109873,0.087659,0.127662,0.1046149018,0.0661827593,0.03843214251,0.4578660107,0.2259587258,0.06594796533,0.1600107604,1.231486326,0.2136187555,0.06487014005,0.1487486154,1.191805484,0.7258754838,0.001417,-0.1909905357,0.004486,0.036284,0.009835675506,0.00381063538,0.006180366706,0.004433713132,-0.284944825,0.00531825,0.054807,-0.3715661733,0.0057365,0.080006,0.1125105096,-0.146145299,102.6299973,8.930000305,0.02144082361,-0.2295145667,0.1125105096,-0.146145299,0.1230188766,-0.03474817984,0.02722788312,0.06237786676,0.3038631243,-0.01877935455,0.009371006207,0,0,0.02588937423,0.07077312812,0.3658079686,0.01129106367,0.006941929535,0.38518374,-0.0007060008631,0.02845037033,1,0,0
2018-01-24,-0.1199824977,-1.035351519,1.806015502e-05,62.34770381,17.82470168,5.922583816,83.03180169,0.00686434471,49.62958753,100,0.8863423424,-0.09587924712,93.09496404,611783900000,3.440939798,0.01992189533,0.003444954128,4.422492691e-16,2.07,107.0801,65.69,11.47000027,13.52999973,99.76999664,11.44999981,15.25,54.11000061,57,94,-0.61898,0.0041516,386.06832,0.0992514,0.099961,0.099461,0.093319,0.09639,0.0996062,0.104727,0.10552,0.1051235,21.65,21.1,38.46,38.49,59.25,55.7,-1.144488045,0.06802870092,-0.02855197818,0.7801666071,0.093395,0.107144,0.0909908,0.1177416,0.090747,0.131032,0.262455344,0.07353408457,0.1889212594,1.272331915,0.2280302628,0.06595323959,0.1620770233,1.240532352,0.2154261487,0.06426854176,0.1511576069,1.209547884,0.6621399028,0.0007096,-0.1371204604,0.0038795,0.027498,0.008806260801,0.003883770506,0.006920504792,-0.001029414705,-0.2563167002,0.00476,0.0535016,-0.3632895811,0.005766,0.08057,0.1795989031,0.06708839341,99.76999664,-2.86000061,0.001746764899,-0.01969405871,0.1795989031,0.06708839341,0.1271249299,0.004106053296,0.02631219523,0.06492684981,0.2883874466,-0.01547567776,-0.0005601325472,1,0.0005601325472,0.02374856946,0.07558335772,0.3142036842,0.01032207633,0.005972246514,0.4214103514,-0.0009696830207,0.03622661146,0,0,0
2018-01-31,-0.6650460839,0.233402991,3.290605425e-05,4.754968293,-4.57583733,-1.454808425,64.58086391,0.008436942601,52.71174042,72,0.662857271,-0.1784872948,77.50722927,615808460000,1.348414655,0.002404943259,0,4.700008785e-16,2.11,106.7695,64.82,13.53999996,14.89999962,108.4100037,13.85999966,16.05999947,57.20000076,58,91,-0.60186,0.0035656,380.47992,0.1170902,0.1176022,0.117201,0.11763,0.1174155,0.1173462,0.119688,0.1201405,0.11991425,25.8,26,45.23,44.5,68.56666667,63.175,-1.328805738,0.06736995761,-0.03363516596,0.730228002,0.105227,0.13647,0.1011312,0.143142,0.0974825,0.1507485,0.3463968081,0.1046149018,0.2417819063,1.197298956,0.2296931441,0.08084431246,0.1488488317,1.044219025,0.2153865402,0.07256993235,0.1428166079,1.087883594,0.6889384783,0.000512,-0.2585303086,0.003433,0.062486,0.01179735704,0.002842121958,0.009113032272,0.002991096238,-0.3439656909,0.0047904,0.0840216,-0.4291647699,0.00420125,0.106532,0.1004431064,-0.07915579666,108.4100037,8.640007019,-0.02308800164,-0.02483476654,0.1004431064,-0.07915579666,0.07785234075,-0.04927258911,0.04156074916,0.0736161593,0.360842722,0.07245527539,0.0004888658587,0,0,0.04793383421,0.08096104535,0.5920604656,0.0134753524,0.006939549544,0.4850190676,0.0009673030298,0.06360871621,0,1,0
2018-02-07,-1.840560803,4.873193928,0.0001586214222,176.5348844,-39.49256632,-23.89351619,37.47570868,0.01534044346,47.37817407,-28,0.02945012,-0.9857645621,46.4420878,603451070000,-5.341039974,-0.03803714429,0,6.727399294e-16,2.1,107.7173,61.91,27.72999954,23.03000069,159.0299988,32.86000061,21.76000023,66.06999969,69,92,-0.57923,0.0026512,363.38138,0.164534,0.1646706,0.189823,0.185097,0.18746,0.1646023,0.1602344286,0.160429,0.1603317143,42.825,38.45,62.3,57.44,87.15714286,79.55714286,-1.780161039,0.06775306713,-0.04717076339,0.7196331357,0.1572145,0.2458145,0.1391554,0.2160584,0.1287528571,0.211389,0.2490028361,0.262455344,-0.01345250793,-0.05261666323,0.1971115111,0.1684371086,0.02867440245,0.1572071772,0.1932089581,0.1270181783,0.0661907798,0.4194420752,1.023297418,0.0001366,-0.4396705944,0.0140545,0.1772,0.04852422791,-0.033741556,0.009572640985,0.03672687087,-0.4329955649,0.0130046,0.153806,-0.4858922307,0.009739214286,0.1652722857,-0.169491487,-0.2699345933,159.0299988,50.61999512,-0.156116889,-0.1330288874,-0.169491487,-0.2699345933,-0.05514548067,-0.1329978214,0.07079234046,0.191591001,0.2698050115,-0.0910377105,-0.005014138224,1,0.005014138224,0.1745562483,0.09449973092,1.847161326,0.03724432172,0.008873262169,0.7617553023,0.001933712625,0.2767362347,0,0,0
2018-02-14,-1.362806011,1.673529769,0.0002473431376,179.5146373,-22.07535711,-16.51636544,46.6878027,0.02196961488,47.47917399,-40,0.3341086951,0.8696142733,31.55442951,615392040000,-5.428369244,-0.007761903258,0,8.66306936e-16,2.09,107.4693,60.7,19.26000023,19.34000015,124.4899979,18.72999954,19.75,69.51999664,74,99,-0.55415,0.002967,368.8189,0.144874,0.145447,0.152673,0.1538195,0.15324625,0.1451605,0.1484014286,0.1493779286,0.1488896786,32.475,34.375,53.15,53.95,78.28214286,77.15714286,-1.59339095,0.06833446971,-0.04160303636,0.5836617893,0.137742,0.1863765,0.126456,0.185826,0.1224019286,0.1918042143,0.1725278018,0.3463968081,-0.1738690063,-0.6970265687,0.1893223814,0.2120737768,-0.02275139536,-0.1134829341,0.1719326993,0.1556880588,0.01624464047,0.0992487347,1.460960639,0.000573,-0.300103203,0.008813,0.097269,-0.00788052591,-0.09650633551,-0.002070635261,-0.05640475382,-0.3802332507,0.0109805,0.11874,-0.4417627554,0.008213392857,0.1388045714,0.004153682386,0.1736451693,124.4899979,-34.54000092,0.02829688733,0.1844137763,0.004153682386,0.1736451693,0.02119957829,0.07634505897,0.07980525866,0.2469273558,0.2442525023,-0.02555250917,0.01331343981,0,0,0.2207725591,0.1188662959,1.857318404,0.05338266192,0.008407375129,0.842507383,-0.0004658870398,0.08075208066,1,0,0
2018-02-21,-1.233109914,1.357884947,0.0002569757005,-15.43277841,-22.37561747,-1.427892859,46.82263073,0.02278876317,40.4708153,-40,0.3911503854,-0.9982764057,38.28176045,615299140000,-2.201192821,0.004213142304,0,9.039304919e-16,2.12,107.8679,61.73,20.02000046,20.03000069,125.7300034,20.01000023,20.13999939,61.15999985,68,98,-0.53484,0.0028434,365.99912,0.1523016,0.1477896,0.170531,0.152362,0.1614465,0.1500456,0.1539427143,0.1533832857,0.153663,37.45,30.7,59.28,50.82,84.49285714,74.3,-1.634421356,0.0677442445,-0.0430021691,0.3054822177,0.143238,0.192908,0.1262188,0.1880204,0.1229500714,0.1976147857,0.1675867866,0.2507810748,-0.08319428817,-0.4030790003,0.2034128952,0.2139972974,-0.01058440222,-0.05072550624,0.1701378804,0.1579102345,0.0122276459,0.07458243399,1.42621508,-0.004512,-0.2955263487,0.0066265,0.09934,-0.00571480148,-0.03682617512,-0.001323324581,0.00216572443,-0.3933411236,0.007074,0.1236032,-0.4658321873,0.006619428571,0.1493294286,0.0004995119207,-0.003654170465,125.7300034,1.240005493,0.0004997615576,-0.02779712577,0.0004995119207,-0.003654170465,0.005491697415,-0.01570788088,0.08332355323,0.2465641025,0.252581604,0.008329101687,-0.005511664483,1,0.005511664483,0.2225371379,0.1217800326,1.82736967,0.05421984794,0.008425004627,0.8446140123,1.762949794e-05,0.002106629279,0,0,0
2018-02-28,-1.067891148,0.7891164881,0.0002785058541,-30.73731067,8.569991762,4.998239904,48.07487619,0.01843940034,31.11518114,-40,0.5114620646,-0.9879099966,46.06872269,617660070000,3.599092498,0.00760588631,0,1.025850258e-15,2.12,108.3901,61.43,19.85000038,19.88999939,121.6999969,19.19000053,19.98999977,62.97000122,62,101,-0.51872,0.002934,369.01272,0.146661,0.1467112,0.153156,0.148711,0.1509335,0.1466861,0.150262,0.150923,0.1505925,32.7,31.3,56.24,52.15,78.925,78.175,-1.610983237,0.0679874421,-0.04203999054,0.228348066,0.132743,0.187619,0.1242636,0.18901,0.122679,0.197613,0.1410958708,0.1700331457,-0.0289372749,-0.1865537986,0.2073381481,0.2251576869,-0.01781953874,-0.08244996097,0.1625104194,0.1649083036,-0.002397884231,-0.01464746476,1.534962664,5.02e-05,-0.3425874479,0.0092475,0.109752,-0.01129373244,-0.006130349216,-0.004516647546,-0.00557893096,-0.4133536947,0.0099507,0.1294928,-0.4679105316,0.0095535,0.149868,0.002015063346,0.001515551425,121.6999969,-4.030006409,0.03439290407,0.03389314251,0.002015063346,0.001515551425,0.00502767142,-0.0004640259958,0.08255792057,0.2581015953,0.2423473196,-0.0102342844,-0.01115780608,1,0.01115780608,0.2259647026,0.1341605707,1.684285491,0.0587478252,0.00805184125,0.8629423094,-0.0003731633767,0.01832829714,0,1,0
2018-03-07,-1.23080184,2.104121084,0.0001850131643,-13.83850418,-5.211464513,2.299570442,50.75550105,0.01503671952,28.01123864,-28,0.646096803,0.7366573331,40.67957052,620752810000,-0.1983706266,0.001842492311,0,8.826557134e-16,2.13,108.0916,61.09,17.76000023,18.84000015,99.48999786,16.70999908,19.44000053,63.34999847,64,105,-0.50329,0.0030896,366.88072,0.1397842,0.140194,0.138767,0.139757,0.139262,0.1399891,0.1475128182,0.1474979091,0.1475053636,30.45,28.85,53.73,49.6,80.62727273,74.75,-1.528550649,0.06727312601,-0.04012180685,0.528626548,0.121323,0.167903,0.1165058,0.1750648,0.1182655455,0.1888982727,0.1301571701,0.1675867866,-0.03742961651,-0.2527586251,0.2051118424,0.2274337666,-0.02232192423,-0.1033036573,0.164260092,0.1686817377,-0.004421645754,-0.0265626325,1.624653395,0.0004098,-0.3221010559,0.005351,0.09316,-0.02018435738,-0.008691426413,-0.006695696345,-0.008890624942,-0.4016797304,0.0057962,0.117118,-0.4599026519,0.006076545455,0.1412654545,0.06081080573,0.05879574239,99.48999786,-22.20999908,0.0628366967,0.02844379264,0.06081080573,0.05879574239,0.03184715375,0.02681948233,0.06912597787,0.2095964125,0.2480101358,0.005662816172,-0.0004839918257,1,0.0004839918257,0.1596080368,0.1271054881,1.255713181,0.06043872934,0.008712611148,0.855843906,0.0006607698983,-0.007098403403,0,0,0
2018-03-14,-0.01858292364,-0.9685409736,8.887088958e-05,-18.31060897,-3.513115709,6.374718908,52.46031178,0.01432245647,21.11160304,84,0.6474738843,-0.6883554747,47.21735451,617399840000,-1.08361333,0.004661948604,0,7.879251379e-16,2.07,107.8625,60.89,17.22999954,18.78000069,110.2900009,17.28000069,19.39999962,57.84999847,55,109,-0.48675,0.0031862,373.66806,0.1333004,0.1343912,0.123385,0.124612,0.1239985,0.1338458,0.1444382727,0.145559,0.1449986364,26.5,26.75,51.21,48.91,78.20454545,75.60909091,-1.488508941,0.06795249647,-0.03836207251,0.3986394837,0.114034,0.150564,0.1143546,0.1684328,0.1183489091,0.1866861818,0.239539167,0.1410958708,0.09844329623,0.5292773461,0.203930811,0.2297241448,-0.02579333379,-0.119098444,0.1603773125,0.1728529003,-0.01247558778,-0.07491170322,1.716334355,0.0010908,-0.2761169775,0.0083005,0.07306,-0.02308589429,-0.004532416756,-0.008853520594,-0.002901536909,-0.3824654139,0.0075479,0.1081564,-0.4480617133,0.007518909091,0.1366745455,0.089959442,0.02914863626,110.2900009,10.80000305,-0.002893584631,-0.06573028134,0.089959442,0.02914863626,0.03301378643,0.001166632685,0.06134182119,0.1595569383,0.277692013,0.02968187728,-0.005740969825,1,0.005740969825,0.08754363612,0.1220030901,0.7175526129,0.06123682086,0.008463638145,0.8617884138,-0.0002489730032,0.005944507792,1,0,0
2018-03-21,0.2211573938,-0.5728232007,8.669909966e-05,-29.72526002,4.630253362,-2.949928651,45.74409643,0.01177443725,19.87453941,76,0.3032119071,-0.8541803572,58.25783897,615795620000,-0.3311359295,-0.009054606164,0,7.146653584e-16,2.09,108.4953,65.1,17.86000061,18.70999908,106.5999985,18.52000046,19.48999977,55.72000122,58,111,-0.46956,0.003078,369.83855,0.13883975,0.1387315,0.1424825,0.132541,0.13751175,0.138785625,0.147954,0.148791,0.1483725,33.225,27.125,55.675,47.4375,81.65,73.2,-1.527627212,0.06818733338,-0.0397770848,0.207150931,0.1160625,0.168753,0.1134615,0.17384525,0.11798,0.189339,0.2954727892,0.1301571701,0.1653156191,0.8198340276,0.2022249737,0.1832777774,0.01894719633,0.09837789775,0.1577878378,0.1742011892,-0.01641335141,-0.09895955914,1.32058185,-0.00010825,-0.3699974194,0.004896,0.105381,-0.001692781491,0.001968592451,-0.008331655576,0.0213931128,-0.4203434134,0.00486775,0.1207675,-0.4643969296,0.005287,0.142718,0.04759229816,-0.04236714384,106.5999985,-3.690002441,-0.03563713991,-0.03274355528,0.04759229816,-0.04236714384,0.04168897514,0.008675188704,0.05600898532,0.1469560392,0.2759538765,-0.001738136542,-0.001845692126,1,0.001845692126,0.09735524536,0.1044047434,0.9324791398,0.03995779931,0.006367055641,0.8406554978,-0.002096582504,-0.02113291602,0,0,0
2018-03-28,0.3322667207,0.4482161068,0.000160977761,39.97609432,-3.970372859,-15.08586014,37.05248982,0.01677432864,26.07389129,-32,0.05431929161,-0.3968179576,44.02610213,604101820000,-6.396648902,-0.03734143824,0.007337918154,9.261353271e-16,2.05,107.5733,64.3,22.87000084,22.30999947,114.0199966,24.94000053,22.29000092,58.34999847,49,116,-0.45302,0.0023846,353.94312,0.1878342,0.1886808,0.2085445,0.208809,0.20867675,0.1882575,0.1869095,0.1877495,0.1873295,44.65,43.2,67.92,65.42,95.3,92.375,-1.983108539,0.06793533973,-0.05394292001,0.6359511721,0.1843705,0.243402,0.1591268,0.2273308,0.1523165,0.232607,0.2272334558,0.239539167,-0.01230571124,-0.05273901153,0.1588413844,0.1890821142,-0.03024072979,-0.1742752654,0.1263231708,0.1980727506,-0.07174957982,-0.4497909197,1.004380246,0.0008466,-0.2759948337,0.0052095,0.118063,0.01655164792,-0.01383302656,-0.004140472961,0.01824442941,-0.3529701577,0.0049713,0.136408,-0.4171764,0.00513225,0.160581,-0.02448628565,-0.0720785838,114.0199966,7.419998169,-0.08299918406,-0.04736204415,-0.02448628565,-0.0720785838,-0.0008963940338,-0.04258536917,0.07309200501,0.1784107304,0.2906211136,0.01466723705,-0.002920918899,1,0.002920918899,0.1537008842,0.1225869881,1.253810755,0.04267114564,0.006919099719,0.8378506221,0.0005520440775,-0.002804875674,0,1,1
2018-04-04,0.126200105,-0.0682843443,0.0001845886517,100.0999933,33.50140133,-7.056649526,45.77549765,0.01975736711,27.63651808,-52,0.3330874199,0.8643890881,50.50984313,610803470000,-3.899697602,-0.007146842973,0.01257945015,1.106144465e-15,2.08,107.636,63.35,20.05999947,20.42000008,95.44000244,21.95000076,20.85000038,55.34999847,51,116,-0.44362,0.002633,350.84942,0.1717426,0.1719162,0.197429,0.185945,0.191687,0.1718294,0.171407,0.1721049,0.17175595,41.55,37.65,62.31,58.85,89.055,84.595,-1.794233492,0.06633091591,-0.04924005214,0.4260250905,0.171065,0.212905,0.1467554,0.2057598,0.1398035,0.2121629,0.1711216397,0.2916412439,-0.1205196042,-0.533149783,0.1327823693,0.2027317364,-0.06994936708,-0.4231721425,0.1151140218,0.2064865991,-0.09137257729,-0.5843123837,1.179843126,0.0001736,-0.2179336927,0.000298,0.08368,-0.0008597990723,-0.04831070917,-0.01313660925,-0.01741144699,-0.3347623024,0.0044282,0.1180088,-0.4111722028,0.00422725,0.1447188,0.01794619242,0.04243247807,95.44000244,-18.5799942,-0.08610483969,-0.003105655633,0.01794619242,0.04243247807,0.02105780135,0.02195419538,0.08149485283,0.199126441,0.2904086562,-0.0002124573807,0.01150010235,0,0,0.1666945045,0.138216783,1.20603664,0.04715487562,0.006054718688,0.8715993074,-0.0008643810304,0.0337486853,0,0,0
2018-04-11,0.06241101984,-0.7216690202,0.0002159675059,-13.30690617,-23.33711307,2.16441457,47.03697626,0.02222236742,27.34472462,-52,0.4264636632,-0.7349007694,48.60955206,614322260000,2.083636553,0.005130306044,0.01364776671,1.253927244e-15,2.11,107.1216,66.81,20.23999977,20.37000084,100.0199966,20.37000084,20.79999924,50.5,47,113,-0.44237,0.0026374,350.90682,0.1713176,0.171895,0.176329,0.176194,0.1762615,0.1716063,0.1719687143,0.1729684286,0.1724685714,38,34.75,61.45,59.35,88.87857143,85.37857143,-1.792197054,0.06640453942,-0.04917617681,0.2942560923,0.155757,0.2018,0.1475288,0.2029956,0.1429414286,0.2109567143,0.1234791901,0.226004194,-0.1025250039,-0.6044809157,0.1043376677,0.2077957898,-0.1034581221,-0.6889233733,0.1015422952,0.2138735203,-0.1123312251,-0.7449094004,1.21088672,0.0005774,-0.2575421541,0.002517,0.092086,-0.002213331189,-0.02000977931,-0.01599647457,-0.001353532117,-0.3164789669,0.0036559,0.1109336,-0.3843777487,0.0044805,0.1360305714,0.006422977746,-0.01152321467,100.0199966,4.579994202,-0.00638198639,0.07972285331,0.006422977746,-0.01152321467,0.02110939519,5.159384437e-05,0.09031784912,0.196745751,0.3146266161,0.02421795995,-0.005540685772,1,0.005540685772,0.1839201823,0.1389607986,1.32354005,0.05015977835,0.006980688083,0.8608309623,0.0009259693941,-0.01076834509,0,0,0
2018-04-18,-0.327644259,-0.7592924548,0.0002215385252,-48.51732514,-10.66223192,11.89372514,55.61810385,0.01676751742,23.65907553,-52,0.9271962432,-0.277060471,71.96446451,624098010000,4.909601357,0.02317155128,0.01313718842,1.310128122e-15,2.16,107.1091,68.44,15.60000038,16.79999924,92.41000366,14.64000034,17.93000031,50,45,110,-0.4532,0.003633,370.1163,0.117872,0.119589,0.118079,0.117972,0.1180255,0.1187305,0.129365,0.1308559286,0.1301104643,25.2,24.75,43.6,44.3,68.33928571,66.98214286,-1.307859921,0.06832142699,-0.03403178227,0.1944200029,0.107094,0.141314,0.104147,0.146108,0.1081994286,0.1651457143,0.1123117357,0.1711216397,-0.05880990407,-0.421096288,0.1098208031,0.204475864,-0.09465506088,-0.6215999692,0.1010068809,0.2146758613,-0.1136689804,-0.7539406268,1.722184814,0.001717,-0.2755144762,0.0061785,0.06844,-0.01747437777,-0.01535259694,-0.0291569925,-0.01526104658,-0.3353459471,0.006397,0.083922,-0.4166621372,0.006562107143,0.1138925714,0.07692300168,0.07050002394,92.41000366,-7.609992981,0.06557377156,0.07195575795,0.07692300168,0.07050002394,0.06726197139,0.0461525762,0.0927836285,0.19749318,0.3196384478,0.00501183169,0.0008310204076,0,0,0.1758698014,0.1494802778,1.176541842,0.04885016636,0.0070397874,0.8558902062,5.90993176e-05,-0.004940756088,1,0,0
2018-04-25,-0.4774497523,-0.7467450957,0.0001408293636,-20.35111362,6.897728945,1.465323172,45.19168022,0.01437583825,24.46436538,-28,0.4256218407,0.638362027,42.48475521,620172680000,1.004147894,-0.008580299039,0.008823302763,9.923859391e-16,2.17,109.3443,68,17.84000015,18.22999954,97.80000305,18.70999908,18.98999977,55.20000076,54,111,-0.47208,0.002991,358.18252,0.1475976,0.1501896,0.162485,0.165495,0.16399,0.1488936,0.151041,0.152562,0.1518015,32.2,35.4,50.92,55.85,76.1,77.8,-1.587234668,0.06785301963,-0.04267223512,0.1360414765,0.142305,0.189309,0.1272306,0.1811034,0.125228,0.189586,0.1136811748,0.1234791901,-0.009798015286,-0.08267482251,0.1034567978,0.2014649375,-0.09800813973,-0.666461246,0.09464524185,0.2150281127,-0.1203828709,-0.8206331712,1.353079901,0.002592,-0.2834862219,0.001817,0.094008,-0.008761560506,0.01164560971,-0.02319339387,0.008712817267,-0.3494444336,0.0052734,0.1077456,-0.4088636465,0.0056055,0.128716,0.02186095215,-0.05506204953,97.80000305,5.38999939,-0.04649914348,-0.112072915,0.02186095215,-0.05506204953,0.04168953637,-0.02557243503,0.07947308111,0.1587177712,0.3336529524,0.01401450461,0.001835374233,0,0,0.1297984416,0.1155004876,1.123791287,0.04852144321,0.007933322158,0.8364986358,0.0008935347578,-0.01939157044,0,0,0
2018-05-02,-0.5921120909,0.3331218687,8.93685055e-05,4.975732584,9.877492928,-0.6676780525,44.76963024,0.01213680526,24.29257605,48,0.2795400407,-0.7278060947,34.82891157,622864400000,-1.574782834,-0.01163937158,0.001660989635,7.979694549e-16,2.17,110.1616,67.91,15.97000027,17.26000023,93.79000092,16.53000069,18.31999969,49.04999924,48,115,-0.49034,0.0033042,354.41514,0.135117,0.1377052,0.135797,0.140051,0.137924,0.1364111,0.1406252857,0.1422485714,0.1414369286,26.95,29.8,46.84,50.39,72.25,71.97142857,-1.438873783,0.06723435407,-0.0390969132,0.8311235113,0.121994,0.159717,0.1179288,0.1632352,0.1176615714,0.1747938571,0.09516348063,0.1123117357,-0.01714825504,-0.1656820977,0.0938116277,0.2022054528,-0.1083938251,-0.7679954624,0.09258761362,0.1949704474,-0.1023828338,-0.7446926248,1.482324039,0.0025882,-0.2678134684,0.0029315,0.075446,-0.01538295428,0.006409103807,-0.01800907059,-0.006621393771,-0.3222773897,0.0041709,0.0906128,-0.3907076439,0.004790785714,0.1142645714,0.08077645212,0.05891549997,93.79000092,-4.010002136,-0.03387782192,0.01262132156,0.08077645212,0.05891549997,0.06141364148,0.01972410511,0.06303280352,0.1132862179,0.3574929297,0.02383997728,-0.007231951201,1,0.007231951201,0.1087219741,0.09376693346,1.159491625,0.04890290979,0.008015864662,0.836086141,8.254250398e-05,-0.0004124948247,0,0,0
2018-05-09,0.0568664439,-0.7053322954,5.210770974e-05,-11.40880211,-1.126097379,4.515427737,56.69039852,0.01257353554,22.46115488,40,0.8499491906,0.7434600675,34.9449358,625767490000,1.029850675,0.01530902923,0,6.382692375e-16,2.18,110.8807,71.16,13.42000008,15.77999973,93.88999939,12.13000011,17.27000046,49.36999893,46,117,-0.50487,0.0037014,365.4973,0.1171916,0.1199104,0.102977,0.109033,0.106005,0.118551,0.1259724615,0.1275487692,0.1267606154,20,24.75,41.2,45.57,65.56153846,66.82307692,-1.289585429,0.06774013174,-0.03398035399,0.7383353954,0.096365,0.12327,0.104774,0.1426854,0.1068997692,0.1574266923,0.07848873122,0.1136811748,-0.03519244362,-0.3704427552,0.08794110722,0.1575559483,-0.06961484104,-0.583113268,0.08931516807,0.1730838475,-0.08376867942,-0.661604816,1.329014081,0.0027188,-0.244997382,0.0038125,0.05381,-0.006814236627,-0.001686349487,-0.01388976465,0.00856871765,-0.3064050103,0.0051787,0.0758228,-0.3823069607,0.005402615385,0.1010538462,0.1758569034,0.09508045126,93.88999939,0.09999847412,0.1063478936,0.1402257155,0.1758569034,0.09508045126,0.09442336819,0.03300972671,0.04948784022,0.1192953902,0.2932035374,-0.06428939233,0.009635647935,0,0,0.07286281409,0.08920511341,0.8168008683,0.03338219769,0.008558320857,0.7436262005,0.0005424561949,-0.09245994046,0,0,0
2018-05-16,0.04253525492,-0.477715264,4.933501772e-05,-29.18322261,-3.599893999,7.894254085,59.07597036,0.010117973,16.83363666,28,0.8583109153,0.3200745416,54.48068961,634974630000,2.809988888,0.01654870861,0,5.83157794e-16,2.17,111.3057,71.43,13.42000008,15.14000034,94.79000092,12.35999966,16.60000038,55.13000107,51,114,-0.51401,0.00399,369.57492,0.1073242,0.109671,0.096214,0.101226,0.09872,0.1084976,0.115958,0.1177531538,0.1168555769,22.25,21.2,41.44,38.86,63.58846154,59.31153846,-1.193392614,0.06787517907,-0.03109981501,0.3523146713,0.086538,0.117769,0.0912228,0.1349206,0.09507923077,0.1488050769,0.1098238829,0.09516348063,0.01466040227,0.1432817568,0.09582434394,0.1327823693,-0.03695802534,-0.326194702,0.08778438547,0.1705230218,-0.08273863631,-0.6639866699,1.223827709,0.0023468,-0.3057261866,0.0034335,0.062462,0.0003784826111,0.0006895503536,-0.0154228751,0.007192719238,-0.3864609801,0.0045741,0.0873956,-0.4405846908,0.005086576923,0.1074516923,0.1281669342,-0.04768996915,94.79000092,0.9000015259,0.08576055413,-0.02058733949,0.1281669342,-0.04768996915,0.09643328963,0.002009921445,0.04803153742,0.1177625258,0.2897060154,-0.00349752199,0.004052339848,0,0,0.07614212974,0.07879533632,0.9663278729,0.0255738831,0.007942725501,0.6894204344,-0.0006155953553,-0.05420576607,1,0,0
2018-05-23,0.1714382975,-0.6315039417,3.596190731e-05,-35.70448679,4.482091631,4.062283738,59.85435374,0.008698062236,13.74163118,52,0.7959209332,0.9966339641,63.27128849,631115710000,2.269680386,0.009676950442,0.001747765054,5.245343861e-16,2.14,111.6919,71.85,12.57999992,14.47999954,89.80000305,10.06000042,16.19000053,53.27000046,48,115,-0.51727,0.004387,377.8089,0.095634,0.098359,0.0828405,0.0888665,0.0858535,0.0969965,0.108627,0.110922,0.1097745,17.45,20.525,35.95,37.35,57.6,57.7,-1.090658957,0.06911247983,-0.02780412713,0.1840082009,0.076317,0.1031445,0.081226,0.122964,0.088906,0.142019,0.1235477914,0.07848873122,0.04505906016,0.4536729928,0.1000265453,0.1043376677,-0.004311122339,-0.04219684009,0.09025555584,0.1640815713,-0.0738260155,-0.5977185345,1.075684872,0.002725,-0.2989777752,0.00387725,0.053655,0.00493929091,0.001210342534,-0.0148723212,0.004560808298,-0.4088153191,0.0050985,0.083476,-0.4600021652,0.005688,0.106226,0.1510333569,0.0228664227,89.80000305,-4.989997864,0.2504969581,0.164736404,0.1510333569,0.0228664227,0.1180939949,0.02166070525,0.05559373345,0.09857687814,0.3605987735,0.07089275813,0.003243145207,0,0,0.04889390263,0.08355364232,0.5851797872,0.01826367391,0.00737732501,0.5960656631,-0.0005654004919,-0.09335477135,0,0,0
2018-05-30,0.09950637646,-0.0376507128,3.691391923e-05,-2.382823095,9.544337944,-0.9446791737,55.51059962,0.008639848641,12.04793877,52,0.6618160007,0.603861228,49.16022052,624637880000,-0.1360095969,0.001514049106,0.004543259434,5.587959782e-16,2.06,111.6717,68.24,14.93999958,16,99.08000183,13.26000023,17.26000023,61.86000061,42,120,-0.51534,0.0039846,370.27008,0.1075844,0.10908,0.105882,0.106539,0.1062105,0.1083322,0.1196644,0.1213164,0.1204904,22.8,22.4,41.01,39.28,64.09,61.18,-1.193814654,0.06796415579,-0.0310524215,0.2009501259,0.093555,0.129555,0.0895154,0.1377982,0.0963754,0.1549716,0.08431313819,0.1060065944,-0.02169345621,-0.2289636002,0.0951568597,0.1078915566,-0.01273469691,-0.1255999325,0.08285411327,0.162199112,-0.0793449987,-0.671743277,0.99593248,0.0014956,-0.3227107705,0.0053445,0.072,0.01067977076,4.32722542e-05,-0.01179061543,0.00574047985,-0.4248122418,0.0053246,0.0965656,-0.4662574051,0.0051831,0.1171924,0.07095049862,-0.0800828583,99.08000183,9.279998779,0.1266967815,-0.1238001767,0.07095049862,-0.0800828583,0.07875001431,-0.03934398058,0.05794362211,0.08891129413,0.3945637204,0.03396494687,0.01261587535,0,0,0.0580134562,0.08678561689,0.6684685582,0.02076148359,0.009120895603,0.5606818962,0.001743570593,-0.0353837669,0,1,0
2018-06-06,-0.001418637456,-0.4140890756,4.109202826e-05,2.403448,3.704456094,3.242193634,63.69954368,0.00853221224,11.04728163,92,1.162210997,0.9966740463,50.20080975,634687510000,2.188749879,0.01684934897,0.00699645721,5.740996482e-16,2.14,111.7517,64.75,11.64000034,14.18999958,88.12000275,11.02999973,15.97000027,56.43999863,45,121,-0.51106,0.0046134,376.16656,0.091226,0.0950796,0.081612,0.089011,0.0853115,0.0931528,0.1051326,0.1073128,0.1062227,18.7,18.25,36.41,33.87,57.905,54.65,-1.042885962,0.06784254513,-0.02670262259,0.5430317112,0.075505,0.104263,0.0790512,0.1177344,0.0874246,0.1355397,0.04137419775,0.1232721016,-0.08189790385,-1.091736676,0.08552077534,0.1032171198,-0.01769634442,-0.1880753956,0.08007843168,0.1612551802,-0.08117674848,-0.6999815298,1.10804098,0.0038536,-0.3199457078,0.0045725,0.057516,0.002895186988,-0.007917959,-0.01471997113,-0.007784583771,-0.3931507183,0.00524,0.0773664,-0.4315946544,0.00525945,0.0962302,0.2190720929,0.1481215943,88.12000275,-10.95999908,0.05530377381,-0.07139300768,0.2190720929,0.1481215943,0.1254405031,0.04669048882,0.05406146755,0.0728894232,0.4258455158,0.03128179541,0.008530900637,0,0,0.05693858843,0.08934128493,0.6373155308,0.01983960261,0.009185828798,0.536995323,6.493319482e-05,-0.02368657319,0,0,0
2018-06-13,0.02437623387,-0.01666197164,3.694966997e-05,-28.84859047,-2.372741819,3.778080805,62.06977455,0.007818040216,14.88565413,100,0.8190279633,-0.883474853,63.72214483,636961340000,1.995340629,0.01098182925,0.008143379747,4.780612307e-16,2.12,112.2569,66.63,12.93999958,14.92000008,100.0100021,12.65999985,16.43000031,53.79000092,39,121,-0.50708,0.0042334,376.77112,0.0992586,0.1004554,0.093517,0.094266,0.0938915,0.099857,0.1109437143,0.1125588571,0.1117512857,21.55,19.2,40.11,35.39,61.87142857,56.87857143,-1.119739099,0.06787127967,-0.02862384799,0.428884091,0.085547,0.113577,0.0856434,0.1241842,0.09308842857,0.141135,0.08624509417,0.08431313819,0.001931955974,0.02265547175,0.08931761253,0.09735827526,-0.008040662729,-0.08619903621,0.08043876904,0.1577887712,-0.07735000215,-0.6737609854,0.9749769697,0.0011968,-0.281533115,0.0056705,0.05606,0.007265725152,0.0017069085,-0.01240894646,0.004370538164,-0.3673568206,0.0050568,0.0770816,-0.4102627284,0.005360428571,0.09609314286,0.1530139536,-0.0660581393,100.0100021,11.88999939,0.02211688281,-0.033186891,0.1530139536,-0.0660581393,0.1012064491,-0.02423405398,0.0493869754,0.06781249009,0.4213924969,-0.004453018891,-0.004034254541,1,0.004034254541,0.05347497496,0.07645084305,0.6994687413,0.01845273832,0.008974104554,0.5136708492,-0.0002117242435,-0.02332447375,1,0,0
2018-06-20,0.3022305322,0.5376135449,3.349066339e-05,-14.56275454,-11.56865407,-1.764063769,57.37098726,0.006650830597,12.85410624,44,0.6261117266,-0.3771515206,68.07172242,631395140000,0.7444819121,0.0002151350809,0.007086715442,4.315547909e-16,2.12,113.4774,65.92,12.78999996,14.78999996,98.51000214,12.15999985,16.52000046,51.91999817,37,124,-0.50156,0.004211333333,377.0419667,0.09932533333,0.100705,0.0908215,0.091817,0.09131925,0.1000151667,0.1110488571,0.1129737143,0.1120112857,22.15,18.1,40.98333333,34.83333333,61.70714286,57.52857143,-1.122318903,0.06812402734,-0.0286691725,0.8871406243,0.07843,0.111835,0.08064666667,0.126485,0.08964185714,0.1442982143,0.1117505686,0.04137419775,0.07037637086,0.9936118779,0.09384531744,0.08912128702,0.00472403042,0.0516496502,0.08029355614,0.1311247824,-0.05083122623,-0.4904600366,0.8910777234,0.001379666667,-0.3511418285,0.00381325,0.06681,0.008415806103,0.006627381181,-0.004647180426,0.001150080951,-0.4426009221,0.003550666667,0.09167666667,-0.4672680213,0.00495875,0.1093127143,0.1563721662,0.00335821258,98.51000214,-1.5,0.05180922059,0.02969233778,0.1563721662,0.00335821258,0.1169709601,0.01576451099,0.05373863526,0.06423158724,0.4555271163,0.03413461938,0.001710690224,0,0,0.05397626461,0.07119697224,0.7581258431,0.01818181712,0.01023921332,0.4368432345,0.001265108765,-0.07682761474,0,0,0
2018-06-27,-0.1385421371,0.8694013577,3.740111831e-05,58.74501588,27.75073858,-10.33208279,38.23499552,0.008314102147,17.65952579,44,-0.03372419468,-0.989295701,48.86819033,629628300000,-2.960823767,-0.02196051692,0.006829373184,4.28253236e-16,2.11,113.8964,77.41,17.90999985,18.04999924,112.75,17.90999985,18.65999985,53.04999924,31,129,-0.49602,0.0030654,366.8034,0.1409942,0.141563,0.1524735,0.1478855,0.1501795,0.1412786,0.143875,0.145173,0.144524,34.225,31.325,54.06,49.71,77.5,72.55,-1.542305679,0.06793586529,-0.04049116395,1.158987463,0.126716,0.1797865,0.111818,0.178247,0.112948,0.183788,0.0924534684,0.08624509417,0.006208374231,0.06951229854,0.07566247219,0.09481781186,-0.01915533967,-0.2256749868,0.0730302445,0.1167725805,-0.04374233605,-0.4693546237,0.671140653,0.0005688,-0.3462973385,0.00307175,0.106141,0.02308639201,0.01511566595,0.00725135101,0.0146705859,-0.458028373,0.0037539,0.132858,-0.4774614472,0.003844,0.14168,0.007816828076,-0.1485553381,112.75,14.23999786,0,-0.05180922059,0.007816828076,-0.1485553381,0.03379504909,-0.08317591104,0.04970507073,0.07607686589,0.3951685915,-0.06035852479,-0.008641586313,1,0.008641586313,0.07031929004,0.05509778602,1.276263442,0.02063936239,0.01164894494,0.435595697,0.001409731625,-0.001247537524,0,1,1
2018-07-11,-0.5355989894,0.1814730423,3.519868055e-05,-2.557834069,-1.760070774,4.284186911,57.32324514,0.009974445508,17.98676403,28,0.708665977,-0.5706706658,56.50133327,646594210000,0.6947720965,0.01198108133,0,5.679078875e-16,2.11,112.8582,70.47,13.63000011,15.38000011,104.5,11.80000019,16.54000092,50.47999954,27,125,-0.49491,0.0042242,368.80712,0.1020374,0.1043314,0.095423,0.09583,0.0956265,0.1031844,0.1153164,0.1170691333,0.1161927667,21.2,20.25,38.5,37.88,62.8,60.25333333,-1.132593494,0.06647520926,-0.02957733953,0.382217881,0.083405,0.116699,0.0843566,0.1324126,0.09160486667,0.1509198,0.06661872423,0.1055621509,-0.03894342669,-0.4603142051,0.07339632568,0.09860554825,-0.02520922257,-0.2952536549,0.06796596905,0.101737244,-0.03377127493,-0.4033863254,0.9556245736,0.002294,-0.3327669612,0.0044255,0.066588,0.008854636166,-0.001998940205,0.003150292213,-0.01423175584,-0.4433840232,0.0052002,0.096112,-0.4891455714,0.005069566667,0.1186298667,0.1283932491,0.120576421,104.5,-8.25,0.1550847368,0.1550847368,0.1283932491,0.120576421,0.07542267831,0.04162762922,0.05976878837,0.08712076232,0.4068961209,0.01172752935,-0.007119486372,1,0.007119486372,0.0727082975,0.06142272458,1.183736117,0.02131560643,0.01159255228,0.456147198,-5.639266018e-05,0.02055150097,0,0,0
2018-07-18,-0.5754727111,-0.2692171294,4.079284943e-05,-36.69564607,-4.314644044,6.664137102,65.19892321,0.007854666685,15.98636709,52,0.8959913762,0.790270416,70.18434597,655404850000,3.577511369,0.01829926078,0.003302839267,6.060626446e-16,2.09,113.3349,68.78,12.10000038,14.39000034,98.08000183,10.02999973,15.88000011,45.25999832,28,123,-0.50539,0.00487,375.92664,0.0866204,0.089559,0.080416,0.08027,0.080343,0.0880897,0.1037314,0.1059222,0.1048268,19.1,16.3,34.25,32.12,58.43,54.47,-0.9855733613,0.06675734652,-0.02525161528,0.8923612753,0.074686,0.09371,0.0750992,0.1125274,0.0854848,0.137055,0.08126623127,0.08316954664,-0.001903315368,-0.02315068411,0.07494182983,0.08765704892,-0.01271521909,-0.156719819,0.1041100762,0.09859318692,0.005516889249,0.05444660307,0.9950885168,0.0029386,-0.2259436091,0.003855,0.038048,0.006957242698,-0.0004621758388,0.001268041491,-0.001897393468,-0.3989647523,0.0057236,0.0748564,-0.4634694558,0.0064431,0.1031404,0.1892561892,0.06086294012,98.08000183,-6.419998169,0.2063809276,0.05129619079,0.1892561892,0.06086294012,0.1035441095,0.02812143118,0.0498751313,0.09046283456,0.3553930043,-0.05150311656,0.002158182077,0,0,0.0694251071,0.07016833978,0.9894078629,0.01892151435,0.01123775612,0.4060857965,-0.0003547961604,-0.05006140146,1,0,0
2018-07-25,-0.4511587352,-0.4227939073,2.680359961e-05,-11.4942596,17.36085213,4.790310852,69.70157268,0.006633220314,16.50662711,72,0.9173901462,0.8706298496,64.24893571,658826540000,2.223289103,0.01653453023,0,5.829430793e-16,2.13,112.9217,71.13,12.28999996,14.55000019,94.19999695,11.27000046,15.89000034,48.29000092,28,119,-0.5226,0.004772,384.9187,0.0862835,0.09076825,0.080425,0.086246,0.0833355,0.088525875,0.1014895333,0.1048052,0.1031473667,18.65,18.4,33.825,34.35,56.84,55.07333333,-1.014144783,0.06762284484,-0.02537661875,0.7618542,0.074526,0.100782,0.074895,0.11460975,0.08446013333,0.1361601333,0.06999542497,0.06661872423,0.003376700742,0.04944419975,0.07220929,0.08972879291,-0.01751950291,-0.2172230007,0.1191182472,0.0924613541,0.02665689309,0.2533259099,1.01358832,0.00448475,-0.2995413786,0.0043185,0.052512,0.007053153629,0.002506751143,0.002090277248,9.59109314e-05,-0.4191425281,0.0062265,0.0794295,-0.4686786104,0.007162766667,0.1034,0.1838893601,-0.005366829106,94.19999695,-3.880004883,0.09050571985,-0.1158752077,0.1838893601,-0.005366829106,0.09209622921,-0.01144788028,0.04845861144,0.08339067766,0.3675303202,0.0121373159,0.00906043507,0,0,0.04595508675,0.07839317693,0.5862128383,0.01858814931,0.01053689303,0.4331392084,-0.0007008630928,0.02705341191,0,0,0
2018-08-01,-0.1070627995,-1.313088786,3.114360611e-05,18.0214908,8.737842648,-1.16821213,56.60431904,0.006601416201,14.02682945,72,0.6175712949,-0.2482465358,51.10147261,648869230000,0.5335197288,-0.000325380117,0,5.458460565e-16,2.13,112.8897,68.8,13.14999962,15.22000027,95.27999878,12.28999996,16.40999985,48.38000107,33,116,-0.54399,0.0044736,382.27162,0.0927664,0.0971412,0.086975,0.094316,0.0906455,0.0949538,0.107887,0.110252,0.1090695,18.35,21.5,34.87,37.77,59.075,58.525,-1.080301874,0.06793862499,-0.02721874694,0.1839644161,0.077317,0.117548,0.079734,0.1247194,0.088109,0.1442945,0.080839186,0.08126623127,-0.0004270452688,-0.005268747509,0.06659822177,0.09305569278,-0.02645747101,-0.3345202839,0.1393882464,0.0904614252,0.04892682119,0.4323396601,0.9800102026,0.0043748,-0.4129115028,0.006787,0.080462,0.008632887038,0.001612406326,0.003712886382,0.001579733409,-0.4400552889,0.0072729,0.0899708,-0.4835168145,0.00713225,0.112371,0.1574145026,-0.02647485757,95.27999878,1.080001831,0.06997556219,-0.02053015765,0.1574145026,-0.02647485757,0.07818656764,-0.01390966157,0.0451803577,0.07097211635,0.3889745618,0.02144424164,-0.001040893068,1,0.001040893068,0.04423392779,0.07642729795,0.5787713157,0.01925824606,0.0105988841,0.4496443722,6.199106733e-05,0.01650516382,0,0,0
2018-08-08,-0.2263246182,-0.7049948244,2.237606022e-05,-10.23486612,-25.77184552,2.112490819,66.49256331,0.006848652423,13.07883838,96,0.9623009867,-0.01391753923,58.56459989,658500690000,1.806923136,0.01083898524,0,4.094113828e-16,2.11,113.1404,66.92,10.85000038,13.96000004,84.41999817,8.859999657,15.44999981,46.84000015,28,115,-0.56451,0.0050536,384.977,0.0817066,0.0852048,0.066461,0.07169,0.0690755,0.0834557,0.09814208333,0.1000363333,0.09908920833,14.4,16.45,31.57,32.73,55.65833333,53.175,-0.9562061018,0.06735784022,-0.02392352992,0.5583136827,0.065287,0.081216,0.07505,0.1058902,0.08241041667,0.128307,0.08386600535,0.06999542497,0.01387058038,0.1807904685,0.07096003401,0.08103659518,-0.01007656118,-0.1327840278,0.1504179897,0.08783803946,0.06257995022,0.5379233585,0.9710133062,0.0034982,-0.2174562978,0.004176,0.031858,0.005205321069,-0.0001279348162,0.002103150031,-0.003427565969,-0.3408883156,0.0070144,0.0616804,-0.4356221148,0.0062695,0.09179316667,0.286635903,0.1292214004,84.41999817,-10.86000061,0.2246050566,0.1546294945,0.286635903,0.1292214004,0.1067335077,0.02854694003,0.03760116637,0.0716927099,0.3440372659,-0.04493729594,-0.0002624143933,1,0.0002624143933,0.03631598455,0.06101212903,0.5952256564,0.01560233081,0.009035401051,0.4208941497,-0.001563483048,-0.02875022258,0,0,0
2018-08-15,-0.07431199606,-0.9751510105,2.160613316e-05,-7.528788779,7.809200151,-3.890028155,50.56834836,0.007784626551,13.21442045,76,0.3614271359,0.2474588623,42.59171201,648325110000,0.5626924635,-0.004520189448,0,4.485792058e-16,2.08,115.1512,65.07,14.64000034,16.19000053,111.1299973,15.01000023,16.94000053,51.52000046,25,120,-0.57997,0.0038206,382.12726,0.1087586,0.1110124,0.107344,0.110691,0.1090175,0.1098855,0.118466,0.1202745,0.11937025,23.15,24.85,41.56,42.52,64.975,63.85,-1.249709673,0.06779224516,-0.03149749904,0.9173303372,0.08965,0.139474,0.0901062,0.143754,0.094759,0.1577105,0.05412803329,0.080839186,-0.02671115271,-0.4011095961,0.06104763127,0.08369408068,-0.02264644941,-0.3155138544,0.1563335129,0.0893148138,0.06701869907,0.5598242661,0.7616480853,0.0022538,-0.4349086084,0.0055445,0.099648,0.01442826186,0.005349841313,0.006272120622,0.009222940796,-0.4588023101,0.0070446,0.1072956,-0.4986859799,0.0068645,0.125903,0.1058743275,-0.1807615755,111.1299973,26.70999908,-0.02465022518,-0.2492552818,0.1058743275,-0.1807615755,0.04632489038,-0.06040861729,0.04159427415,0.073058293,0.3627853713,0.01874810545,-0.007631208581,1,0.007631208581,0.05395133027,0.05482658332,0.9840359731,0.01745610108,0.01045140194,0.4012751248,0.001416000892,-0.01961902486,1,0,0
2018-08-22,-0.2361419283,-1.070568941,2.627548167e-05,-4.908937466,3.248145812,-0.1471563987,61.30566541,0.006604434964,10.63024763,84,0.8311827013,0.004355863417,56.38736784,657824660000,0.4006513615,0.005852845591,0,4.330554903e-16,2.08,113.6622,67.85,12.25,15.07999992,95.72000122,10.77000046,16.25,49.63999939,22,119,-0.58773,0.0043546,388.18144,0.0935084,0.0954334,0.0784225,0.0796875,0.079055,0.0944709,0.1093776667,0.1113575833,0.110367625,20.1,16.6,39.27,34.38,63.2,57.45833333,-1.091424107,0.06782072947,-0.02708035991,0.7154161489,0.068137,0.0963905,0.080086,0.1199374,0.0888215,0.1446834167,0.0695950777,0.08386600535,-0.01427092765,-0.1865265087,0.06298355791,0.07339632568,-0.01041276777,-0.1530001687,0.1633902481,0.08617996666,0.07721028145,0.6397037542,0.776919937,0.001925,-0.3434501831,0.00320875,0.056507,0.009619229377,-0.0007838138282,0.004754025994,-0.004809032488,-0.3984673793,0.0055408,0.0797028,-0.4784645862,0.006384833333,0.1117238333,0.2310204019,0.1251460744,95.72000122,-15.40999603,0.1374187075,0.1620689326,0.2310204019,0.1251460744,0.07758621235,0.03126132197,0.04129160993,0.06518928088,0.3877842269,0.02499885559,-0.0003982310542,1,0.0003982310542,0.05199738875,0.05189497948,1.001973394,0.01406853086,0.008681510241,0.3829128055,-0.001769891701,-0.01836231926,0,0,0
2018-08-29,-0.5023444021,-0.2937421479,1.989980115e-05,-20.03019653,-2.984990794,4.480771944,71.89310758,0.007059418641,13.32081597,76,1.097433294,0.7281825784,62.99389624,666061580000,3.264082017,0.02010154797,0.002160189076,4.60729413e-16,2.12,113.6458,69.68,12.25,14.94999981,91.09999847,9.770000458,16.20000076,49.09999847,22,118,-0.59089,0.0044858,396.03742,0.089326,0.0925098,0.073751,0.079982,0.0768665,0.0909179,0.1082355556,0.1103573333,0.1092964444,17.45,18.775,36.29,35.78,63.13333333,58.96111111,-1.071633647,0.06795332597,-0.02606214176,0.5197834884,0.0726225,0.0928945,0.0813702,0.1143424,0.09194922222,0.1403674444,0.05102360896,0.05412803329,-0.003104424334,-0.05906378075,0.1224700678,0.07494182983,0.04752823793,0.4911544449,0.1685692353,0.08089966765,0.08766956767,0.7341368416,0.8242802554,0.0031838,-0.2449536906,0.005892,0.040544,0.009389972141,0.002978614834,0.005400956543,-0.0002292572361,-0.3369450919,0.0069384,0.0659444,-0.4168295191,0.006861888889,0.09683644444,0.2204081477,-0.01061225424,91.09999847,-4.620002747,0.2538382217,0.1164195142,0.2204081477,-0.01061225424,0.08361210499,0.006025892643,0.0400522701,0.05385751372,0.4264973091,0.03871308217,0.005685242469,0,0,0.04054868119,0.06339505655,0.6396189766,0.01376866235,0.00815238449,0.4079029405,-0.0005291257508,0.02499013496,0,1,0
2018-09-05,-0.1457367822,-0.6925643046,2.111796864e-05,-5.28910464,7.713828334,0.846867397,60.58206459,0.006124077603,15.18356858,76,0.7003071109,0.3510872635,56.9078982,659802150000,1.349770587,0.0039334787,0.002944663769,4.240749475e-16,2.09,114.7474,68.69,13.90999985,15.92000008,97.94000244,12.64999962,16.93000031,48.40000153,24,121,-0.59352,0.0041414,383.29314,0.1000642,0.102126,0.089466,0.092253,0.0908595,0.1010951,0.1166607778,0.1184265556,0.1175436667,20.2,20.8,39.59,38.25,66.32222222,63.38888889,-1.153245783,0.06634583189,-0.02897863828,0.6830989901,0.080181,0.112521,0.0855304,0.1297742,0.09559433333,0.1528497778,0.0581605999,0.06587946342,-0.007718863526,-0.1246186127,0.1477271934,0.07540693692,0.07232025644,0.6724680124,0.1792935608,0.08034957511,0.0989439857,0.8026376629,0.7459010072,0.0020618,-0.3356477878,0.0054915,0.06468,0.01366260344,0.003915345039,0.007360459354,0.004272631299,-0.4109879677,0.0065572,0.0884876,-0.4609120674,0.006678388889,0.1145108889,0.1445003775,-0.0759077702,97.94000244,6.840003967,0.09960476418,-0.1542334575,0.1445003775,-0.0759077702,0.06344222513,-0.02016987986,0.03749288279,0.04491973761,0.4549410346,0.02844372552,-0.002807062801,1,0.002807062801,0.04501588297,0.05645313703,0.7974026838,0.01366279728,0.007976591148,0.4161816952,-0.0001757933423,0.008278754751,0,0,0
2018-09-12,-0.0985749442,-0.6949086376,1.864952657e-05,26.2707387,3.732206685,-3.080043084,59.30328662,0.006360019651,11.39127891,40,0.6371114271,0.2582526113,48.90512573,662678210000,0.4950092274,0.0006469406911,0.00311401087,3.850760709e-16,2.12,114.2185,70.37,13.14000034,15.31999969,97.23999786,10.67000008,16.39999962,46.79000092,23,118,-0.5982,0.0043792,383.99334,0.0945004,0.096362,0.082127,0.08449,0.0833085,0.0954312,0.1121651429,0.1140548571,0.11311,18.85,18.75,37.94,35.48,64.28571429,60.82857143,-1.09062337,0.06645967005,-0.02735555724,0.6756943581,0.072376,0.106731,0.0797102,0.122258,0.09137657143,0.145667,0.06946263098,0.05234193803,0.01712069295,0.2829910001,0.1739670641,0.0656357814,0.1083312827,0.9747449991,0.198042124,0.08037453715,0.1176675869,0.9017823318,0.6877811596,0.0018616,-0.3836254306,0.006245,0.06871,0.0129579051,0.004200627696,0.006333805878,-0.0007046983378,-0.421331675,0.0055529,0.0850956,-0.4580628637,0.005411785714,0.1085808571,0.165905578,0.02140520048,97.23999786,-0.7000045776,0.2314901827,0.1318854185,0.165905578,0.02140520048,0.07049607998,0.007053854847,0.03653783627,0.04426575958,0.4521808205,-0.002760214157,0.0003566083499,0,0,0.03721093785,0.05383613894,0.6911888293,0.01157534309,0.007267287287,0.3721752148,-0.0007093038613,-0.04400648044,0,0,0
2018-09-19,0.2034094646,-0.9423202007,1.460314787e-05,-0.1563572111,-12.86918679,-1.008622229,62.27579848,0.006155301753,9.652886755,40,0.7895909741,-0.03281875357,50.89084259,672557380000,0.2216056273,0.005300470209,0.0004934201003,3.57254838e-16,2.15,113.6528,71.08,11.75,14.64999962,88.18000031,11.44999981,15.85000038,48.79000092,27,114,-0.60548,0.004604,392.5551,0.087618,0.088609,0.081967,0.076927,0.079447,0.0881135,0.1061509286,0.1079524286,0.1070516786,18.75,17.35,36.6,32.75,62.25714286,57.38214286,-1.029446542,0.06749687924,-0.02525843614,0.2233895268,0.070109,0.098352,0.074528,0.113205,0.08747035714,0.1382949286,0.05405644475,0.0581605999,-0.004104155148,-0.073179374,0.1981813563,0.06784250811,0.1303388482,1.071993591,0.2006722102,0.07454118876,0.1261310214,0.9903209398,0.7699445387,0.000991,-0.3353060946,0.0047835,0.056486,0.009203644094,0.002929170429,0.005903673063,-0.003754261009,-0.412042635,0.005753,0.077354,-0.4502425718,0.005830964286,0.1016491429,0.2468084782,0.0809029002,88.18000031,-9.059997559,0.02620089046,-0.2052892922,0.2468084782,0.0809029002,0.08191131701,0.01141523703,0.02940240484,0.04714900137,0.3840870638,-0.06809375672,0.001252488033,0,0,0.03231023904,0.05078815265,0.6361766939,0.01242179916,0.007819193257,0.3705265112,0.00055190597,-0.001648703645,1,0,0
2018-09-26,0.4337195166,-0.5841025593,1.377160776e-05,-8.001950534,16.75851104,-0.8607149832,56.30573573,0.006195123376,11.49967664,80,0.5797406703,-0.8069642153,65.78099752,660170980000,1.002390892,0.0002105546367,0.0008049180017,3.358663468e-16,2.14,113.6738,72.22,12.89000034,15.14999962,91.55999756,12.69999981,16.20000076,47.43999863,23,112,-0.61183,0.0040748,387.78998,0.100399,0.1027212,0.092544,0.097302,0.094923,0.1015601,0.113925,0.11603,0.1149775,22.05,21.05,41.46,37.6,66.7,61.4,-1.172142534,0.06672298406,-0.02911188778,0.4749947949,0.079805,0.12079,0.0849306,0.1290484,0.093716,0.146455,0.169617626,0.06946263098,0.100154995,0.8927577204,0.2131387738,0.065827849,0.1473109248,1.174900488,0.2101580568,0.07364290328,0.1365151536,1.048632118,0.6481664453,0.0023222,-0.4086343129,0.0053745,0.08197,0.01228190518,0.004185318827,0.007796548302,0.003078261087,-0.4123563527,0.0054294,0.0882356,-0.4391787518,0.005108,0.105478,0.1753296521,-0.07147882612,91.55999756,3.379997253,0.0149606722,-0.01124021826,0.1753296521,-0.07147882612,0.06930700798,-0.01260430903,0.03156675785,0.04821639793,0.3956569221,0.01156985835,-0.003294699681,1,0.003294699681,0.03636086536,0.04615432307,0.7878106087,0.01300076414,0.008667458432,0.3333116161,0.0008482651749,-0.03721489509,0,1,1
2018-10-03,0.3292960744,-0.4762802457,1.244362908e-05,4.84846884,12.49483298,-0.9087637774,62.63130363,0.006005783986,11.84796734,40,0.7767036619,-0.5513619088,59.00601798,663379440000,1.270768496,0.002758326989,0.001047256656,2.879345043e-16,2.16,114.1559,76.4,11.60999966,14.68000031,85.80000305,10.81000042,15.96000004,50.20999908,30,111,-0.61337,0.0041216,390.57756,0.0984636,0.101895,0.078795,0.085018,0.0819065,0.1001793,0.110036,0.111908,0.110972,19,18.45,40.2,37.88,67.35,60.1,-1.164517457,0.06675375576,-0.02871620676,0.6511458191,0.071365,0.102134,0.0840562,0.1287994,0.09,0.141861,0.2451466522,0.05405644475,0.1910902075,1.511827838,0.2201551575,0.05751222871,0.1626429287,1.342334961,0.2430646285,0.06739598865,0.1756686398,1.282741868,0.5740929384,0.0034314,-0.3546879233,0.004843,0.061538,0.01017155275,0.003786575523,0.007772565498,-0.002110352429,-0.4204089533,0.0062485,0.0894864,-0.4473456079,0.0049585,0.103722,0.2644272816,0.08909762954,85.80000305,-5.759994507,0.07400547697,0.05904480477,0.2644272816,0.08909762954,0.08719344049,0.01788643251,0.03361623666,0.04483700581,0.4284875373,0.03283061522,0.0007112667367,0,0,0.03068977864,0.04462618682,0.687707842,0.01154147485,0.008233818402,0.2865887153,-0.0004336400292,-0.04672290077,0,0,0
2018-10-10,-0.005089527554,0.08087934246,1.561764797e-05,118.7971949,45.96439708,-12.82817308,22.96548522,0.009800620413,16.70775005,-52,-0.4552678638,-0.9816100263,37.9413298,645060480000,-4.579418853,-0.04058179977,0,4.259695248e-16,2.16,114.6059,73.18,22.95999908,20.70000076,135.6100006,25.97999954,20.30999947,55.70000076,34,113,-0.60864,0.002464,375.525825,0.1712105,0.17203675,0.205221,0.19643,0.2008255,0.171623625,0.1631608462,0.1638346923,0.1634977692,46.2,41.2,67.3625,61.6375,94.9,83.53461538,-1.918128076,0.06740290073,-0.0491811371,0.8296962865,0.167524,0.237722,0.13580175,0.213135,0.1272713077,0.2047326923,0.2433494915,0.169617626,0.07373186555,0.3609520021,0.2136463062,0.1113157596,0.1023305467,0.6519510294,0.2519846934,0.09545672103,0.1565279724,0.9706953835,0.6486039412,0.00082625,-0.346446356,0.0017975,0.140396,0.04032495747,0.01156074242,0.01761953495,0.03015340471,-0.4432508184,0.00284475,0.1546665,-0.466629225,0.002504230769,0.1549227692,-0.09843198657,-0.3628592682,135.6100006,49.80999756,-0.1162432837,-0.1902487607,-0.09843198657,-0.3628592682,-0.01884064167,-0.1060340822,0.03318162156,0.1179391874,0.219570169,-0.2089173683,-0.03341638904,1,0.03341638904,0.1266630397,0.04205979289,3.011499368,0.02140718353,0.009015985198,0.5788336571,0.0007821667951,0.2922449418,0,0,0
2018-10-17,-0.8659680058,3.220488993,0.0001242369741,153.8895929,-16.78031022,-12.73574202,41.56149295,0.01395408379,28.56941151,-56,0.2680167544,0.55991994,47.94857539,640956410000,-3.945172605,-0.01329205836,0,6.124499331e-16,2.13,114.1743,69.63,17.39999962,18.10000038,109.2799988,17.75,18.63999939,48.99000168,30,116,-0.59601,0.0030582,381.62236,0.1358102,0.1380928,0.142823,0.144822,0.1438225,0.1369515,0.1452673077,0.1465567692,0.1459120385,31.5,31.6,51.98,52.57,82.73461538,77.13846154,-1.555468888,0.06792343043,-0.03925171003,0.7362614515,0.121523,0.178459,0.1134476,0.17221,0.118345,0.1829492308,0.2450893942,0.2451466522,-5.725809625e-05,-0.0002335939878,0.2087483837,0.1477271934,0.06102119038,0.3457623364,0.2439683321,0.117070427,0.126897905,0.7342627361,1.078682551,0.0022826,-0.3795961091,0.0061685,0.113872,0.008452675015,-0.0394119696,0.007584838083,-0.03187228245,-0.4114184254,0.0058773,0.1175248,-0.4288447914,0.004735076923,0.1292084615,0.04022992979,0.1386619164,109.2799988,-26.33000183,-0.01971833135,0.09652495237,0.04022992979,0.1386619164,0.02983419872,0.04867484039,0.06669016672,0.1414195437,0.3204567753,0.1008866063,-0.0002526942627,1,0.0002526942627,0.1467582301,0.09614454711,1.526433214,0.0307158564,0.008892532742,0.7104904833,-0.0001234524555,0.1316568262,1,0,0
2018-10-24,-0.537645531,2.575728506,0.0001266735409,47.43590492,-38.45898993,-14.47471667,24.30025628,0.01928040135,36.47215307,-92,-0.02532217019,-0.9071621607,33.20155477,621279520000,-7.915943164,-0.04612469678,0,7.732861383e-16,2.07,115.3743,66.56,25.22999954,22.62000084,118.5800018,31.90999985,22.04000092,57.68999863,26,119,-0.58238,0.002086,366.2589,0.206446,0.20846,0.261842,0.26446,0.263151,0.207453,0.19362725,0.194882,0.194254625,53.7,55.35,74.5,77.55,102.0375,99.3375,-2.261354392,0.06894674523,-0.05943632906,0.7532747329,0.223294,0.307304,0.174024,0.252277,0.160704,0.23721525,0.1967189535,0.2433494915,-0.04663053799,-0.2127225685,0.2206515242,0.1739670641,0.04668446013,0.2377186491,0.2378200972,0.133497602,0.1043224952,0.5774309787,0.8385854343,0.002014,-0.3166615781,0.002148,0.16802,0.0333907483,0.01002947378,0.01991324959,0.02493807328,-0.3671255756,0.0056975,0.156506,-0.3845566657,0.004705,0.1530225,-0.1034482263,-0.1436781561,118.5800018,9.300003052,-0.2093387758,-0.1896204445,-0.1034482263,-0.1436781561,-0.02564102132,-0.05547522003,0.08225786471,0.1759962261,0.3185152439,-0.001941531386,-0.03135077386,1,0.03135077386,0.1920266761,0.09206095963,2.085864376,0.04156674021,0.01130220082,0.7280950884,0.00240966808,0.01760460516,0,0,0
2018-10-31,-0.133616016,-0.006264404746,0.0002155794337,35.54127746,-8.653227483,-6.703588884,41.30286567,0.0210731799,45.06609,-72,0.3286797621,-0.6050226159,50.11914276,626696840000,-1.419593945,-0.004516354111,0.007488012459,9.981797237e-16,2.05,116.5268,65.31,21.22999954,21.14999962,102.9000015,25.15999985,21,60.13000107,28,125,-0.56971,0.00232,374.2092,0.181957,0.183519,0.210269,0.21106,0.2106645,0.182738,0.179344625,0.18031475,0.1798296875,45.9,43.3,69.6,67.25,101.00625,91.46875,-2.035185738,0.06899798653,-0.05236299583,0.1728571429,0.180893,0.2454,0.156116,0.216832,0.15000375,0.215671,0.1840090491,0.2450893942,-0.06108034504,-0.2866380817,0.206249233,0.1981813563,0.008067876714,0.03990275411,0.2316852426,0.1485966897,0.08308855283,0.4441438817,1.084510919,0.001562,-0.3026416103,0.002482,0.129014,0.005795438084,-0.01568927957,0.0102577403,-0.02759531021,-0.3256003518,0.003736,0.121432,-0.3591566002,0.0030076875,0.1313345,-0.00376824896,0.09967997737,102.9000015,-15.68000031,-0.156200331,0.0531384448,-0.00376824896,0.09967997737,-0.007092180673,0.01854884064,0.1078166986,0.2016391689,0.3484073496,0.02989210567,0.01079287875,0,0,0.2031441619,0.1304218783,1.557592672,0.05077161169,0.01149576172,0.7735789482,0.0001935609,0.04548385975,0,1,0
2018-11-07,-0.4297453948,-0.4534570338,0.0002420034348,-19.14726654,-16.4040132,13.89058044,56.15522728,0.01950883623,39.18631856,-72,0.9006308161,0.938566106,50.96534462,638289650000,2.104954215,0.03603708101,0.001243308526,1.01480661e-15,2.07,115.2505,61.69,16.36000061,17.62000084,95.75,15.53999996,18.29000092,59.00999832,26,122,-0.55992,0.002845,388.5736,0.143092,0.146146,0.129777,0.135095,0.132436,0.144619,0.1469119091,0.1485638182,0.1477378636,27.8,30.4,55.5,56.35,84.54090909,79.65,-1.672473972,0.06904562723,-0.04144794072,0.8430314887,0.11726,0.15873,0.122606,0.174091,0.1213324545,0.1811497273,0.1603831696,0.1967189535,-0.03633578393,-0.204210316,0.2057882674,0.2131387738,-0.007350506368,-0.03509566154,0.2267202247,0.1570267186,0.06969350616,0.3673007943,1.473795101,0.003054,-0.3005181347,0.005559,0.08294,-0.01866317488,-0.02115905258,-0.002830913991,-0.02445861297,-0.3470544023,0.0037295,0.10297,-0.3955093974,0.003503227273,0.1196345455,0.07701712603,0.08078537499,95.75,-7.150001526,0.05276709463,0.2089674257,0.07701712603,0.08078537499,0.03802497414,0.04511715482,0.1079081158,0.1911089631,0.3608760951,0.01246874558,0.02098707856,0,0,0.1626077296,0.157584901,1.031873794,0.05778069104,0.01235255416,0.7862165727,0.0008567924416,0.0126376245,0,0,0
2018-11-14,-0.2191448432,-0.05818829352,0.0001773748431,-21.6553261,13.32453019,4.713726121,41.26363433,0.01854999988,33.50134753,-52,0.3466095311,-0.4814065368,50.02418495,618323620000,2.284148722,-0.0085759439,0.003157024906,9.190808787e-16,2,116.4964,56.16,21.25,21.21999931,111.4199982,21.38999939,21.04000092,53.90000153,26,129,-0.55133,0.002294,385.3111,0.178747,0.17982,0.188596,0.189871,0.1892335,0.1792835,0.1803017273,0.1812730909,0.1807874091,42.6,40.025,71.75,66.6,100.7636364,91.99090909,-2.055950077,0.07131217658,-0.05137409175,0.4918642986,0.164077,0.220151,0.150297,0.211861,0.1451563636,0.2210192727,0.2076840098,0.1840090491,0.02367496068,0.1210328045,0.2678140597,0.2201551575,0.04765890227,0.1959603738,0.224109523,0.1616798299,0.06242969305,0.3265168531,1.22797222,0.001073,-0.2918787803,0.0028805,0.112148,-0.003312043355,0.001949987367,0.006543719885,0.01535113153,-0.3399842058,0.0017955,0.123128,-0.414352576,0.002300409091,0.1517258182,-0.001411797019,-0.07842892305,111.4199982,15.66999817,-0.006545086192,-0.05931218082,-0.001411797019,-0.07842892305,-0.008482488391,-0.04650746253,0.09648919447,0.1855998096,0.3420523064,-0.0188237887,-0.007596188818,1,0.007596188818,0.1656893308,0.1289439434,1.284971798,0.06027024546,0.0118019521,0.8041827769,-0.000550602063,0.01796620421,1,0,0
2018-11-21,-0.2077884588,-0.715941956,0.0002041856601,-4.243238825,-9.588341815,-5.52909414,37.28100474,0.01688347476,35.82754808,-32,0.1467188366,-0.989491751,47.94881912,621585190000,-3.22754272,-0.02942386976,0,9.107072994e-16,1.97,116.0911,54.41,20.79999924,21.31999969,100.2699966,19.86000061,21.46999931,57.65000153,25,138,-0.53584,0.0023438,377.0897,0.179214,0.1796812,0.190058,0.188867,0.1894625,0.1794476,0.185350625,0.186241125,0.185795875,43.35,40.5,70.94,64.66,101.40625,92.90625,-2.013923859,0.07115087946,-0.05142106918,0.2419181034,0.167829,0.216582,0.1526158,0.2110072,0.15056125,0.223833625,0.2700725787,0.1603831696,0.1096894091,0.5211249707,0.2888938354,0.2136463062,0.07524752918,0.301737396,0.2180829367,0.1689126812,0.04917025542,0.2554935315,1.190577674,0.0004672,-0.2536503898,0.002743,0.097506,-0.002380747346,0.01017327782,0.005988613285,0.000931296009,-0.3211645028,0.0023639,0.1167828,-0.3914176176,0.0014015625,0.14654475,0.02500002292,0.02641181994,100.2699966,-11.15000153,0.04733124863,0.05387633482,0.02500002292,0.02641181994,0.007035629488,0.01551811788,0.1013163784,0.163581432,0.3824734461,0.04042113963,0.003038669311,0,0,0.1399194156,0.1349231602,1.037030376,0.05966879782,0.01402405365,0.7649683895,0.00222210155,-0.03921438743,0,0,0
2018-11-28,-0.1918698936,-0.7387712575,0.0001361738641,-5.609555422,12.39956285,2.724443227,52.59996992,0.01597322144,34.6914668,28,0.6228038874,0.9929567083,49.9881916,630935950000,-1.338361623,0.01167496376,0,9.659866912e-16,1.94,116.8333,50.06,18.48999977,19.28000069,93.55000305,22.05999947,19.79000092,50.75999832,25,141,-0.51132,0.002552,384.77894,0.1613292,0.1627866,0.179376,0.181884,0.18063,0.1620579,0.165320625,0.166445375,0.165883,39.075,40.975,63.34,61.45,94.2,85.39375,-1.855847232,0.0701181468,-0.04644218809,0.6293848622,0.168064,0.201555,0.1419824,0.1891612,0.13708,0.19994525,0.2184478153,0.2120058805,0.006441934787,0.02993314187,0.2759183484,0.2087101394,0.06720820892,0.279158586,0.2106785018,0.1793180436,0.03136045816,0.161172274,1.287873898,0.0014574,-0.1812190391,0.0041795,0.066982,-0.009371913152,-0.01231929648,-0.004637791076,-0.006991165806,-0.2849446585,0.0035139,0.0943576,-0.3730595853,0.002629625,0.1257305,0.04272584777,0.01772582485,93.55000305,-6.719993591,-0.1618313591,-0.2091626077,0.04272584777,0.01772582485,0.02645229309,0.0194166636,0.08579925501,0.1570751457,0.3532659464,-0.02920749969,0.0227140513,0,0,0.1254077097,0.1431647264,0.8759679341,0.05814385899,0.01458393668,0.749174944,0.0005598830344,-0.01579344543,0,1,0
2018-12-12,-0.3945670565,-0.08908103548,0.0001926032639,61.15747655,-5.068467159,-4.868652462,42.19624983,0.01886005221,27.00604028,-84,0.2772356446,-0.953947688,64.0469405,626517000000,0.703118233,-0.0146232067,0.007206372701,9.191395474e-16,1.83,116.2205,51.04,21.45999908,21.59000015,91.41000366,22.86000061,21.56999969,58.22999954,14,150,-0.44661,0.00221075,371.895525,0.19234275,0.19261625,0.1954775,0.1885115,0.1919945,0.1924795,0.1924357273,0.1930973636,0.1927665455,43.7,38.6,76.0625,67.5,103.9909091,95.72272727,-2.130424545,0.07014064604,-0.05515134207,1.792520628,0.1751215,0.2118715,0.1640135,0.222822,0.1584187273,0.2281890909,0.3590903073,0.2556568103,0.1034334971,0.3397379491,0.2593528837,0.2072972216,0.05205566211,0.2240360032,0.1954013014,0.1979654301,-0.002564128666,-0.01303702005,1.076983375,0.0002735,-0.189925916,0.001502,0.0735,0.003081017996,-0.0284985166,-0.002031370463,0.01245293115,-0.3040491372,0.00093825,0.117617,-0.3609361237,0.0005373636364,0.1395407273,0.006057831951,-0.03666801582,91.41000366,-2.13999939,-0.06124240982,0.1005889493,0.006057831951,-0.03666801582,-0.0009263759899,-0.02737866908,0.1082317469,0.1941088626,0.357979522,0.004713575667,0.00540487101,0,0,0.1726899281,0.1180628973,1.46269431,0.05660731343,0.01363517536,0.7591269655,-0.0009487613249,0.009952021489,0,0,0
2018-12-19,-0.3014952125,-0.3569333033,0.0002003683341,35.6337125,-16.00930276,-16.09997781,28.34911191,0.02347379553,30.23273838,-44,-0.0277901333,-0.6262849496,34.44301919,613179230000,-9.173709159,-0.05458299347,0.0007808450496,9.822474268e-16,1.8,116.0672,47.96,25.57999992,24.02000046,105.0500031,26.64999962,23.62000084,59.00999832,14,149,-0.42136,0.00211,351.13066,0.2132524,0.2134648,0.228719,0.213119,0.220919,0.2133586,0.2115894,0.21251,0.2120497,50.2,42.3,79.78,70.49,108.25,99.74,-2.229665061,0.07003116524,-0.06112601506,0.8475351503,0.203887,0.239587,0.185618,0.2426066,0.1808894,0.244624,0.4026878359,0.1733406411,0.2293471948,0.8429029789,0.2434576417,0.2123578491,0.03109979253,0.1366701519,0.1823082675,0.2051445459,-0.02283627841,-0.118015801,0.9953095358,0.0002124,-0.1610015469,0.000818,0.0714,0.02033778352,0.01875822671,0.002880790559,0.01725676553,-0.2661621962,0.0007537,0.1139772,-0.2995656541,0.000707,0.1274692,-0.06098512395,-0.0670429559,105.0500031,13.63999939,-0.04015008293,0.02109232689,-0.06098512395,-0.0670429559,-0.01665277314,-0.01572639715,0.1110545003,0.1905115473,0.3682592957,0.01027977361,-0.01551545918,1,0.01551545918,0.1969353975,0.1117030231,1.763026568,0.05720561121,0.01210975512,0.7883117606,-0.001525420242,0.02918479511,1,0,0
2018-12-26,-0.06653395927,-0.8948724311,0.0002329994187,34.04070306,19.4294816,-21.87665924,36.676548,0.02844608847,36.12943506,-60,0.1966743787,0.99900877,19.22370233,601537630000,-6.280862034,-0.03542491843,0.01029532894,1.297648325e-15,1.77,116.1156,46.04,30.40999985,25.69000053,97.31999969,34.70999908,24.37000084,63.88999939,20,156,-0.4103,0.001859,340.4547,0.249456,0.25106,0.293998,0.296058,0.295028,0.250258,0.229333,0.230455,0.229894,56.35,61.3,83.35,87.2,107.83,111.69,-2.535759295,0.06898218989,-0.07167892843,0.03458213256,0.263862,0.3379845,0.217629,0.290292,0.1977792,0.2664466,0.2276304813,0.3558362731,-0.1282057918,-0.4467470997,0.162059977,0.2682137139,-0.1061537369,-0.5038176074,0.1369806644,0.2413572911,-0.1043766266,-0.5664385908,1.071748811,0.001604,-0.2463169596,0.00589525,0.148245,0.02053821274,-0.03957793247,-0.005402090723,0.0002004292174,-0.2861192981,0.0037025,0.145326,-0.2958362073,0.0022189,0.1373348,-0.1552120795,-0.09422695553,97.31999969,-7.730003357,-0.1238835883,-0.08373350538,-0.1552120795,-0.09422695553,-0.0513818477,-0.03472907456,0.09748084512,0.2676346983,0.2669862921,-0.1012730035,0.04840317767,0,0,0.2284022069,0.1972006623,1.158222312,0.08306342381,0.01112482748,0.8660682769,-0.000984927639,0.07775651625,0,0,1
2019-01-02,1.022102162,2.506127761,0.0003421639886,20.02832759,-15.26278606,0.8920003804,42.12743157,0.02613712972,34.53181391,-60,0.3721799293,0.6362953716,31.73476157,609143280000,-5.3011842,-0.00188104557,0,1.236351754e-15,1.7,115.7676,46.31,23.21999931,22.75,81.66000366,23.02000046,22.30999947,62.79999924,16,160,-0.41529,0.0022532,340.4965,0.2060036,0.2080836,0.202553,0.206642,0.2045975,0.2070436,0.203729,0.205344,0.2045365,38.6,41.55,69.36,71.71,97.95,99.5,-2.098143487,0.06782717736,-0.05931918618,0.870428565,0.177456,0.24232,0.1795684,0.2433018,0.175662,0.239817,0.2330438443,0.3444853683,-0.111441524,-0.3908250084,0.1634886344,0.2652480036,-0.1017593692,-0.4839217776,0.1369887986,0.2428865137,-0.1058977151,-0.5726951521,1.281121482,0.00208,-0.3090410123,0.0052905,0.129728,-0.01643966661,-0.07681003197,-0.0171586787,-0.03697787935,-0.301432449,0.0043915,0.1274668,-0.3088242727,0.003203,0.12831,-0.02024114243,0.1349709371,81.66000366,-15.65999603,0.00868804742,0.1325716357,-0.02024114243,0.1349709371,-0.01934068282,0.03204116488,0.1134886854,0.268725294,0.2969244757,0.02993818354,0.001267693063,0,0,0.2283130155,0.1823642963,1.251961157,0.08172736766,0.01137086424,0.8608683411,0.0002460367636,-0.005199935811,0,0,0
2019-01-09,0.974704429,1.469107346,0.0003683254745,-27.14753622,-5.543388662,18.55305102,52.31915346,0.02544555443,28.31094065,-60,0.6937963093,0.2160394613,53.33565275,621860510000,4.763682015,0.03789508639,0,1.328863046e-15,1.83,114.1394,52.19,19.97999954,20.69000053,86.62000275,19.18000031,20.89999962,57.02000046,18,156,-0.43349,0.002528,356.8245,0.175204,0.17723,0.16588,0.1686355,0.16725775,0.176217,0.1843292143,0.1857808571,0.1850550357,35,34.875,63,62.8,92.64642857,91.19285714,-1.871385206,0.06901934653,-0.05049621202,1.04835924,0.1472015,0.1944345,0.150915,0.209352,0.1551082857,0.2199216429,0.1248888361,0.3182772107,-0.1933883745,-0.9354987041,0.1093798699,0.2887009025,-0.1793210326,-0.9705643444,0.1062980635,0.2489331749,-0.1426351113,-0.8509374183,1.638326055,0.002026,-0.2765106722,0.00356025,0.094466,-0.04342817291,-0.07332522789,-0.0277223593,-0.02698850631,-0.3244093964,0.0039165,0.116874,-0.3456436524,0.002459928571,0.1296267143,0.03553558599,0.05577672842,86.62000275,4.959999084,0.04171007426,0.03302202684,0.03553558599,0.05577672842,0.01014978632,0.02949046914,0.1081941609,0.2599574782,0.2938847731,-0.00303970255,0.004089671333,0,0,0.1983976498,0.2192817025,0.9047615353,0.09264466725,0.00929645616,0.8996547083,-0.002074408082,0.03878636721,0,0,0
2019-01-16,0.8501310737,1.386997791,0.0003577120819,-49.86432954,-4.484083145,20.2286077,55.74020588,0.01639137194,20.93800829,-36,0.842897659,-0.4770419591,79.28786586,625928340000,5.244317907,0.02902584235,0,1.242765222e-15,1.82,114.1341,52.08,19.04000092,19.53000069,83.33999634,16.72999954,19.84000015,51.95000076,18,152,-0.45497,0.002926,361.0547,0.149587,0.152046,0.144218,0.146376,0.145297,0.1508165,0.1637292857,0.1653655714,0.1645474286,31.7,29.75,54.95,54,84.36428571,80.8,-1.620625183,0.06900628799,-0.04322295275,0.4604576094,0.129345,0.176582,0.129524,0.186628,0.136089,0.2014057143,0.1475589306,0.2330438443,-0.08548491371,-0.4569989834,0.1065601145,0.2770619903,-0.1705018758,-0.9555319916,0.105315482,0.2424757043,-0.1371602223,-0.8339410809,1.837080096,0.002459,-0.308812233,0.0076665,0.094474,-0.04051118299,-0.03319821516,-0.03171861093,0.002916989923,-0.3612439586,0.0072595,0.114208,-0.3870680726,0.004199928571,0.1306334286,0.02573528086,-0.009800305131,83.33999634,-3.280006409,0.1380753997,0.09636532541,0.02573528086,-0.009800305131,0.01587298797,0.005723201645,0.09664344354,0.2495763464,0.279138993,-0.01474578008,0.002219520529,0,0,0.1716916292,0.222413111,0.771949227,0.08695250599,0.01018915951,0.8828192541,0.0008927033543,-0.01683545424,1,0,0
2019-01-23,0.6054040615,1.677242705,0.0003203816585,-34.20132285,7.43673343,17.2202037,56.64083594,0.01503283809,18.20500075,64,0.7734715524,0.2814257435,72.56580034,633174580000,4.216530101,0.02048803615,0.006627209819,1.250679547e-15,1.8,114.5732,52.44,19.52000046,20.07999992,88.44999695,19.36000061,20.09000015,54.18999863,18,144,-0.47622,0.0026634,358.18948,0.165886,0.1685968,0.16892,0.172772,0.170846,0.1672414,0.172169,0.174294,0.1732315,34.05,36.35,58.38,61.5,87.35,87.15,-1.78286042,0.06787233865,-0.04792642624,0.7180231104,0.151039,0.202924,0.14252,0.205377,0.143901,0.211933,0.1065697687,0.1251177269,-0.01854795824,-0.1604552338,0.09780390362,0.2576039303,-0.1598000267,-0.9684587609,0.09696268988,0.2378200972,-0.1408574074,-0.8971882298,1.54031197,0.0027108,-0.2931662349,0.0061355,0.10377,-0.02825674311,0.01353391013,-0.02654924606,0.01225443988,-0.3613540789,0.0067071,0.125714,-0.3823805482,0.0046855,0.136064,0.02868849656,0.002953215699,88.44999695,5.11000061,0.008264454668,-0.129810945,0.02868849656,0.002953215699,0.0004980193685,-0.0153749686,0.09893285742,0.2223288803,0.3079509503,0.0288119573,0.002200489919,0,0,0.1427201053,0.2289332474,0.6234136237,0.07525341656,0.00889363166,0.8818175697,-0.001295527855,-0.001001684383,0,0,0
2019-01-30,0.1504233114,3.055285041,0.0001356947633,-17.63907147,11.50910122,9.998592944,60.96208974,0.01225690675,15.19085746,92,0.8447841687,0.553922791,71.84717699,637179190000,3.26585314,0.01983526364,0.007510509102,8.690547246e-16,1.84,114.0705,54.18,17.65999985,18.68000031,82.38999939,17.31999969,19.04000092,48.31999969,18,139,-0.49418,0.0029132,360.48266,0.1506226,0.1540124,0.147468,0.152452,0.14996,0.1523175,0.1577177143,0.1591397143,0.1584287143,31.2,31.55,54.44,55.42,83.59285714,80.38571429,-1.634161237,0.06722788833,-0.04365282836,0.9044290022,0.134432,0.173928,0.1314892,0.1828976,0.1316818571,0.1917092857,0.09761272931,0.1446564017,-0.04704367241,-0.3933533789,0.09240814047,0.2566574958,-0.1642493553,-1.02152742,0.09105125712,0.2316852426,-0.1406339855,-0.9339571245,1.685016468,0.0033898,-0.2561681152,0.00422,0.078992,-0.03468551069,0.001562527041,-0.02857839412,-0.006428767573,-0.3270391759,0.0048759,0.1028168,-0.3712373075,0.003266857143,0.1200548571,0.05775767081,0.02906917426,82.38999939,-6.059997559,0.01963049414,0.01136603948,0.05775767081,0.02906917426,0.01927198097,0.0187739616,0.09189323603,0.1349366617,0.4051195938,0.09716864352,0.01542960989,0,0,0.1078834596,0.1581045685,0.6823551059,0.07484915555,0.008976085407,0.8800776663,8.245374764e-05,-0.00173990334,0,1,0
2019-02-06,-0.704455849,0.7439026927,5.158971908e-05,-33.46262289,-8.607544786,11.07114163,66.0738467,0.0114647049,18.54886559,88,0.9160835366,0.07108556206,72.74772332,649395960000,2.280298025,0.02228751966,0.003659350812,6.010999636e-16,1.86,114.2275,53.94,15.38000011,16.89999962,84.98999786,12.72999954,17.69000053,47.43999863,18,132,-0.51122,0.0032526,369.77672,0.1316382,0.1353688,0.1095305,0.1164515,0.112991,0.1335035,0.1391356154,0.1412549231,0.1401952692,25.25,24.65,49.92,48.89,76.41538462,71.79615385,-1.469240665,0.06768475734,-0.03826401753,0.2436657922,0.102172,0.1326515,0.1154422,0.160987,0.1181028462,0.1709022308,0.103380305,0.1065697687,-0.003189463632,-0.03038540514,0.09354260316,0.2264308559,-0.1328882528,-0.8840226451,0.09233860225,0.2267202247,-0.1343816225,-0.8982544872,1.696066814,0.0037306,-0.2595949724,0.00442075,0.060959,-0.02761649216,0.001409850485,-0.03174734678,0.007069018522,-0.3295223515,0.0047111,0.0910896,-0.3653872463,0.004307269231,0.1055987692,0.09882961592,0.0410719451,84.98999786,2.599998474,0.2081697304,0.1885392362,0.09882961592,0.0410719451,0.04674561736,0.02747363639,0.06061221183,0.07987478953,0.4314435588,0.02632396492,-0.002226915718,1,0.002226915718,0.06150787188,0.1030287957,0.5969969024,0.06144103125,0.01017009873,0.8344738276,0.001194013324,-0.04560383875,0,0,0
2019-02-13,-0.4718341136,-0.03529912969,6.047565435e-05,-25.44480965,-15.4870258,4.345295978,66.96880796,0.01003128186,18.24622382,100,0.9068875141,-0.3343305633,71.85542774,659854690000,4.129581013,0.01948407638,0.002673272252,5.982037834e-16,1.86,114.9388,53.84,15.64999962,16.95999908,80.26999664,13.48999977,17.62000084,48.16999817,18,132,-0.5282,0.003238,374.04318,0.130934,0.1337852,0.117269,0.123332,0.1203005,0.1323596,0.1388327692,0.1409227692,0.1398777692,25.4,28.15,48.93,50.12,74.89230769,73.50384615,-1.473458503,0.06793300109,-0.03793633393,0.164681675,0.108046,0.143248,0.1155368,0.16114,0.1180759231,0.1713720769,0.07130987171,0.09761272931,-0.0263028576,-0.3139731372,0.1037512966,0.1626940574,-0.05894276081,-0.4498748323,0.09497392458,0.224109523,-0.1291355984,-0.8585324983,1.229182148,0.0028512,-0.2801658615,0.0053465,0.070404,-0.001977107516,0.004943965378,-0.03065928796,0.02563938465,-0.3296496128,0.0059788,0.0912064,-0.3682606468,0.004846230769,0.1065923077,0.0837060382,-0.01512357771,80.26999664,-4.720001221,0.1601185978,-0.04805113258,0.0837060382,-0.01512357771,0.0389151999,-0.007830417454,0.06113754188,0.08067041959,0.4311291217,-0.0003144370752,0.003019431594,0,0,0.06742731996,0.10444586,0.6455719733,0.03719351778,0.01072416146,0.7116658467,0.0005540627278,-0.1228079809,1,0,0
2019-02-20,-0.2568555855,0.1519741006,5.481930116e-05,-19.81706652,3.122460887,4.730758156,70.1833181,0.008670337032,19.99064729,100,0.8993904002,0.3451341091,71.55212465,667098080000,2.888197102,0.01904078059,0,5.01379534e-16,1.89,114.5676,56.9,14.02000046,15.81999969,75.58999634,12.60000038,16.75,44.54000092,15,132,-0.54679,0.0035714,371.87798,0.1194388,0.122742,0.106294,0.113564,0.109929,0.1210904,0.128545,0.1309489231,0.1297469615,23.35,24.45,45.39,44.73,69.75,68.03461538,-1.340203969,0.06677164147,-0.03470790441,0.7390349983,0.097915,0.130974,0.103568,0.1476798,0.1079253846,0.161013,0.06862935619,0.1017694421,-0.03314008591,-0.3939895072,0.1052712916,0.1092410783,-0.00396978672,-0.03701642007,0.1085369525,0.2179340153,-0.1093970627,-0.6971016434,0.9021448301,0.0033032,-0.2888649083,0.0045155,0.066118,0.007722428087,0.001727365695,-0.03066096098,0.009699535603,-0.3511417811,0.0045335,0.0882236,-0.394793889,0.004722230769,0.1061752308,0.1283879585,0.04468192031,75.58999634,-4.680000305,0.1126984153,-0.04742018244,0.1283879585,0.04468192031,0.05878636682,0.01987116692,0.05883589575,0.06060867487,0.492579072,0.06144995028,0.001775533561,0,0,0.04553723411,0.09750917598,0.4670046039,0.02116398083,0.009230367639,0.563864298,-0.001493793821,-0.1478015487,0,0,0
2019-02-27,0.398600878,0.2287033765,3.617139096e-05,-22.10715559,0.6812938549,0.8201188664,68.86189873,0.008374580375,22.2178265,88,0.8128597185,0.6723115703,56.53914913,663341440000,3.120522462,0.01205009146,0.001482857645,4.542759198e-16,1.93,114.0337,56.92,14.69999981,15.98999977,80.37000275,13.14000034,16.82999992,46.27999878,19,130,-0.56436,0.0035098,372.39434,0.1210076,0.1236328,0.110456,0.115374,0.112915,0.1223202,0.1293683333,0.1313292222,0.1303487778,25.95,23.35,47.92,43.42,72.65555556,66.7,-1.355694945,0.06668045538,-0.0350602408,0.08337469895,0.096222,0.136793,0.1005624,0.151416,0.1057114444,0.1622876667,0.1125522954,0.06816465188,0.04438764349,0.5014918317,0.105870788,0.1073860872,-0.001515299151,-0.01421126191,0.1135807342,0.2106785018,-0.09709776754,-0.6178193843,0.8779096762,0.0026252,-0.348226509,0.0035925,0.081142,0.01007722772,0.008103377459,-0.02739462724,0.002354799634,-0.4036345973,0.003669,0.1017072,-0.422212014,0.003650777778,0.1131524444,0.08775510058,-0.04063285792,80.37000275,4.780006409,0.1187214174,0.0060230021,0.08775510058,-0.04063285792,0.05253284332,-0.006253523506,0.05007231176,0.06161864352,0.4483112498,-0.04426782211,-0.0005441974363,1,0.0005441974363,0.03786539342,0.09516625363,0.3978867716,0.0199209116,0.008389139878,0.5788777116,-0.0008412277609,0.01501341362,0,1,0
2019-03-06,0.5273629203,0.6566088533,2.74376124e-05,7.561467172,4.825376808,-5.18443967,57.74806957,0.007887827007,20.39440762,92,0.5395573383,-0.7442076206,42.19485904,651509320000,-0.1495224938,-0.004377856079,0,3.786569376e-16,1.91,114.9697,56.22,15.73999977,16.73999977,86.09999847,14.98999977,17.46999931,45.63000107,17,128,-0.57613,0.00333575,367.90285,0.128819,0.130427,0.128,0.130108,0.129054,0.129623,0.134882,0.136521,0.1357015,29.35,26.55,50.4375,45.1875,75.95,69.05,-1.419305688,0.06637371232,-0.03715238447,0.6336662233,0.107139,0.159138,0.1045665,0.16110375,0.107313,0.170699,0.09961241179,0.06862935619,0.0309830556,0.3725663972,0.1018385046,0.09356703948,0.008271465075,0.08471009072,0.1170224978,0.1988374062,-0.08181490837,-0.5301212312,0.721839793,0.001608,-0.3905632105,0.0040845,0.103998,0.0160199684,0.01194494639,-0.02112141698,0.00594274068,-0.4256197297,0.003212125,0.1130745,-0.4559947053,0.0033045,0.126772,0.06353240245,-0.02422269814,86.09999847,5.729995728,0.05003335633,-0.06868806111,0.06353240245,-0.02422269814,0.0436080975,-0.008924745811,0.05135307318,0.06464831307,0.4426936164,-0.005617633495,-0.006545473604,1,0.006545473604,0.04776106726,0.06975404966,0.6847067302,0.0167182842,0.007963493319,0.5236656331,-0.0004256465585,-0.05521207855,0,0,0
2019-03-13,0.7251301286,-0.01636534416,3.81892057e-05,22.74955888,-4.83361174,-4.465102056,64.3018073,0.008592258974,17.63987088,88,0.9053409203,0.03820250284,42.23571796,655132310000,0.5296577704,0.009427676192,0,4.235862172e-16,1.92,114.7361,58.27,13.40999985,15.32999992,82.76000214,12.52999973,16.45999908,44.56999969,16,128,-0.57952,0.0037816,379.5276,0.1103472,0.112754,0.105077,0.109856,0.1074665,0.1115506,0.1217016667,0.1239113333,0.1228065,24.25,22.95,44.48,40.5,68.83333333,64.15,-1.260015818,0.06750949867,-0.03197460373,0.4282290379,0.094224,0.129057,0.0939446,0.1365154,0.100306,0.1524663333,0.129551704,0.1125522954,0.01699940866,0.140662099,0.0910099867,0.1005435141,-0.009533527385,-0.09962136531,0.1228950397,0.195772968,-0.07287792831,-0.465625006,0.9013265198,0.0024068,-0.3120104263,0.004174,0.069666,0.007873811366,-0.001118970572,-0.02324561857,-0.008146157035,-0.3694419856,0.0036794,0.0851416,-0.4127060319,0.003579666667,0.1043206667,0.1431767411,0.07964433865,82.76000214,-3.339996338,0.07023145516,0.02019809883,0.1431767411,0.07964433865,0.07371162207,0.03010352457,0.04876966643,0.07563508533,0.3920241449,-0.05066947146,0.006925546757,0,0,0.04473419423,0.07855877383,0.5694360038,0.0167222184,0.006613220175,0.604524949,-0.001350273144,0.0808593159,1,0,0
2019-03-20,0.6925923918,1.005361879,2.828258793e-05,5.508391554,8.584063803,0.3252773905,64.57088368,0.009103864954,19.99541782,28,0.8159147591,-0.241400959,52.2557411,653787290000,1.125028957,0.009694015454,0,3.78307368e-16,1.96,114.1497,60.12,13.90999985,15.78999996,86.62999725,13.48999977,16.78000069,42.52999878,14,126,-0.57764,0.003448666667,385.3215333,0.1190046667,0.119536,0.117807,0.10944,0.1136235,0.1192703333,0.1268616667,0.1283063333,0.127584,26.95,23.2,49.45,42.81666667,72.86666667,65.83333333,-1.367780587,0.06821709516,-0.03418644852,0.1968267441,0.104608,0.129166,0.1014673333,0.142988,0.1053773333,0.1566273333,0.141715022,0.09961241179,0.04210261019,0.3525313805,0.09362722139,0.08977010365,0.003857117737,0.0420691696,0.1228488819,0.178798291,-0.05594940907,-0.3753033068,0.7526607928,0.0005313333333,-0.2101003533,0.0032635,0.049116,0.01129013807,0.002987667169,-0.0156911518,0.0034163267,-0.3396994134,0.002957333333,0.08304133333,-0.3912144059,0.003418333333,0.1025,0.1351545748,-0.008022166328,86.62999725,3.869995117,0.03113417965,-0.03909727552,0.1351545748,-0.008022166328,0.06269795612,-0.01101366595,0.0426510064,0.07619935081,0.3588630897,-0.03316105519,-0.002948696741,1,0.002948696741,0.04507317179,0.07069277546,0.6375923352,0.0146434405,0.006584768995,0.5503263736,-2.84511801e-05,-0.05419857539,0,0,0
2019-03-27,-0.5167626782,1.602566107,5.427579696e-05,34.31973003,8.840508859,-4.34558698,54.11705245,0.01047124399,19.41577416,36,0.5417575249,-0.06711916022,58.95479851,649606240000,0.7929460702,-0.0013679054,0.006025230128,5.146219523e-16,1.84,115.1236,59.39,15.14999962,16.78000069,91.33999634,14.69999981,17.55999947,60.97000122,17,125,-0.57448,0.003016,380.9363,0.1378136,0.1401506,0.131707,0.137297,0.134502,0.1389821,0.142176,0.144141,0.1431585,28.95,29.95,53.71,52.23,78.3,75.5,-1.575694254,0.06789412805,-0.03983336324,0.4964329179,0.11359,0.157398,0.1155822,0.1664906,0.117316,0.175194,0.07237025235,0.129551704,-0.05718145169,-0.5822847246,0.08706449587,0.1036305476,-0.01656605171,-0.1741829714,0.1158367148,0.137266238,-0.02142952318,-0.1697408145,0.745639529,0.002337,-0.3233205898,0.000992,0.087616,0.01221295845,0.001307143985,0.001652336036,0.0009228203858,-0.3609592985,0.0020543,0.1018168,-0.3957334792,0.0030965,0.115756,0.1075908323,-0.02756374248,91.33999634,4.709999084,0.03061223232,-0.0005219473257,0.1075908323,-0.02756374248,0.04648383477,-0.01621412136,0.04498185619,0.1048948089,0.3001258146,-0.05873727512,-0.004655143277,1,0.004655143277,0.08227185411,0.08110015435,1.014447565,0.01797074904,0.007231458652,0.5975983731,0.0006466896576,0.04727199951,0,1,1
2019-04-03,-0.6790026579,1.279272129,5.988146191e-05,-0.2854868601,-11.6169248,2.478607717,66.6289091,0.009897437581,21.49589383,72,0.915472634,-0.1802840191,71.79298251,666941520000,1.428196918,0.01500985917,0.004792201107,5.371828821e-16,1.91,114.7204,62.46,13.73999977,15.63000011,84.23000336,12.28999996,16.60000038,53.84000015,19,124,-0.57379,0.0035674,386.83286,0.1149122,0.1180966,0.102153,0.103897,0.103025,0.1165044,0.125369,0.127283,0.126326,23.3,22.95,45.55,44.65,71.8,68.15,-1.341301496,0.067312741,-0.03339397866,0.5539206228,0.094494,0.122196,0.0989924,0.1433148,0.103267,0.158112,0.05710475124,0.141715022,-0.08461027074,-0.9089308313,0.1129253518,0.1052712916,0.007654060158,0.07018624891,0.1154748673,0.1074423023,0.008032565071,0.0720989271,0.9035821104,0.0031844,-0.2556832341,0.00532,0.055404,0.007796714532,-0.009468996832,0.004414409962,-0.00441624392,-0.3658364258,0.0046492,0.0886448,-0.4196588096,0.0043635,0.10969,0.1375546124,0.02996378014,84.23000336,-7.109992981,0.1179820841,0.08736985179,0.1375546124,0.02996378014,0.06206015738,0.01557632262,0.04633237897,0.09933506018,0.3180695647,0.01794375016,0.00214607242,0,0,0.07695015563,0.09185119946,0.8377697416,0.01871939568,0.007637350841,0.592008686,0.0004058921884,-0.005589687098,0,0,0
2019-04-10,-1.35941791,3.622597719,4.527760215e-05,-45.97071002,-7.709308649,2.440571304,65.77853738,0.008319541244,26.31033026,84,0.8381371496,0.7164482186,70.29218065,676252440000,3.21080383,0.01392011533,0.006244313999,4.676252596e-16,1.94,114.4255,64.62,13.30000019,15.38000011,89.48999786,10.14000034,16.48999977,48.59999847,17,121,-0.57967,0.0036978,392.4845,0.1093314,0.1126694,0.0924345,0.0959815,0.094208,0.1110004,0.1213200714,0.1234966429,0.1224083571,21.825,22.2,43.59,43.59,69.63214286,66.825,-1.296605253,0.06794597692,-0.03181695463,0.2604608722,0.0840225,0.113768,0.0941198,0.1403222,0.1004875,0.1557178571,0.0577011355,0.07237025235,-0.01466911685,-0.2265184831,0.1207163078,0.105870788,0.01484551982,0.1312238599,0.1167807135,0.1063867258,0.01039398769,0.09321712094,0.953787446,0.003338,-0.3007778432,0.00468725,0.059491,0.006480376752,0.003637693839,0.00366567047,-0.001316337781,-0.3941478063,0.0062206,0.0924048,-0.4311413138,0.005694321429,0.1104607143,0.1563909695,0.01883635703,89.48999786,5.259994507,0.3116370553,0.1936549712,0.1563909695,0.01883635703,0.07217162864,0.01011147125,0.03933939483,0.08527665691,0.3156848117,-0.002384753046,0.003471837754,0,0,0.07410726443,0.07444270556,0.9954939691,0.01929411361,0.008085489849,0.5809348895,0.0004481390086,-0.01107379646,0,0,0
2019-04-17,-1.30020003,3.683512981,4.433546767e-05,-29.14457566,7.936833338,0.3816635674,65.99948228,0.006196091395,30.96913105,68,0.7462269263,-0.5565419802,78.78299879,679589630000,1.160021151,0.0061384628,0.00636050972,4.634591168e-16,1.94,114.5128,63.74,12.60000038,14.81999969,85.55000305,11,16.29000092,48.65000153,19,116,-0.58985,0.003851,400.3544,0.102506,0.1057,0.0970225,0.0983125,0.0976675,0.104103,0.1168694286,0.118858,0.1178637143,24.325,21.55,43.2,40.3,69.04285714,62.96428571,-1.240419467,0.06901591132,-0.02984056609,0.3567613157,0.0858925,0.11733,0.088006,0.129541,0.096804,0.1481975714,0.06856102444,0.05710475124,0.01145627319,0.182836894,0.1269181631,0.1018385046,0.02507965859,0.2201542242,0.1165743521,0.0969699321,0.01960442001,0.1841283329,0.9782475487,0.003194,-0.3093899544,0.00394375,0.062875,0.00550491995,0.006277987942,0.004488687413,-0.0009754568014,-0.3818485201,0.0046705,0.08307,-0.4195366677,0.004637071429,0.1027871429,0.1761904164,0.0197994469,85.55000305,-3.939994812,0.1454545801,-0.1661824751,0.1761904164,0.0197994469,0.09919036781,0.02701873918,0.04121654537,0.08536430151,0.325614391,0.009929579308,-0.002276400821,1,0.002276400821,0.07377602994,0.07488549458,0.9851845188,0.02005617527,0.009685094255,0.5171016345,0.001599604405,-0.06383325506,1,0,0
2019-04-24,0.154079236,0.05297397332,1.917155879e-05,-5.726368603,-2.402104367,0.4039678054,69.93717116,0.005625960561,33.89235528,84,0.8297638094,-0.7773751557,71.04298903,686312860000,1.192986922,0.009240585619,0.002889514787,3.533957164e-16,1.96,115.4172,65.96,13.14000034,15.03999996,85.16999817,12.53999996,16.28000069,50.52000046,21,117,-0.5998,0.003868,396.86822,0.1028686,0.1059922,0.102628,0.100763,0.1016955,0.1044304,0.116172,0.117989,0.1170805,26.05,20.6,44.12,39.1,70.1,61.75,-1.233485326,0.06778857631,-0.02993438262,1.006956038,0.091578,0.120009,0.0884904,0.1316222,0.095386,0.148719,0.1118336822,0.05779362508,0.05404005716,0.6601343107,0.1444505376,0.09226753703,0.05218300056,0.4482447804,0.1173038236,0.09540019451,0.02190362909,0.2066867345,0.8835313954,0.0031236,-0.2687405181,0.004098,0.056862,0.008752662512,0.00700187162,0.004606646367,0.003247742562,-0.3919066878,0.0056259,0.0862636,-0.4369676983,0.004972,0.106666,0.1445966186,-0.03159379772,85.16999817,-0.3800048828,0.04784692052,-0.09760765962,0.1445966186,-0.03159379772,0.08244685691,-0.0167435109,0.03382134544,0.05439630597,0.3833852398,0.05777084875,-0.002194168603,1,0.002194168603,0.02950741796,0.06719310018,0.439143571,0.01897747222,0.01046417383,0.4486002293,0.0007790795774,-0.06850140518,0,0,0
2019-05-01,0.2086956899,1.212851793,1.071962874e-05,38.87603704,14.47843042,-1.177145142,62.21930012,0.006378339401,33.78614785,96,0.6759956108,-0.9759586775,55.56490756,689558060000,0.5613267084,0.001940797499,0.003351697685,2.918649237e-16,1.93,115.0008,63.55,14.80000019,16.19000053,95.75,14.94999981,17.09000015,46.75,21,117,-0.60389,0.0035016,397.21214,0.1139952,0.1177464,0.109874,0.116139,0.1130065,0.1158708,0.1241365,0.12616375,0.125150125,24.95,26.65,45.73,46.35,72.75625,68.69375,-1.369800251,0.06792900507,-0.03321244212,0.08600638222,0.097167,0.142221,0.0970744,0.1485498,0.10163175,0.1591655,0.1702718898,0.06873133066,0.1015405591,0.9071913655,0.1472847777,0.09390253398,0.05338224371,0.4501106041,0.1184403805,0.09098992547,0.02745045501,0.2636609244,0.8104072293,0.0037512,-0.3764098451,0.0066875,0.090108,0.01308631468,0.008046473228,0.00738338725,0.004333652164,-0.4191394822,0.0069413,0.1029508,-0.4412143916,0.0052485,0.1150675,0.09391894091,-0.05067767773,95.75,10.58000183,-0.01003341943,-0.05788033995,0.09391894091,-0.05067767773,0.05558984489,-0.02685701202,0.03010056215,0.06101403807,0.3303593725,-0.05302586729,-0.00753044585,1,0.00753044585,0.03624738824,0.04919063233,0.7368758344,0.02095989712,0.01214221123,0.4206931856,0.001678037396,-0.02790704365,0,0,0
2019-05-08,-0.8313843817,2.200359768,3.445634405e-05,72.87642318,7.531633956,-8.816952544,45.00326415,0.009424000573,27.73218178,80,0.06389444844,-0.5024384453,40.94537557,678573520000,-0.9817862329,-0.0139924225,0,3.688528683e-16,1.87,115.5161,62.13,19.39999962,18.75,106.4800034,21.32999992,18.60000038,51.31000137,19,120,-0.60162,0.0024772,391.08332,0.1635046,0.1651196,0.188081,0.190267,0.189174,0.1643121,0.1556026667,0.1569181667,0.1562604167,42.25,42.8,64.72,63.82,89.2,84.70833333,-1.912491714,0.06791008606,-0.04708766756,0.5907387411,0.149728,0.234442,0.1283662,0.2096944,0.1209478333,0.1977978333,0.1619530469,0.1118336822,0.0501193647,0.3702936719,0.1407438128,0.08780454392,0.05293926887,0.4718280548,0.1163351641,0.09774024136,0.01859492275,0.1741620095,0.5343766157,0.001615,-0.4410235052,0.002911,0.169428,0.02992636059,0.02328002979,0.01486416304,0.01684004591,-0.4811456881,0.0047182,0.1626564,-0.4822026339,0.003112416667,0.1537,-0.03350513563,-0.1274240765,106.4800034,10.73000336,-0.09048290258,-0.08044948315,-0.03350513563,-0.1274240765,-0.007999979655,-0.06358982455,0.06017117617,0.077455812,0.4372047733,0.1068454009,-0.001606715389,1,0.001606715389,0.06842851314,0.05641757094,1.212893643,0.01791666173,0.0102070238,0.4303054915,-0.001935187428,0.009612305884,0,0,0
2019-05-15,-1.442103249,3.028229278,6.343345241e-05,85.39191042,-16.55514712,-13.8843232,43.11189938,0.01413155745,27.40025652,-32,0.1540561452,0.6458717137,40.18218257,681076740000,-3.128410769,-0.01486951704,0.006280512224,5.298510426e-16,1.83,115.8561,62.03,16.44000053,17.48999977,94.52999878,16.30999947,17.80999947,57.40000153,21,124,-0.59319,0.0027588,386.10634,0.148717,0.150246,0.1479925,0.1495435,0.148768,0.1494815,0.1485198333,0.149822,0.1491709167,35.375,33.2,59.47,56.22,84.7125,78.8375,-1.717730799,0.06771514507,-0.04284061092,0.9006296757,0.121057,0.175534,0.1192816,0.1827428,0.1174828333,0.1840090833,0.1131971451,0.1702718898,-0.05707474471,-0.4082655659,0.1210927387,0.1099924427,0.01110029595,0.09614502643,0.1292840763,0.1071746651,0.02210941111,0.1875522366,0.7358264584,0.001529,-0.3673543702,-0.0004725,0.108954,0.01492902429,-0.006860598629,0.01076555353,-0.01499733629,-0.4202388946,0.0015307,0.1269224,-0.441313656,0.001575041667,0.1330525,0.06386856466,0.09737370029,94.52999878,-11.95000458,0.007970635952,0.09845353853,0.06386856466,0.09737370029,0.01829615203,0.02629613169,0.07851334613,0.09738282428,0.4463618847,0.00915711133,0.005821994328,0,0,0.1109534205,0.0623297169,1.780104676,0.0226946758,0.01059633834,0.5330914425,0.0003893145425,0.102785951,1,0,0
2019-05-22,-1.097563572,1.636235222,7.291893283e-05,-3.947336875,-7.043817255,-5.817923898,45.95824332,0.01473398722,21.01517769,-32,0.298018906,-0.2813424462,41.76398007,677834470000,-2.598490417,-0.004130493539,0.006132250167,6.284380917e-16,1.79,116.2414,61.42,14.75,16.42000008,89.30000305,13.92000008,17.10000038,54.95999908,16,125,-0.58374,0.002939,394.2157,0.136365,0.13787,0.127115,0.1284,0.1277575,0.1371175,0.138726,0.140078,0.139402,31.025,28,56.55,51.75,79.65,73.45,-1.608746168,0.0690088297,-0.03929926029,2.549548278,0.105836,0.151154,0.110887,0.166809,0.111084,0.171904,0.1681580045,0.1619530469,0.006204957602,0.03759758111,0.1164999742,0.1165069439,-6.96976541e-06,-5.982453628e-05,0.1480947498,0.1107550788,0.03733967099,0.2905310041,0.8496869031,0.001505,-0.3526829838,0.0007375,0.090636,0.008182382016,-0.009906810609,0.007166230117,-0.006746642279,-0.4027569717,0.0017305,0.111844,-0.4298415481,0.002092,0.12164,0.1132203442,0.0493517795,89.30000305,-5.229995728,0.05962643097,0.05165579502,0.1132203442,0.0493517795,0.04141292948,0.02311677745,0.08184756284,0.09314731798,0.4677140409,0.0213521562,-0.002828392364,1,0.002828392364,0.1153049973,0.06895252984,1.672237372,0.02399421085,0.01042034287,0.5657142912,-0.0001759954751,0.03262284867,0,0,0
2019-05-29,-0.66397433,0.4828853086,7.843601756e-05,-21.76585078,0.3609559785,-9.488053937,34.29874371,0.01447758155,23.17191489,-76,0.03344937632,0.3061209141,40.3101132,668976290000,-3.414308536,-0.01994529346,0.006557694101,7.243252885e-16,1.75,116.5533,58.84,17.89999962,18.23999977,93.83000183,18.34000015,18.61000061,63.15999985,16,132,-0.57707,0.002564,378.20324,0.1635472,0.1647396,0.162458,0.163228,0.162843,0.1641434,0.1609252,0.1623462,0.1616357,35.35,35.45,62.8,61.38,87.46,84.07,-1.847606122,0.06794835107,-0.04703936187,0.5280027264,0.141006,0.182604,0.1357898,0.1918584,0.1314266,0.1930238,0.1464502902,0.118582229,0.02786806123,0.2110794196,0.1034721105,0.1218914222,-0.01841931178,-0.1638285546,0.1477266856,0.1145462408,0.03318044483,0.2543852565,0.742591065,0.0011924,-0.2570872346,-0.001038,0.083196,0.01718347982,0.01245609762,0.01300525824,0.009001097806,-0.34224879,-0.0003193,0.1121372,-0.3797017973,0.0005895,0.1231944,0.01899442234,-0.09422592182,93.83000183,4.529998779,-0.02399130482,-0.08361773579,0.01899442234,-0.09422592182,0.02028513398,-0.02112779549,0.0858241332,0.1023607157,0.456062928,-0.0116511129,-0.006935910167,1,0.006935910167,0.1288453492,0.06690556498,1.925779257,0.02598989427,0.01113237546,0.5716652272,0.0007120325915,0.005950935989,0,1,0
2019-06-05,0.0792655556,0.6214281533,0.0001067464121,-3.629704204,7.903725852,-3.274125044,48.38557436,0.01193344627,25.83621536,-88,0.483900519,0.9142547536,40.70603296,671702180000,-1.167329128,0.003903975224,0.004394487077,7.568782527e-16,1.75,116.0309,51.57,16.09000015,17.12999916,86.72000122,14.89999962,17.81999969,77.63999939,29,134,-0.57279,0.002825,383.69018,0.1460488,0.1476954,0.139267,0.141884,0.1405755,0.1468721,0.1498125,0.1509482,0.15038035,31.9,30.15,58.44,54.41,83.785,78.605,-1.677184003,0.06788213294,-0.04209326306,0.3400563789,0.12356,0.158425,0.1246896,0.1716296,0.1233585,0.1801144,0.06994948816,0.1643833668,-0.09443387867,-0.8544279187,0.07719494486,0.1429206486,-0.06572570378,-0.6159555978,0.1522465822,0.1213868618,0.03085972038,0.2265188072,0.9730959701,0.0016466,-0.2472826569,0.000417,0.06973,0.005462498685,-0.00726042009,0.007879479443,-0.01172098114,-0.3168205098,0.0012875,0.09388,-0.3740426246,0.0013561,0.1135118,0.06463635788,0.04564193554,86.72000122,-7.11000061,0.0798658097,0.1038571145,0.06463635788,0.04564193554,0.04028024331,0.01999510932,0.08609540413,0.09880398411,0.4656337966,0.009570868588,0.008128726979,0,0,0.1200152352,0.09935332086,1.207964003,0.03193898499,0.01151267319,0.6395416702,0.0003802977271,0.06787644304,0,0,0
2019-06-12,0.2324164578,-0.07140097621,7.606514352e-05,-8.830780487,-7.479064987,11.88532067,56.77334645,0.01183102617,20.70010226,-72,0.7785534925,-0.2570042535,47.34996766,675010720000,1.903003764,0.02124357045,0,6.904768932e-16,1.71,115.4388,51.13,15.90999985,17.04999924,86.19999695,14.65999985,17.81999969,68.43000031,25,132,-0.5721,0.0028668,390.19256,0.141709,0.1435214,0.132775,0.136979,0.134877,0.1426152,0.1451304286,0.1465958571,0.1458631429,30.15,30.5,56.72,54.64,81.67857143,79.05714286,-1.656172321,0.06774552753,-0.04087400566,0.6709700396,0.118506,0.160457,0.1199016,0.1718716,0.1192744286,0.1798184286,0.09096343246,0.1464502902,-0.05548685774,-0.4762284702,0.07845941236,0.1480921322,-0.06963271988,-0.6352531442,0.1545064062,0.1227304026,0.03177600353,0.230245458,1.038403566,0.0018124,-0.3007639006,0.0046045,0.083902,0.003381529884,-0.00325588237,0.006213304712,-0.002080968801,-0.3562355967,0.0032714,0.10394,-0.4048508585,0.003683285714,0.121088,0.07165301072,0.00701665284,86.19999695,-0.5200042725,0.0852660309,0.005400221202,0.07165301072,0.00701665284,0.04516131919,0.004881075884,0.07471499303,0.09433714474,0.4419642012,-0.0236695954,-0.002039657827,1,0.002039657827,0.08241296445,0.104938343,0.7853465384,0.03299470517,0.01106342553,0.6646908806,-0.0004492476507,0.02514921036,0,0,0
2019-06-19,0.3160887465,0.595424008,6.865439825e-05,-29.11730938,1.206077094,12.22533277,64.54891196,0.009994534455,19.55466408,48,0.895461323,0.4800576992,63.44535124,684688710000,6.631930369,0.02600311667,0,6.004051057e-16,1.67,115.7891,53.74,14.32999992,16.10000038,84.58000183,13.86999989,17.13999939,71.37000275,29,130,-0.57197,0.0030585,399.04075,0.129373,0.1299735,0.13582,0.131644,0.133732,0.12967325,0.1361412143,0.1371007143,0.1366209643,33.15,28.05,55.925,48,80.81785714,72.82857143,-1.540027111,0.06817806326,-0.03716677974,0.6013508298,0.121475,0.152672,0.1099035,0.1562645,0.1125313571,0.1675857857,0.09231575716,0.06994948816,0.022366269,0.2774414599,0.08868869658,0.138520428,-0.04983173145,-0.4458853626,0.1537419679,0.1156735595,0.03806840834,0.2845035818,1.068226701,0.0006005,-0.2275932255,0.0033415,0.062394,0.001346980798,0.01299131693,0.005284915509,-0.002034549086,-0.3483589312,0.00341075,0.092722,-0.3930814659,0.003437607143,0.1101088571,0.1235171296,0.05186411888,84.58000183,-1.619995117,0.03316510757,-0.05210092333,0.1235171296,0.05186411888,0.06459621016,0.01943489097,0.06545283408,0.08358047197,0.4391825949,-0.002781606273,0.002980716793,0,0,0.07625571224,0.1010290366,0.7547900562,0.03032633632,0.01113842734,0.6327143767,7.500180467e-05,-0.0319765039,1,0,0
2019-06-26,0.3635792666,1.010856257,6.09718779e-05,-19.50984108,6.522863593,6.021645853,56.84557953,0.008106552266,21.36927613,56,0.6643525625,-0.9193841708,58.67029454,673400490000,0.9370481136,0.0003636801872,0,5.587131074e-16,1.7,114.5619,59.17,16.20999908,17.04999924,85.36000061,16.79999924,17.79999924,73.73000336,28,123,-0.57079,0.0027956,395.9654,0.1432706,0.1441162,0.145277,0.146158,0.1457175,0.1436934,0.145725,0.146593,0.146159,34.775,33.85,58.78,55.12,83.8,80,-1.693381387,0.067947031,-0.04118282915,0.7070089322,0.1279235,0.1704245,0.1204522,0.1730036,0.11933,0.179996,0.0631186603,0.09096343246,-0.02784477216,-0.3654411329,0.1376713981,0.121657793,0.01601360513,0.1236575447,0.1517200414,0.1147724291,0.03694761233,0.2790856995,0.8466484402,0.0008456,-0.2849088983,0.0034565,0.085002,0.01147578844,0.01295924376,0.008189742802,0.01012880764,-0.3581554701,0.0030345,0.1051028,-0.4053506879,0.003504,0.121332,0.05181987662,-0.07169725298,85.36000061,0.7799987793,-0.0351190583,-0.06828416586,0.05181987662,-0.07169725298,0.04398827176,-0.02060793839,0.05763457782,0.08211321111,0.412418531,-0.0267640639,-0.001234695679,1,0.001234695679,0.06025597586,0.1063188481,0.5667478242,0.02598237935,0.01118176076,0.5696406164,4.333342283e-05,-0.06307376026,0,1,1
2019-07-03,-0.5013971027,0.2410636417,2.581597014e-05,-8.571795636,-0.7337855103,7.028495297,70.96166652,0.007326399123,23.89046786,88,1.014303877,0.9977606947,73.17526308,690698560000,3.673435007,0.02044165829,0,4.89533612e-16,1.65,114.8145,57.06,12.56999969,14.52999973,80.04000092,9.909999847,15.73999977,68.33000183,19,120,-0.57007,0.0036776,406.84252,0.1058844,0.1096248,0.081206,0.0907745,0.08599025,0.1077546,0.1160646667,0.1177933333,0.116929,20.375,20.6,44.29,43,69.25833333,66.625,-1.304736697,0.06790169636,-0.03088691614,0.8944275253,0.077354,0.103178,0.0902346,0.1343612,0.0950435,0.1491763333,0.06309730474,0.09231575716,-0.02921845241,-0.3805367891,0.1672312872,0.1167924756,0.05043881161,0.3589791606,0.1514642422,0.1171045849,0.0343596573,0.2572821484,1.083874615,0.0037404,-0.286087785,0.00427575,0.051648,0.002160006885,-0.001127875924,-4.109276597e-05,-0.009315781556,-0.3929423435,0.0045433,0.0882532,-0.4433123436,0.005180916667,0.1082656667,0.1559268167,0.1041069401,80.04000092,-5.319999695,0.2684157304,0.3035347887,0.1559268167,0.1041069401,0.08327598489,0.03928771312,0.04815937341,0.06457064439,0.4272098448,0.01479131383,0.007643095661,0,0,0.03620746224,0.08323586443,0.4349983326,0.02492865947,0.01128817712,0.5471807405,0.0001064163606,-0.02245987596,0,0,0
2019-07-10,-0.1283147036,-0.06433643538,2.4480828e-05,-12.87579665,-9.539447746,3.755198445,67.40444039,0.007414984658,26.30174436,100,0.8584801463,-0.07951916172,61.26438947,691532650000,1.444185245,0.01296899313,0,4.45964951e-16,1.74,115.0897,60.28,13.02999973,15.18999958,85.97000122,9.93999958,16.25,62.38999939,25,120,-0.5729,0.0036344,397.92096,0.109928,0.1127492,0.085349,0.089377,0.087363,0.1113386,0.1213281429,0.1227673571,0.12204775,20.05,20.8,44.35,44.31,71.26785714,69.375,-1.318570315,0.06647371428,-0.03191385936,0.4494287286,0.078219,0.104801,0.0927802,0.139237,0.09994757143,0.1550567143,0.07497218245,0.06649834045,0.008473842002,0.1199401524,0.1797997379,0.107029693,0.07277004492,0.5187373637,0.1583866302,0.1163983142,0.04198831591,0.3080210175,0.9612990735,0.0028212,-0.2904819145,0.004147,0.053164,0.005522734116,0.003210264487,0.001347085722,0.003362727231,-0.4004599659,0.00467,0.0929136,-0.4322213072,0.005454392857,0.1102182857,0.1657712887,0.009844472008,85.97000122,5.930000305,0.3108652196,0.04244948921,0.1657712887,0.009844472008,0.06978278136,-0.01349320352,0.05705877055,0.05503869052,0.5090103737,0.08180052888,0.004500546936,0,0,0.04057883551,0.07130757298,0.5690676854,0.02082760348,0.009372248289,0.5500083195,-0.001915928833,0.002827579057,0,0,0
2019-07-17,-0.3652002943,-0.04971164281,2.493264291e-05,-16.47312988,7.423632435,-0.249545156,59.59602572,0.0065171864,28.98014222,88,0.6294550468,-0.9838246743,66.35750154,694065920000,1.450149297,0.002157333955,0,4.38367751e-16,1.75,114.8829,56.5,13.97000027,15.81999969,90.34999847,13.42000008,16.84000015,62.29000092,23,118,-0.57645,0.0034834,398.64474,0.1142884,0.1158808,0.115253,0.111151,0.113202,0.1150846,0.1265872857,0.127676,0.1271316429,27.95,24.85,47.59,44.32,75.45,69.87142857,-1.365412811,0.06678764048,-0.03298718155,1.03012308,0.096327,0.139129,0.0938422,0.1461014,0.1026512857,0.1607284286,0.09724528168,0.07229932736,0.02494595432,0.2964216382,0.1970986513,0.07915328956,0.1179453617,0.9123180247,0.1651891773,0.1177565085,0.04743266879,0.3384723409,0.687783505,0.0015924,-0.363566866,0.004526,0.085604,0.0132508475,0.007587500067,0.002295859323,0.007728113382,-0.4355956983,0.0048872,0.1045184,-0.4410145483,0.004558214286,0.1161542857,0.132426585,-0.03334470369,90.34999847,4.379997253,0.04098362054,-0.2698815991,0.132426585,-0.03334470369,0.06447537784,-0.005307403522,0.0534067834,0.06115629856,0.4661779562,-0.04283241755,-0.006552665466,1,0.006552665466,0.04742297538,0.06339243082,0.7480857693,0.01474365135,0.008478408106,0.4249451576,-0.0008938401839,-0.1250631619,1,0,0
2019-07-24,-0.5785145714,-0.6143645501,2.526743874e-05,4.815750271,4.23231055,-2.339542335,65.25100049,0.006493845131,26.89445295,100,0.8336811513,0.9973623829,43.69872657,703933080000,1.465418039,0.008393289898,0,4.449594251e-16,1.79,115.2441,55.9,12.06999969,14.56000042,83.88999939,12.18999958,15.93000031,60.70999908,22,116,-0.57992,0.00382475,408.537975,0.101502,0.10507225,0.096853,0.101809,0.099331,0.103287125,0.1180402857,0.1195508571,0.1187955714,23.4,23.45,42.0625,42.3625,69.41785714,67.45,-1.25585455,0.06764859367,-0.02960677569,0.552026415,0.086607,0.119448,0.0867515,0.129129,0.0978555,0.1495932143,0.1830135851,0.07497218245,0.1080414026,0.8924432414,0.2056062107,0.07660898028,0.1289972304,0.9872484349,0.1665641233,0.1181528122,0.0484113111,0.3434015548,0.741708904,0.00357025,-0.3187595545,0.0036965,0.065682,0.008699553403,0.00424581942,0.0001523007554,-0.004551294095,-0.3926014624,0.004653125,0.084755,-0.4181691906,0.004928785714,0.1034754286,0.2062966684,0.07387008341,83.88999939,-6.459999084,-0.009844125487,-0.05082774602,0.2062966684,0.07387008341,0.09409339602,0.02961801818,0.05073649199,0.06750682364,0.4290854981,-0.03709245804,0.004677192813,0,0,0.03908458538,0.06253639861,0.6249893862,0.01392456238,0.008055626525,0.421480812,-0.0004227815808,-0.003464345645,0,0,0
2019-07-31,-0.1640700947,-1.228504528,2.118331724e-05,54.20936599,39.98066825,-4.436459572,50.35924116,0.007394786111,26.82661751,84,0.1975634898,-0.2481500078,33.77641295,692052610000,-1.125308213,-0.007253164155,0,4.691780592e-16,1.76,115.4955,58.53,16.12000084,16.90999985,96.27999878,18.40999985,17.46999931,55.25,13,114,-0.57996,0.0030554,404.84442,0.1280984,0.1300764,0.133904,0.135501,0.1347025,0.1290874,0.1389004444,0.1401376667,0.1395190556,31.95,30.75,53.07,51.5,82.11111111,76.82222222,-1.555366476,0.06791825539,-0.03699894902,0.8925896728,0.113478,0.163899,0.105314,0.1626212,0.1117565556,0.1751217778,0.2702340561,0.09724528168,0.1729887744,1.022051994,0.2024424665,0.08444347135,0.1179989951,0.8743733977,0.1649463944,0.1189195168,0.04602687762,0.3271736039,0.6541573488,0.001978,-0.3635557382,0.003986,0.100842,0.01885474285,0.008688118697,0.005323715386,0.01015518945,-0.4277691024,0.0048802,0.1146144,-0.4417567649,0.003920111111,0.1267304444,0.04900738009,-0.1572892883,96.27999878,12.38999939,-0.1243888662,-0.1145447407,0.04900738009,-0.1572892883,0.03311646783,-0.06097692819,0.04079346423,0.08082395488,0.3354245184,-0.09366097977,-0.01094520695,1,0.01094520695,0.05903882561,0.05613322464,1.051762588,0.01359875752,0.00646805767,0.5243640708,-0.001587568855,0.1028832589,0,1,0
2019-08-07,-1.427114773,3.851254631,8.2957958e-05,130.2160844,16.75436919,-19.30752201,37.09754913,0.01360470016,31.38033495,-24,0.04080640715,0.7535375799,26.67266868,687502500000,-3.385227212,-0.0257305661,0.002581631798,5.693142239e-16,1.62,116.8003,51.14,19.48999977,19.5,104.2699966,20.95000076,19.26000023,79.08000183,12,127,-0.57134,0.0023486,388.34388,0.1739562,0.1742086,0.184187,0.178465,0.181326,0.1740824,0.173218,0.173658,0.173438,42.2,39.5,69.23,66.68,101.2,90.7,-2.012018889,0.06732776926,-0.04988509179,0.7228430836,0.143769,0.219491,0.1332754,0.216184,0.133205,0.212599,0.2426866007,0.1830135851,0.05967301558,0.2822105163,0.1740098731,0.1260984925,0.04791138062,0.3220487517,0.1490410301,0.1242477048,0.0247933253,0.1819444455,0.7243609489,0.0002524,-0.4169024941,0.000304,0.151444,0.02208517931,-0.0006148540462,0.0146432477,0.003230436457,-0.474496322,0.0006473,0.1658172,-0.4591849718,-0.000536,0.158788,0.0005130953822,-0.04849428471,104.2699966,7.989997864,-0.06968978227,0.05469908395,0.0005130953822,-0.04849428471,-0.01230768057,-0.0454241484,0.06422796444,0.113097781,0.3622032677,0.02677874935,0.0007665823339,0,0,0.1279290055,0.06523304991,1.961107226,0.02266862621,0.00676779641,0.7014465567,0.0002997387406,0.1770824858,0,0,0
2019-08-14,-0.4231410206,1.219017224,0.0001219188789,91.62408065,-76.91816275,-11.94232605,37.5113,0.01836156798,30.78977166,-24,0.02848987519,-0.964769587,27.67696691,684467650000,-5.970594703,-0.02989656795,0.01199132547,8.407309878e-16,1.57,117.0926,55.16,22.10000038,21.29999924,113.9899979,24.42000008,20.72999954,87.22000122,1,129,-0.55711,0.0019924,385.79502,0.2060774,0.2066944,0.223376,0.223055,0.2232155,0.2063859,0.1954290909,0.1960687273,0.1957489091,51.05,48,81.34,78,108.6,103.7454545,-2.369721798,0.06790731184,-0.05913099457,0.7478127606,0.180849,0.256939,0.163203,0.2450038,0.1537508182,0.2363879091,0.1914471443,0.2702340561,-0.07878691185,-0.3446766965,0.1309845845,0.1690126297,-0.03802804521,-0.2548938035,0.124228743,0.1461943033,-0.02196556024,-0.1628120131,0.8189155833,0.000617,-0.3476111725,-0.0043215,0.15218,0.0202757327,-0.02320128565,0.0169448611,-0.001809446614,-0.4007811727,-0.0022825,0.1636016,-0.4236292638,-0.0006795454545,0.1652741818,-0.03619914618,-0.03671224156,113.9899979,9.720001221,-0.09500408221,-0.02531429994,-0.03619914618,-0.03671224156,-0.02676055001,-0.01445286944,0.07542857475,0.154481831,0.3280781246,-0.03412514313,-0.02973035245,1,0.02973035245,0.171190358,0.1054382155,1.623608264,0.03442991129,0.005864642298,0.8296643216,-0.0009031541124,0.1282177649,1,0,0
2019-08-21,-0.525659997,0.1168232777,0.0001801897611,-31.63965278,-19.34990956,0.1729035176,49.92806788,0.01754700146,25.3140644,-24,0.490563651,0.2051715968,41.55465393,695203330000,2.801308439,0.01157725091,0.01141628914,9.559730634e-16,1.54,117.1778,55.65,15.80000019,17.71999931,98.02999878,16.09000015,18.37000084,84.51000214,3,126,-0.54039,0.00270225,399.372575,0.14688075,0.1482305,0.1364685,0.138552,0.13751025,0.147555625,0.1547514545,0.1559663636,0.1553589091,32.525,32.475,59.4375,58.4875,87.56818182,85.64090909,-1.753859224,0.0682821225,-0.04228903127,0.218228705,0.1141045,0.1662345,0.1184365,0.18242225,0.12391,0.1930785455,0.191521634,0.2426866007,-0.05116496667,-0.2367701283,0.1366182038,0.1797997379,-0.04318153412,-0.2746534626,0.1168561816,0.1485608024,-0.03170462074,-0.2400503562,1.218521747,0.00134975,-0.3719068699,0.00265925,0.10426,-0.007363945163,-0.03998771728,0.002066078626,-0.02763967786,-0.4253540906,0.00287375,0.1279715,-0.4364103779,0.003135363636,0.1383370909,0.1215189303,0.1577180765,98.02999878,-15.95999908,-0.01802361461,0.0769804676,0.1215189303,0.1577180765,0.03668180311,0.06344235312,0.08951974437,0.1520626721,0.370555712,0.04247758748,0.008212979557,0,0,0.1720988964,0.1238093533,1.390031463,0.03854369716,0.006215751399,0.8387349461,0.000351109101,0.009070624586,0,0,0
2019-08-28,-0.4721720487,-0.5755266725,0.0002173615495,-19.09594474,-3.447552197,-0.6148032978,46.80264777,0.01588180715,24.52304974,-24,0.4497005388,0.8869611144,48.19891702,690791930000,0.1817736956,-0.000455845947,0.01394590735,1.072613921e-15,1.55,117.8792,55.76,19.35000038,20.04999924,103.9499969,19.15999985,20.15999985,89.87000275,-3,126,-0.53013,0.0022988,392.37786,0.1757846,0.1768944,0.16804,0.170718,0.169379,0.1763395,0.1756516667,0.1764958889,0.1760737778,37.9,41.175,68.17,70.27,96.45,98.48333333,-2.059277251,0.06793386635,-0.05053128224,0.9727294447,0.140112,0.2062465,0.1390228,0.2195342,0.1394151111,0.2201712222,0.1038004395,0.1914471443,-0.08764670483,-0.6121415572,0.1277636695,0.1970986513,-0.06933498182,-0.4335221463,0.1011333912,0.1509913757,-0.04985798455,-0.4007823707,1.117722639,0.0011098,-0.3818846657,0.00380025,0.132269,-0.001405626858,-0.007962763413,0.008203579682,0.005958318304,-0.4490856405,0.002939,0.1610228,-0.4491611812,0.003719388889,0.1615122222,0.03617565074,-0.08534327961,103.9499969,5.919998169,0.009916520646,0.02794013526,0.03617565074,-0.08534327961,0.00548631494,-0.03119548817,0.09497434643,0.1712685169,0.3567207219,-0.01383499013,0.006524151531,0,0,0.1910018185,0.1291735048,1.478645477,0.04391161006,0.005063731726,0.8846835332,-0.001152019673,0.045948587,0,1,0
2019-09-04,-0.9063481884,0.4143896704,0.0001750267685,-15.61397821,-1.966170891,6.753472658,53.3715391,0.01319216114,19.71673679,-12,0.8227929978,0.8751401869,62.36468155,696719060000,1.69974171,0.01418911913,0.01296162412,1.004101089e-15,1.51,117.6745,56.22,17.32999992,18.80999947,97.30000305,15.60000038,19.43000031,81.59999847,4,127,-0.52892,0.0026636,389.80228,0.1529172,0.1539376,0.140375,0.143708,0.1420415,0.1534274,0.1586054444,0.1595616667,0.1590835556,31.1,34.1,59.14,60.94,88.38333333,90.05,-1.779950903,0.0663430005,-0.04397069,0.3443143334,0.117549,0.178479,0.1209064,0.1966022,0.1254104444,0.2041968889,0.07360763971,0.1851118715,-0.1115042318,-0.9222115322,0.1242425029,0.2022766469,-0.078034144,-0.4874009751,0.09592635566,0.1524139656,-0.05648760994,-0.4630195083,1.318386722,0.0010204,-0.4116502493,0.0059725,0.12186,-0.01088295216,-0.01409061724,0.00207756074,-0.009477325304,-0.4768110218,0.0053269,0.1513916,-0.4780624487,0.005720111111,0.1575728889,0.08540101262,0.04922536188,97.30000305,-6.649993896,0.1108974038,0.1009808832,0.08540101262,0.04922536188,0.03296123641,0.02747492147,0.09171809263,0.1553679666,0.3711989779,0.01447825597,0.01078372528,0,0,0.1544931588,0.1343557679,1.149881104,0.04584410525,0.004928263352,0.8924995193,-0.0001354683735,0.007815986136,0,0,0
2019-09-11,-1.341145593,1.690164888,0.0001506824556,-36.67206842,0.8175631945,13.00209055,61.29715658,0.01188773644,17.57876843,72,0.9471367625,1,69.96156032,708127290000,5.402665103,0.02382970332,0.01082477009,8.516587489e-16,1.6,117.3138,55.66,14.60999966,17.10000038,97.79000092,13.13000011,18.25,76.69999695,7,124,-0.53883,0.0031676,400.75126,0.1250114,0.1272078,0.108062,0.115471,0.1117665,0.1261096,0.1391904,0.1406306667,0.1399105333,25.2,27.15,50.49,50.66,79.83333333,80.55333333,-1.504124437,0.0667711776,-0.03614586941,0.7079171884,0.09577,0.141128,0.102942,0.1645896,0.1136202,0.1797532,0.06595808665,0.1041715751,-0.03821348841,-0.4570198105,0.1199636492,0.2048960503,-0.08493240108,-0.535314005,0.09626590644,0.1548781732,-0.05861226674,-0.4755246071,1.624745859,0.0021964,-0.382932739,0.0066825,0.090716,-0.02063718244,0.001640033472,-0.004412291189,-0.009754230279,-0.4608621935,0.0076562,0.1232952,-0.4508452368,0.006776166667,0.132266,0.1704312651,0.08503025249,97.79000092,0.4899978638,0.1127189284,0.001821524516,0.1704312651,0.08503025249,0.06725143818,0.03429020177,0.08470997449,0.1301721822,0.3942159544,0.0230169765,0.007203672326,0,0,0.1462105056,0.1167014768,1.252859086,0.04899642483,0.00701403339,0.8568460165,0.002085770038,-0.03565350276,0,0,0
2019-09-18,-1.381200036,3.636688923,7.956135902e-05,-29.91334008,11.98549841,8.059909376,61.13479779,0.00850948072,17.3644034,76,0.7867268735,0.9248053801,62.47653935,711213460000,2.7429051,0.01125207818,0.00671220178,5.836605494e-16,1.59,116.9779,58.19,13.94999981,16.86000061,99.08999634,14.13000011,18.30999947,79.66000366,3,120,-0.55,0.0031515,403.0097,0.12475075,0.12607625,0.11002,0.112426,0.111223,0.1254135,0.1406084,0.1417822,0.1411953,27.15,25.1,52.7875,48.5,82.77,79.49,-1.504251697,0.06701793976,-0.03594644658,0.1578987467,0.095313,0.139349,0.102077,0.1590965,0.1136994,0.1790314,0.118611877,0.07360763971,0.04500423729,0.4771078041,0.121074222,0.173970016,-0.05289579394,-0.3624791996,0.09908502291,0.1527423176,-0.05365729474,-0.4327740044,1.387171365,0.0013255,-0.3753142818,0.006108,0.088072,-0.01080531699,0.006952471105,-0.003394102858,0.009831865456,-0.4366407771,0.00517325,0.114039,-0.4463623233,0.0051701,0.130664,0.2086022108,0.0381709457,99.08999634,1.299995422,-0.012738875,-0.1254578034,0.2086022108,0.0381709457,0.08600230149,0.01875086331,0.06822399525,0.1053803997,0.3929854153,-0.001230539085,0.0003426332843,0,0,0.09785573269,0.0965555141,1.013466021,0.03900167166,0.008736105202,0.7760069035,0.001722071811,-0.080839113,1,0,0
2019-09-25,0.5365715771,-0.1312258936,3.556202405e-05,16.25857211,6.568250807,-1.535733981,54.48419051,0.007847198733,14.44067696,72,0.5806784345,0.7321452163,40.54365765,704646830000,0.2162275324,-0.002442148023,0,4.174689294e-16,1.6,117.6549,56.38,15.96000004,18,99.68000031,15.30000019,19.05999947,80.22000122,5,120,-0.55671,0.0027952,398.7951,0.1423948,0.143323,0.12511,0.126485,0.1257975,0.1428589,0.1531227333,0.1541331333,0.1536279333,29.75,28.9,58.39,55.65,88.63,86.69666667,-1.695578253,0.06680275858,-0.04094380782,0.7648367953,0.103456,0.159581,0.1131566,0.1804618,0.1210389333,0.1947425333,0.1750610868,0.06595808665,0.1091030002,0.9761154912,0.1196157309,0.158436377,-0.03882064611,-0.2810687438,0.09688433594,0.1519288126,-0.05504447666,-0.4498942189,1.109040998,0.0009282,-0.4267460471,0.005721,0.11225,0.0003700745698,0.01147454181,0.0005191778025,0.01117539156,-0.4584535574,0.0039503,0.1346104,-0.4668013027,0.0042628,0.1474072,0.1278195462,-0.08078266464,99.68000031,0.5900039673,0.04313724439,0.05587611939,0.1278195462,-0.08078266464,0.05888885922,-0.02711344227,0.0593348565,0.07694262057,0.4353973802,0.0424119649,0.006139685242,0,0,0.04402921731,0.08628249553,0.5102914217,0.03375024362,0.008648158069,0.7437601291,-8.794713287e-05,-0.03224677444,0,0,1
2019-10-02,0.06355048128,0.4104617921,3.689058072e-05,72.8693634,-0.8692610016,-11.25693969,35.43559562,0.01073800948,17.34991677,60,-0.3441303425,-0.4912677657,25.71995962,694089640000,-3.680831464,-0.03133325451,0,4.208493226e-16,1.5,117.9694,52.67,20.55999947,20.73999977,103.8099976,21.70999908,21,89.38999939,12,125,-0.55574,0.0021968,385.78702,0.187214,0.1879562,0.194692,0.19564,0.195166,0.1875851,0.1841286667,0.1848483333,0.1844885,42.85,45.2,71.23,73.55,101.3166667,104.1333333,-2.15380645,0.06680040241,-0.05375045738,1.069841751,0.162373,0.22569,0.1494998,0.2266526,0.1445046667,0.2265673333,0.1451907142,0.118611877,0.02657883724,0.2021915239,0.09357610944,0.136761961,-0.0431858516,-0.3794667941,0.08219295662,0.1577613092,-0.0755683526,-0.6520135771,0.7290662267,0.0007422,-0.3263233032,-0.0011345,0.126634,0.02356752381,0.02402099019,0.009147375943,0.02319744925,-0.4102209636,0.0004911,0.1543056,-0.4423005059,0.0010475,0.1641253333,0.008754878884,-0.1190646673,103.8099976,4.129997253,-0.05297096578,-0.09610821017,0.008754878884,-0.1190646673,0.01253617318,-0.04635268604,0.04621576901,0.09863968176,0.3190474971,-0.1163498831,-0.01806540419,1,0.01806540419,0.08829601717,0.06127459916,1.440988899,0.02801708977,0.009313255782,0.6675866103,0.0006650977127,-0.07617351883,0,0,0
2019-10-09,-0.3188219792,0.08048279761,6.459794921e-05,15.29130346,-17.27750475,-8.861311622,45.05230886,0.01338681733,22.33210333,-40,0.1958046125,0.094468711,30.59011314,697015970000,-2.419299756,-0.01143774454,0.0007557112411,6.094551169e-16,1.49,117.6854,52.63,18.63999939,19.51000023,101.25,18.26000023,20.26000023,79.30999756,12,125,-0.5476,0.0024218,388.0542,0.168998,0.1703022,0.169878,0.169965,0.1699215,0.1696501,0.16932725,0.169982,0.169654625,39.45,38.05,66.07,65.63,96.4,95.575,-1.959328388,0.06646129342,-0.04861609141,0.2666974511,0.140356,0.198486,0.1322252,0.2085574,0.13181375,0.2114635,0.08747712043,0.1750610868,-0.08758396641,-0.6937577023,0.06595592503,0.1278154969,-0.06185957187,-0.6616010773,0.07098894757,0.165103099,-0.09411415139,-0.844045924,0.7534065521,0.0013042,-0.343109768,-0.0005005,0.11626,0.01840815648,-0.001773067964,0.001523658499,-0.005159367337,-0.4479817925,0.0007412,0.1526644,-0.4640549294,0.001984,0.1592995,0.04667386629,0.03791898741,101.25,-2.559997559,0.02081046857,0.07378143434,0.04667386629,0.03791898741,0.03844182425,0.02590565107,0.04930638689,0.112461514,0.3047970989,-0.01425039822,0.009063296515,0,0,0.1055889244,0.07296691746,1.447079417,0.02516046438,0.008823663129,0.6493044406,-0.0004895926527,-0.01828216965,0,0,0
2019-10-16,-0.3758867145,-0.5762117911,8.082003241e-05,-28.53730202,-15.92585014,4.773615744,56.10535305,0.01274883374,18.11726915,-40,0.7342057099,-0.272292017,48.75403053,701387190000,0.4350380354,0.01485073458,0,7.222664582e-16,1.57,116.6438,53.42,13.68000031,16.47999954,93.16000366,11.92000008,18.12000084,77.94000244,17,120,-0.54104,0.003165,404.584725,0.1238745,0.12567975,0.113324,0.113592,0.113458,0.124777125,0.137425,0.1382606667,0.1378428333,27.25,25.75,50.2375,50.725,80.65,79.13333333,-1.502467822,0.06766332379,-0.03576413275,0.7090616294,0.096413,0.136228,0.102155,0.15650425,0.110542,0.1756596667,0.05740745186,0.1451907142,-0.08778326239,-0.9278740307,0.05572603542,0.1242425029,-0.06851646752,-0.8017878647,0.06805368901,0.1667503791,-0.09869669011,-0.8962010205,0.9957153841,0.00180525,-0.3422870431,0.0028625,0.07963,0.003278041297,-0.008207625738,-0.008805042236,-0.01513011518,-0.4202382091,0.0045525,0.1086985,-0.4550474316,0.005258,0.1302353333,0.2046783022,0.1580044359,93.16000366,-8.089996338,0.147651025,0.1268405564,0.2046783022,0.1580044359,0.09951464457,0.06107282032,0.05609764856,0.1191629168,0.3200814082,0.01528430939,-0.002001544553,1,0.002001544553,0.1053227783,0.09153160511,1.15067116,0.02412994172,0.008693742186,0.6397114305,-0.0001299209432,-0.009593010107,1,0,0
2019-10-23,-0.5500522343,-0.3957636262,8.012029382e-05,-39.52592131,0.2015248715,5.960817031,57.41383542,0.009318125576,14.60455918,-40,0.8074988411,0.9616789306,56.48683708,704379710000,2.236634111,0.01175136905,0,7.412664542e-16,1.61,116.0601,55.9,14.01000023,16.29000092,87.58999634,12.27000046,17.84000015,73.02999878,19,117,-0.54526,0.0032486,408.16526,0.1195796,0.1216728,0.10663,0.109027,0.1078285,0.1206262,0.1345673333,0.1355893333,0.1350783333,25.2,25.4,47.9,50.64,79.32222222,78.56111111,-1.465340009,0.06792520269,-0.03457491036,1.819857337,0.091559,0.132333,0.101353,0.1537146,0.1116748889,0.172743,0.05890262754,0.08747712043,-0.02857449289,-0.3954915785,0.06545033919,0.1199636492,-0.05451331005,-0.6058970992,0.06775530474,0.1664633543,-0.09870804952,-0.8988724352,0.9945074059,0.0020932,-0.3642291819,0.0041175,0.081548,0.005236733501,0.003974738813,-0.009463892176,0.001958692204,-0.4105703743,0.0069076,0.1047232,-0.4294252471,0.007130611111,0.1221362222,0.1627409457,-0.04193735653,87.58999634,-5.570007324,0.141809267,-0.005841757959,0.1627409457,-0.04193735653,0.09515034684,-0.004364297737,0.05597664754,0.1109778593,0.3352808415,0.01519943328,0.002843103346,0,0,0.1012154269,0.09322941585,1.085659778,0.02207844524,0.007687168096,0.6518247543,-0.00100657409,0.01211332375,0,0,0
2019-10-30,-0.9304517126,0.8884923263,6.767540784e-05,-25.86883342,11.73426265,7.115203103,64.35443563,0.007288071624,15.99152632,76,0.8831672533,0.724104452,66.32432026,715165480000,2.71800549,0.01367246326,0.004577268636,6.091163523e-16,1.57,116.1649,54.85,12.32999992,15.68999958,86.47000122,10.67000008,17.47999954,63.31999969,17,114,-0.5633,0.0034686,413.70446,0.1104926,0.113134,0.089268,0.095114,0.092191,0.1118133,0.1264073333,0.1275233333,0.1269653333,21.7,22.15,45.15,47.45,74.71666667,76.43333333,-1.376716098,0.06789230234,-0.032049875,0.2129596888,0.082192,0.114238,0.095514,0.1436882,0.1062186667,0.1646906667,0.05674941186,0.05740745186,-0.0006580399963,-0.01152882557,0.07225982085,0.121074222,-0.04881440117,-0.5161355162,0.08065317662,0.1488162419,-0.0681630653,-0.6125540776,1.08282487,0.0026414,-0.3262841725,0.006024,0.064092,0.0005439225742,0.005203564952,-0.006026077991,-0.004692810927,-0.4027906098,0.0077878,0.0963484,-0.4316720969,0.008489333333,0.116944,0.2725060566,0.1097651109,86.47000122,-1.119995117,0.155576367,0.01376709996,0.2725060566,0.1097651109,0.1140854053,0.0189350585,0.05388408017,0.07830834476,0.4076185167,0.07233767518,0.003248089401,0,0,0.06157753031,0.0956561351,0.6437384309,0.02168071137,0.007021744128,0.6761294402,-0.000665423968,0.0243046859,0,1,0
2019-11-06,0.1219994151,-1.174031981,2.279029312e-05,-20.76035461,1.772895177,6.487876452,67.44929759,0.006346863149,19.27931792,88,0.8878622063,0.7493921092,55.78710953,719125420000,2.33011585,0.01341085148,0,4.005588622e-16,1.66,116.1012,56.15,12.61999989,15.82999992,89.58999634,9.470000267,17.65999985,61.72999954,20,113,-0.58783,0.0034282,413.93336,0.1116632,0.1140802,0.087239,0.094148,0.0906935,0.1128717,0.1275948571,0.1286567143,0.1281257857,20.9,22.65,45.74,47.76,78.07857143,76.34285714,-1.390516727,0.06726729893,-0.03235313564,0.8988965095,0.080868,0.112564,0.09729,0.1449704,0.1055631429,0.1655817143,0.04874485446,0.05890262754,-0.01015777309,-0.1892860576,0.06909551699,0.1196157309,-0.05052021389,-0.5487945104,0.09273218865,0.1392048523,-0.04647266368,-0.406230959,1.059749529,0.002417,-0.3277224037,0.0060225,0.063392,0.001618516639,0.004755791411,-0.002961773948,0.001074594065,-0.3936293344,0.0082585,0.0953608,-0.4427048483,0.007446642857,0.1200371429,0.254358167,-0.01814788959,89.58999634,3.119995117,0.3326293062,0.1770529392,0.254358167,-0.01814788959,0.1156032806,0.001517875303,0.04276802919,0.05550474287,0.4351971385,0.02757862177,0.0007022505923,0,0,0.02391789201,0.07844252804,0.3049097551,0.02391955496,0.009611631884,0.5981684483,0.002589887756,-0.07796099185,0,0,0
2019-11-13,0.3071270073,-0.1486590865,1.293707177e-05,-10.87491456,-2.828483754,2.888704291,69.16616189,0.006342157722,22.9505761,96,0.8240775854,0.5825527006,56.35433775,730753730000,1.797057287,0.009498226111,0.004398371883,2.896411387e-16,1.66,116.8404,56.88,13,15.61999989,93.5,10.97000027,17.47999954,66.09999847,25,112,-0.60848,0.003304,427.6334,0.112171,0.113925,0.095959,0.098538,0.0972485,0.113048,0.1285635,0.129335,0.12894925,22.95,24.05,47.7,49,79.1,77.625,-1.438782756,0.06910599087,-0.03240365011,0.9918308506,0.08557,0.120322,0.095636,0.144847,0.1054605,0.1654745,0.05887114274,0.05674941186,0.002121730876,0.03670574143,0.07006993808,0.09357610944,-0.02350617136,-0.2892812512,0.09657585616,0.1178001169,-0.02122426076,-0.19866049,0.8277555502,0.001754,-0.3375750393,0.0056975,0.069504,0.008143511742,0.006236775006,0.002751041528,0.006524995103,-0.4092680148,0.0071935,0.098422,-0.443014007,0.00651825,0.120028,0.2015384527,-0.05281971424,93.5,3.910003662,0.1850501079,-0.1475791983,0.2015384527,-0.05281971424,0.1190780839,0.003474803247,0.03899585192,0.04788046838,0.4488662938,0.01366915537,0.0007112815701,0,0,0.02336518507,0.05588567709,0.4180889681,0.01741794459,0.008661456336,0.502727989,-0.0009501755482,-0.0954404593,1,0,0
2019-11-20,0.76693904,0.7301999964,9.854683682e-06,11.50661317,18.4417873,0.8892727589,67.52066098,0.005989418503,26.63593227,88,0.7543333678,0.2373013483,56.18095,733181080000,0.9807437689,0.005644814216,0.001799610097,2.497710124e-16,1.6,116.8293,56.71,12.77999973,15.64000034,95.36000061,10.19999981,17.60000038,65.58000183,17,113,-0.61371,0.0033016,436.15666,0.1101942,0.11189,0.088316,0.093769,0.0910425,0.1110421,0.1277842857,0.128923,0.1283536429,20.9,24.925,47.25,49.69,77.95,79,-1.441421174,0.07015638934,-0.03182890298,0.3376773856,0.0763705,0.120507,0.0906584,0.1453326,0.1031842857,0.1672631429,0.08562109104,0.04874485446,0.03687623658,0.5633320011,0.07647498697,0.06595592503,0.01051906194,0.1479770034,0.09642504444,0.1015420791,-0.005117034662,-0.05170732003,0.5939722414,0.0016958,-0.4483651001,0.00739625,0.088273,0.01198265527,0.00591267597,0.006163863807,0.00383914353,-0.4633583484,0.0069534,0.1093484,-0.4738729259,0.006870071429,0.1281577143,0.2237872199,0.02224876715,95.36000061,1.86000061,0.2529411737,0.06789106583,0.2237872199,0.02224876715,0.1253196928,0.006241608896,0.03921231639,0.04172793375,0.4844600347,0.03559374083,-0.003763256421,1,0.003763256421,0.01932480479,0.05556108415,0.3478118738,0.01428452602,0.00993434197,0.3045382144,0.001272885635,-0.1981897746,0,0,0
2019-11-27,0.732863491,0.3478775117,1.240963392e-05,-12.2524687,-8.253113804,0.9867958381,75.6583278,0.005568868853,28.74968426,100,1.003053306,0.8838486117,64.06786247,743822570000,2.15807117,0.01398957785,0.0004223734286,2.583225778e-16,1.63,117.1292,58.12,11.75,14.96000004,90.19999695,9.899999619,17.05999947,57.61999893,14,111,-0.60037,0.0034938,442.677,0.102693,0.1040428,0.082845,0.0868755,0.08486025,0.1033679,0.1213922,0.1223558,0.121874,20.5,22.8,45.85,45.73,77.57,74.23,-1.361862853,0.07018531026,-0.02962992198,0.9048213179,0.076084,0.1085975,0.0867252,0.13564,0.098249,0.1577872,0.09915649485,0.05887114274,0.04028535212,0.5213483241,0.07935941938,0.05572603542,0.02363338396,0.3535396867,0.1369996428,0.09592635566,0.0410732871,0.3563975498,0.5391038748,0.0013498,-0.3521034863,0.0074805,0.065027,0.01070085898,0.003735450583,0.005651406167,-0.001281796295,-0.4399501361,0.0078147,0.0978296,-0.4650764228,0.0061441,0.1190764,0.2731914926,0.04940427272,90.19999695,-5.160003662,0.1868687326,-0.06607244112,0.2731914926,0.04940427272,0.1403742929,0.01505460016,0.03586114761,0.04019833354,0.4714881967,-0.01297183796,0.004165735625,0,0,0.01990790379,0.05790347715,0.3438118879,0.01273968982,0.009634298799,0.2437571924,-0.0003000431713,-0.06078102192,0,1,0
2019-12-04,-0.2486357564,0.4366673838,1.666269683e-05,20.74249718,-0.3693787459,-5.513536695,56.50797739,0.006643157174,25.41791015,76,0.534902921,0.2142515612,65.93744516,738824800000,-0.2467569291,-0.001214099547,0,3.232797798e-16,1.66,116.6938,58.46,14.80000019,16.97999954,98.72000122,14.92000008,18.27000046,63.00999832,19,111,-0.57259,0.00276,425.5632,0.135062,0.135432,0.128802,0.130026,0.129414,0.135247,0.1432796,0.143953,0.1436163,30.45,32.5,57.95,57.8,88.65,86.59,-1.712980539,0.06835785605,-0.03876345485,1.262630056,0.106439,0.164005,0.107681,0.172172,0.1120632,0.18287,0.06856353307,0.08760322463,-0.01903969156,-0.2450570027,0.0689629741,0.06561332736,0.003349646741,0.04979091705,0.1975058557,0.09719288999,0.1003129658,0.7090706727,0.485137026,0.00037,-0.4257147506,0.005808,0.115132,0.01759889184,0.009073658431,0.01117918376,0.006898032861,-0.4608919683,0.0046795,0.128982,-0.4801548283,0.0038503,0.1416136,0.1472972516,-0.125894241,98.72000122,8.520004272,-0.008042887731,-0.1949116203,0.1472972516,-0.125894241,0.07597178741,-0.06440250553,0.04617588668,0.0514886459,0.4728009797,0.001312782954,0.006303657609,0,0,0.04441136818,0.05016151018,0.8853674466,0.01393862633,0.009633517606,0.3088617647,-7.811927819e-07,0.06510457228,0,0,0
2019-12-11,-0.02593041216,-0.2897107733,2.231347749e-05,-0.02561983807,-1.233691676,-2.709152062,61.53692159,0.006489811162,21.66878453,60,0.7804730854,0.5635852564,59.5759068,742179460000,1.007618047,0.005345189584,0,3.636918269e-16,1.69,116.1492,58.74,14.98999977,16.90999985,104.8199997,15.27000046,18.18000031,61.29999924,18,107,-0.54363,0.0027764,440.52332,0.129505,0.12997,0.119261,0.1203345,0.11979775,0.1297375,0.1410668,0.1415702,0.1413185,31.15,28.625,60.26,54.31,89.25,84.53,-1.700964114,0.07011063047,-0.03718518561,0.3258796618,0.097495,0.1532695,0.1021074,0.166335,0.1118996,0.1806182,0.05314264094,0.09125550726,-0.03811286632,-0.5406837073,0.08830171418,0.06919621666,0.01910549752,0.2438133319,0.2950513745,0.09778683341,0.1972645411,1.104359552,0.5333555577,0.000465,-0.4448356925,0.0055845,0.111549,0.01768189291,0.006023933299,0.01040865365,8.300107584e-05,-0.4785205318,0.0044837,0.1284552,-0.4698421771,0.0049404,0.1374372,0.1280853973,-0.01921185428,104.8199997,6.099998474,-0.01833665214,-0.01029376441,0.1280853973,-0.01921185428,0.07510351681,-0.0008682706069,0.04685648775,0.05222463692,0.4729103339,0.0001093542368,0.002903937529,0,0,0.0454463315,0.05898947258,0.7704142707,0.01365739318,0.008869276783,0.3505878711,-0.0007642408229,0.04172610634,0,0,0
2019-12-18,-0.08638032794,-0.6604473284,2.524030853e-05,-16.10412803,-7.994878818,3.285382863,70.68188942,0.007044504053,25.30490182,44,0.9356201997,-1,60.34493356,753823500000,2.481470726,0.01381967467,0,3.792977556e-16,1.76,115.6627,60.93,12.57999992,15.19999981,99.19999695,10.30000019,16.90999985,53.40999985,29,102,-0.52958,0.0032964,447.08414,0.1073072,0.1051108,0.092614,0.079369,0.0859915,0.106209,0.1230103,0.1235908,0.12330055,26.45,19.45,52.32,43.15,79.85,74.35,-1.413224983,0.07005085017,-0.03044403569,0.2723921858,0.079723,0.102662,0.0895536,0.1346908,0.1022028,0.1582674,0.07754175456,0.06856353307,0.008978221494,0.1230557544,0.1052027325,0.06849351064,0.03670922186,0.4291502687,0.4963718411,0.0971900896,0.3991817515,1.630656578,0.6448936591,-0.0021964,-0.2515448091,0.005201,0.045878,0.01113427881,0.002693580006,0.005757112113,-0.006547614105,-0.40257148,0.0059132,0.0902744,-0.4304876335,0.00693455,0.1121292,0.2082670828,0.08018168548,99.19999695,-5.620002747,0.2213591933,0.2396958454,0.2082670828,0.08018168548,0.1125000039,0.03739648711,0.04622252728,0.05769609473,0.4447954216,-0.02811491236,-0.0004323936405,1,0.0004323936405,0.04542353414,0.06542327169,0.6943023938,0.01134292023,0.006651559233,0.4135937575,-0.002217717551,0.06300588643,1,0,0
2020-01-08,-0.1283255714,-0.4295184221,1.879142002e-05,68.23434846,33.36407629,-1.053680868,67.58183271,0.005885906074,32.53971049,96,0.7980923692,0.07763473847,68.72034536,774268690000,1.487501596,0.007851312185,0.004088050714,3.193188454e-16,1.75,115.1318,59.65,13.44999981,15.39999962,90.20999908,12.22000027,16.64999962,60.49000168,29,103,-0.5601,0.003123,444.6194,0.114187,0.115413,0.1026225,0.1036605,0.1031415,0.1148,0.1271165,0.127904,0.12751025,26.7,27.575,50.3,52.4,79.8375,81.15,-1.519116283,0.06833885123,-0.03290563803,0.6007192403,0.08774,0.13268,0.093202,0.151009,0.10357875,0.1655275,0.06507150659,0.07930311182,-0.01423160523,-0.1977906024,0.1192023977,0.07761332852,0.04158906922,0.429083698,0.5872017514,0.06858699525,0.5186147562,2,0.6760742902,0.001226,-0.4077669903,0.0070685,0.08988,0.01206642072,0.004349185478,0.01155468794,0.0009321419153,-0.4734184783,0.0073055,0.115614,-0.460403651,0.007042875,0.1238975,0.1449814005,-0.06328568227,90.20999908,-8.989997864,0.1006546248,-0.1207045685,0.1449814005,-0.06328568227,0.08116883318,-0.03133117074,0.05301470937,0.05836673207,0.4759743516,0.03117893007,0.004890473486,0,0,0.03425328355,0.06328545679,0.5412504751,0.0112077694,0.005183940637,0.5374690135,-0.001467618596,0.1238752561,0,0,0
2020-01-15,-0.3836911666,-0.6952168217,1.942821203e-05,25.60860198,-10.56725802,0.8651003593,70.64417468,0.006864048386,35.98796674,96,0.9249546594,-0.04283676381,72.72613631,778188600000,1.520670219,0.01079678855,0.005196226501,3.243249273e-16,1.75,114.9526,57.86,12.42000008,14.63000011,91.15000153,9.68999958,15.97999954,50.54000092,23,102,-0.56839,0.003334,454.6687,0.104549,0.10613,0.0855245,0.086939,0.08623175,0.1053395,0.1184956667,0.1192506667,0.1188731667,23.1,22.775,47.4,48.4,75.76666667,75.86666667,-1.425433736,0.0691135017,-0.03019488388,0.7524411258,0.0753875,0.108589,0.088736,0.136027,0.09822533333,0.1526203333,0.1222773728,0.08174050613,0.04053686667,0.4027423416,0.2137898349,0.0720744882,0.1417153467,1.08729331,0.6117305581,0.06735760171,0.5443729564,2,0.6842114135,0.001581,-0.3609319669,0.0057565,0.066403,0.01023090834,0.0007544043662,0.009593783245,-0.001835512383,-0.4208076952,0.007042,0.094582,-0.4336929613,0.006549666667,0.10879,0.1779388104,0.03295740984,91.15000153,0.9400024414,0.2817338095,0.1810791847,0.1779388104,0.03295740984,0.09227610507,0.01110727189,0.05302119914,0.05858158947,0.4750884794,-0.0008858721963,0.001868450244,0,0,0.03591747906,0.05956716382,0.6029744704,0.01052947737,0.005334745518,0.4933513476,0.0001508048817,-0.04411766592,1,0,0
2020-01-22,-0.3168406001,-0.8062763622,2.071219536e-05,-13.2132788,7.485228453,2.633296505,73.07011542,0.006743215038,41.26131975,100,0.9042220726,-0.8071107929,78.62269354,784974340000,2.686365665,0.01302319244,0.004942526138,3.531260324e-16,1.72,115.2264,56.76,12.90999985,14.97999954,91.11000061,11.02999973,16.11000061,51.31000137,24,99,-0.5731,0.0030516,451.32788,0.1152808,0.1162976,0.1051,0.102953,0.1040265,0.1157892,0.121482,0.122193,0.1218375,29.2,24.85,53.71,50.97,79.7,75.55,-1.555324231,0.06793525702,-0.03318906232,1.97061919,0.088617,0.12577,0.0953578,0.145869,0.098996,0.154527,0.1800110607,0.0660670103,0.1139440504,1.002348763,0.3107719729,0.06733324458,0.2434387284,1.529405347,0.6193613972,0.06781287666,0.5515485206,2,0.5815157595,0.0010168,-0.3465975082,0.003167,0.074306,0.01213304378,0.006456662853,0.01024579017,0.00190213544,-0.4187859724,0.0048242,0.1010224,-0.438074652,0.004924,0.111062,0.1603407993,-0.01759801103,91.11000061,-0.04000091553,0.1704442575,-0.111289552,0.1603407993,-0.01759801103,0.07543398549,-0.01684211958,0.0534214741,0.05881166152,0.4759866487,0.0008981692928,0.0002890342967,0,0,0.03710203159,0.06366919545,0.5827312773,0.009630451881,0.005096686056,0.4707739451,-0.0002380594626,-0.02257740249,0,0,0
2020-01-29,-0.7301946475,0.3859331197,4.370493615e-05,28.92612267,-0.4637272699,-8.274651088,53.70892437,0.008196575988,33.26053775,56,0.4620179113,-0.8600552086,63.5983936,781132540000,0.2465219485,-0.006104823247,0.004909179615,4.318954404e-16,1.64,115.6986,53.29,16.38999939,17.03000069,99.06999969,18.12000084,17.36000061,66.16999817,18,104,-0.57964,0.0024488,444.87766,0.1455772,0.1465714,0.150172,0.150975,0.1505735,0.1460743,0.1414596667,0.1419302222,0.1416949444,37.9,39.1,63.61,66.38,89.19444444,89.62777778,-1.934083118,0.06795345207,-0.04186476312,0.1204180405,0.121851,0.188096,0.118281,0.1839666,0.1127295556,0.1811876667,0.1459749956,0.1214903601,0.02448463557,0.1836004257,0.4985280076,0.08962581022,0.4089021974,1.716016433,0.6247011971,0.08028853095,0.5444126662,2,0.6135631676,0.0009942,-0.4274601787,0.0044,0.13249,0.01883042214,0.007912471314,0.01363120908,0.006697378362,-0.43464762,0.0050495,0.1313712,-0.4658325946,0.005263666667,0.1369162222,0.03904828071,-0.1212925186,99.06999969,7.959999084,-0.09547468926,-0.2659189467,0.03904828071,-0.1212925186,0.01937756373,-0.05605642176,0.07816976477,0.07425440682,0.5128436255,0.03685697675,-0.0008672501436,1,0.0008672501436,0.07189799954,0.07065323727,1.017617909,0.01307180746,0.005039021605,0.6145122532,-5.766445045e-05,0.1437383081,0,1,0
2020-02-05,-0.7808648642,0.7674112599,6.580129453e-05,91.60559686,-13.87526412,-3.764969591,62.045292,0.011270258,26.46715438,56,0.8920721441,0.7574379149,55.87709728,792272030000,0.1522643437,0.01301067949,0,5.209961146e-16,1.66,116.0082,50.87,15.14999962,16.11000061,92.81999969,13.68999958,16.67000008,64.06999969,22,105,-0.59329,0.0028052,448.7231,0.125852,0.1275328,0.111696,0.1158465,0.11377125,0.1266924,0.1280634545,0.1289534545,0.1285084545,28.25,32.575,54.85,58.93,82.06818182,83.51363636,-1.691958526,0.0672810816,-0.03631283216,0.7767333594,0.096944,0.1423485,0.1058618,0.1622474,0.1052666364,0.1651801818,0.07027642538,0.1800110607,-0.1097346353,-0.9405818978,0.7010079137,0.1160564335,0.5849514802,1.798442608,0.6281924632,0.0949607079,0.5332317553,1.889383385,0.9160488987,0.0016808,-0.3794895369,0.005875,0.090809,0.00948315309,-0.01946008464,0.007496886846,-0.009347269052,-0.4206166741,0.0073622,0.1127712,-0.4430708104,0.006714954545,0.1198270909,0.0633664037,0.02431812299,92.81999969,-6.25,0.1066471938,0.202121883,0.0633664037,0.02431812299,0.03476098353,0.0153834198,0.0806358746,0.09893735262,0.4490417411,-0.06380188441,0.01118777866,0,0,0.09197122212,0.09483425202,0.9698101705,0.02283382037,0.009364724614,0.5898748233,0.004325703009,-0.02463742993,0,0,0
2020-02-12,-0.738935892,0.5473037785,7.002468194e-05,-2.38763982,-8.048309181,5.68013041,66.37223582,0.01158957814,24.30185054,32,0.9575250578,0.6561668883,63.76265865,803581940000,4.187286258,0.02336613718,0,5.194339992e-16,1.66,116.2777,51.13,13.73999977,15.35999966,96.65000153,10.84000015,16.34000015,63.52000046,18,102,-0.60795,0.0030968,458.2239,0.1118874,0.1132812,0.095301,0.098617,0.096959,0.1125843,0.1210149091,0.1219459091,0.1214804091,25.7,27.275,51.08,52.12,79.16818182,78.84545455,-1.535381459,0.06779563243,-0.03227078798,0.6362459499,0.085382,0.121203,0.0950972,0.1456756,0.1015758182,0.1558387273,0.2712269551,0.1459749956,0.1252519594,0.6195205987,0.7984452356,0.1175648705,0.6808803651,1.91567611,0.6298984872,0.0971267653,0.5327717219,1.869541691,1.044238589,0.0013938,-0.3467918774,0.0063335,0.071642,0.005057260587,-0.01190765167,0.005323881256,-0.004425892503,-0.4201338357,0.0078021,0.1011568,-0.421599401,0.007226863636,0.1085258182,0.1179039238,0.05453752007,96.65000153,3.830001831,0.2675276363,0.1608804425,0.1179039238,0.05453752007,0.06380211705,0.02904113351,0.08375440337,0.101608664,0.4518397572,0.002798016176,0.006441853105,0,0,0.09325383152,0.09432842263,0.9886079817,0.02379678258,0.009975283796,0.5808137608,0.0006105591816,-0.0090610625,0,0,0
2020-02-19,-0.6104191065,0.4571706011,6.901631587e-05,-37.99456841,-1.032458312,4.428171238,65.61409988,0.009679543308,23.0637511,48,0.8422377588,-0.00342363304,63.93815797,803364550000,4.979968558,0.01702627189,0,4.965329675e-16,1.65,116.7802,53.31,14.38000011,15.81999969,95.91999817,11.88000011,16.76000023,68.04000092,14,102,-0.59643,0.003006,457.1288667,0.1153536667,0.116172,0.112663,0.11292,0.1127915,0.1157628333,0.1246171818,0.1250846364,0.1248509091,31.35,28.35,54.61666667,51.33333333,82.72727273,78.75454545,-1.574956333,0.06749979574,-0.03318150782,0.4111393921,0.097241,0.136176,0.09628,0.1492506667,0.102883,0.1592199091,0.4831904758,0.08038789543,0.4028025803,1.793547325,0.8168066523,0.1143139511,0.7024927012,1.966453791,0.6323266629,0.09642504444,0.5359016185,1.880640167,0.9874840466,0.0008183333333,-0.3336089488,0.003917,0.07787,0.007610760911,0.00625970874,0.006289960307,0.002553500325,-0.4314790277,0.0070025,0.1059413333,-0.4298838902,0.006200545455,0.1126738182,0.1001390521,-0.01776487169,95.91999817,-0.7300033569,0.2104377084,-0.05708992791,0.1001390521,-0.01776487169,0.05941849255,-0.004383624492,0.08532908617,0.1006931877,0.4587035972,0.006863839929,0.004694748284,0,0,0.09353458605,0.09006903146,1.03847665,0.02240648294,0.009338803526,0.5832097545,-0.0006364802693,0.002395993768,1,0,0
2020-02-26,-1.370996992,1.592926434,0.0001636473243,93.79695917,23.01114986,-29.62819202,27.46972902,0.01429354501,25.98985474,-20,-0.1002834304,-0.7986969429,39.43382239,779504020000,-6.350315107,-0.05810462577,0,6.060337098e-16,1.54,117.4048,48.67,27.55999947,23.70000076,113.4400024,34.84000015,21.85000038,87,17,115,-0.52473,0.00165075,417.926275,0.2296985,0.2299,0.279581,0.279021,0.279301,0.22979925,0.2052817778,0.2053552222,0.2053185,69.7,66.25,97.7125,94.4375,122.6722222,122.4,-2.858307874,0.06705294828,-0.0658289108,0.8561747942,0.2413,0.318516,0.1857,0.27248775,0.1636855556,0.2468426667,0.6968211513,0.2193642455,0.4774569059,1.155795211,0.8530950756,0.1749520081,0.6781430675,1.584359305,0.6307420686,0.1369996428,0.4937424259,1.526918695,0.7613254095,0.0002015,-0.275862069,0.000607,0.154432,0.04534715191,0.02988837642,0.02338678433,0.037736391,-0.3788305122,-0.000705375,0.1735755,-0.4051225061,-5.438888889e-05,0.1663142222,-0.1400580108,-0.2401970629,113.4400024,17.52000427,-0.2089552427,-0.4193929511,-0.1400580108,-0.2401970629,-0.07805908531,-0.1374775779,0.1121867827,0.1575195118,0.4159590822,-0.04274451494,-0.003785697324,1,0.003785697324,0.1812967974,0.0826688617,2.193048188,0.04278106314,0.01217285799,0.715461536,0.002834054468,0.1322517815,0,1,0
2020-03-04,0.08384323039,1.598703614,0.0003870705735,376.0922504,26.88658952,-29.170186,44.13416315,0.02738415621,32.21297003,-28,0.3034300487,0.9824028835,26.03385127,768947580000,-7.397277094,-0.009480567761,0.0100855849,8.868592355e-16,1.46,116.7799,46.78,31.98999977,27.51000023,113.9700012,37.06000137,24.87999916,89.58999634,35,132,-0.37313,0.0014768,424.06418,0.2530442,0.2532882,0.277483,0.278073,0.277778,0.2531662,0.231655,0.232195,0.231925,66.65,69.1,105.5,109.33,136.05,144.05,-3.195199911,0.06773928476,-0.07251028942,1.242500866,0.225279,0.355553,0.2019042,0.3257318,0.182871,0.295711,1.117212422,0.4831904758,0.6340219466,0.8381810175,0.8278339963,0.2966314347,0.5312025616,1.026322239,0.6090094478,0.2160298258,0.392979622,1.036417301,1.171686563,0.000244,-0.4485772134,0.012638,0.260548,0.01434580049,-0.1563124186,0.007120319983,-0.03100135142,-0.4693675185,0.0106518,0.2476552,-0.4715597327,0.007366,0.22568,-0.1400437504,1.426043704e-05,113.9700012,0.5299987793,-0.136805219,0.07215002372,-0.1400437504,1.426043704e-05,-0.09560163745,-0.01754255214,0.1525406269,0.2723692564,0.3589952432,-0.05696383902,0.04133634936,0,0,0.2562188074,0.2243288713,1.142157075,0.1015922941,0.01360208602,0.8661110457,0.001429228028,0.1506495097,0,0,0
2020-03-11,0.0349785245,0.6618004861,0.0009274013894,110.1837586,-16.72430593,-40.87837974,32.07428908,0.0489646587,37.20564808,-60,0.03879723648,-0.4228775895,21.30911688,748582600000,-15.0194218,-0.08482316761,0.0392177636,1.313373996e-15,0.96,118.2564,33.13,53.90000153,44.36999893,146.9299927,68.20999908,38.54000092,127.8399963,32,196,-0.15899,0.0008862,371.885,0.4796076,0.4762896,0.592783,0.570147,0.581465,0.4779486,0.4235953333,0.4234656667,0.4235305,128.05,120.8,180.66,175.56,222.2,224,-5.28993795,0.0678280647,-0.1365511502,0.6147104674,0.466641,0.654327,0.3727376,0.5479808,0.3233806667,0.4902386667,1.176398214,0.6968211513,0.4795770626,0.5236839084,0.7765561274,0.4261746062,0.3503815212,0.6000197865,0.5665801168,0.3099782519,0.2566018649,0.6031163547,0.8916745571,-0.003318,-0.3348641531,-0.020981,0.375372,0.1088962215,-0.1474581707,0.08329156777,0.09455042098,-0.3806662276,-0.0175894,0.3504864,-0.4101623282,-0.01672083333,0.333716,-0.1768089485,-0.03676519813,146.9299927,32.95999146,-0.2097932525,-0.07298803352,-0.1768089485,-0.03676519813,-0.1313950452,-0.03579340778,0.2381042187,0.3387373317,0.412772309,0.05377706578,-0.05010289281,1,0.05010289281,0.4407949396,0.2778332281,1.586545075,0.2496799205,0.06805512549,0.7274305224,0.05445303947,-0.1386805233,0,0,0
2020-03-18,0.02265892022,0.003640682768,0.002802684334,61.02443099,3.93367986,-55.89123057,33.35808124,0.07831973687,44.92440546,-80,0.05565291899,0.3589141283,34.69984092,739796360000,-22.39735836,-0.128441655,0.08927154595,2.252527917e-15,0.63,124.1693,20.48,76.44999695,72.98000336,181.3300018,97.22000122,61.11000061,124.1399994,64,303,0.0844,0.000677,323.2425,0.704466,0.705453,0.739557,0.889089,0.814323,0.7049595,0.6430596667,0.6433963333,0.643228,137.9,167,213.5,245.9,273.5,312.7666667,-6.78193069,0.0673955423,-0.200592199,0.4447185813,0.596562,0.999883,0.562665,0.822331,0.4856773333,0.7647006667,0.74645135,1.117212422,-0.3707610723,-0.4032615091,0.5185411256,0.7024407599,-0.1838996343,-0.3035417291,0.4144789945,0.5058911958,-0.09141220135,-0.1992993216,0.9964271137,0.000987,-0.5052739055,-0.0161005,0.806642,0.09103718219,-0.5850416484,0.157816358,-0.01785903927,-0.374970036,-0.0124615,0.519332,-0.4463023715,-0.018039,0.5580466667,-0.04538906121,0.1314198873,181.3300018,34.40000916,-0.2136392102,-0.003845957694,-0.04538906121,0.1314198873,-0.1626473308,-0.03125228556,0.4174833443,0.502495155,0.4537968492,0.04102454018,-0.05322227233,1,0.05322227233,0.7490186206,0.4673768928,1.602600882,0.6063819587,0.1129589375,0.8137165265,0.04490381205,0.08628600409,1,0,0
2020-03-25,0.2041158126,-0.5318393378,0.003496116736,30.58651208,1.896595507,-16.27265586,40.36470116,0.07896307538,46.76140042,-92,0.3073075133,-0.1698081166,42.75800892,747150290000,-9.866887824,-0.02646337077,0.0885928882,2.479563633e-15,1.07,124.7995,20.75,63.95000076,53.84999847,171.8899994,81.30000305,44.31000137,87.13999939,54,354,0.302,0.0008506,334.6284,0.5511962,0.5516274,0.696967,0.697447,0.697207,0.5514118,0.45698,0.456798,0.456889,131.15,137.9,180.66,189.41,210.1,224.85,-5.491608583,0.06758640469,-0.1573596534,0.7614976919,0.595261,0.816295,0.4601452,0.652525,0.374326,0.548989,0.6249976623,1.176398214,-0.5514005517,-0.6324647791,0.4262241077,0.7721562195,-0.3459321119,-0.5942216042,0.3528765365,0.5537120337,-0.2008354972,-0.450526516,1.40032589,0.0004312,-0.3131777981,0.008571,0.442068,-0.1872649676,-0.8978151569,-0.09784945798,-0.2783021498,-0.3457984226,0.0049233,0.3847596,-0.3783389201,0.0047685,0.349326,-0.1579359213,-0.1125468601,171.8899994,-9.440002441,-0.2134071542,0.0002320559457,-0.1579359213,-0.1125468601,-0.1771587256,-0.01451139477,0.4629482554,0.5575772456,0.4536371261,-0.0001597230737,0.01146899042,0,0,0.7540543417,0.5672030691,1.329425708,0.7782765029,0.1820512755,0.7660840654,0.06909233797,-0.04763246104,0,0,1
2020-04-01,0.01343960494,-0.7430585503,0.00366251086,-31.7260281,-6.131128788,30.68037588,41.85480367,0.06821637905,37.60393231,-72,0.3684245384,-0.3885196179,51.92400266,741926520000,3.535856023,0.0001858918898,0.086691313,2.602829553e-15,0.91,123.8033,20.28,57.06000137,51.16999817,156.9900055,61.33000183,45.18000031,83.12999725,39,305,0.43374,0.0009302,334.0586,0.5050888,0.5064926,0.5428655,0.542504,0.54268475,0.5057907,0.4442592857,0.4446505714,0.4444549286,105.175,111.2,164.42,172.8,205.0571429,218.6642857,-5.028682534,0.06760951224,-0.144445846,0.4108335604,0.446441,0.6387055,0.3963274,0.6031346,0.3410367143,0.5313125714,0.4413037515,0.74645135,-0.3051475985,-0.5255970268,0.3464226879,0.8168066523,-0.4703839644,-0.8577427403,0.3097169146,0.5844269149,-0.2747100003,-0.6349730328,1.614910382,0.0014038,-0.354356762,-0.0001115,0.384529,-0.3415887316,-0.2626828801,-0.1440146354,-0.154323764,-0.4138370443,-0.0060597,0.4136144,-0.4362377783,-0.008280285714,0.3805517143,-0.1032247295,0.05471119187,156.9900055,-14.8999939,-0.06962335448,0.1437837997,-0.1032247295,0.05471119187,-0.1170607402,0.06009798531,0.4716967305,0.5531329761,0.4602684012,0.00663127509,-0.04514636273,1,0.04514636273,0.7586489675,0.57839613,1.311642537,0.8509898288,0.1838167215,0.7839965705,0.001765446011,0.01791250501,0,0,0
2020-04-08,-0.03519059124,-0.4991977405,0.003491972059,-31.69187087,-2.297493414,52.29511255,53.15269888,0.04572215205,29.60467365,-52,0.9479703183,0.7789630595,58.46855777,747522880000,22.90963174,0.09224409107,0.07016005143,2.498204475e-15,1.19,123.2299,24.97,43.34999847,41.59000015,141.3699951,42.45999908,38.31999969,75.70999908,50,283,0.4718,0.001137,371.67668,0.3733842,0.3734284,0.3829025,0.382843,0.38287275,0.3734063,0.3495695,0.34971175,0.349640625,82.3,87.775,134.17,144.33,179.65,192.875,-4.130548032,0.06757806966,-0.1068268859,0.4672072353,0.3231065,0.465531,0.3006472,0.4645046,0.2742955,0.4358575,0.3442725425,0.6249976623,-0.2807251198,-0.596314291,0.279376813,0.8530950756,-0.5737182626,-1.116309547,0.2669340927,0.6105984778,-0.3436643851,-0.8274378032,2.284629573,4.42e-05,-0.3611912951,0.011446,0.284849,-0.5398489713,-0.2440305351,-0.2505819344,-0.1982602397,-0.4283003712,0.0091696,0.3277148,-0.4550061747,0.005435875,0.323124,-0.04059973203,0.06262499742,141.3699951,-15.62001038,0.02096089046,0.09058424494,-0.04059973203,0.06262499742,-0.07862468011,0.03843606013,0.4776210048,0.5516903024,0.4640199728,0.003751571629,0.03348937119,0,0,0.6704404863,0.619685695,1.081904087,0.938706954,0.2109357459,0.7752911651,0.0271190244,-0.00870540533,0,0,0
2020-04-15,0.341533768,-0.684554526,0.001714682268,-38.1003443,-0.5546021791,56.29028719,53.60993467,0.03658375735,24.93483798,-36,0.8242542635,0.08181223976,60.50249246,750510630000,9.517725549,0.05254640741,0.0298926955,1.850778632e-15,1.19,123.084,19.96,40.84000015,39.27999878,135.9299927,41.63999939,36.93999863,70.5,43,238,0.42642,0.00119225,376.16675,0.3527145,0.35277275,0.368942,0.368721,0.3688315,0.352743625,0.3410405833,0.3408195,0.3409300417,79.1,81.3,129.2625,136.475,178.3125,186.3916667,-3.949119732,0.06757421785,-0.1009384615,0.2707500927,0.313023,0.439087,0.2832155,0.4348885,0.2694029167,0.4202075833,0.3069339087,0.5268056732,-0.2198717645,-0.5401992956,0.2561810454,0.8376268627,-0.5814458174,-1.184688327,0.2558431145,0.6163175602,-0.3604744457,-0.8791979279,2.374605247,5.825e-05,-0.3352275598,0.0072235,0.252128,-0.5348281999,-0.1414875419,-0.2636140416,0.005020771377,-0.4224262781,0.006308375,0.303346,-0.4373618634,0.003875208333,0.3016093333,-0.03819787873,0.002401853296,135.9299927,-5.440002441,-0.01921227783,-0.04017316829,-0.03819787873,0.002401853296,-0.05957230716,0.01905237295,0.3387106107,0.4085284536,0.4532827938,-0.010737179,-0.02227673267,1,0.02227673267,0.3547728094,0.5059156971,0.7012488669,0.9231447446,0.2215259834,0.7600311493,0.0105902375,-0.01526001586,1,0,0
2020-04-22,0.6280514672,-0.07035806286,0.001346828557,-43.22451826,-3.857602226,29.97421619,53.20986464,0.03079790692,20.4100039,72,0.7284639237,0.1933598987,67.39291412,756279530000,12.48307992,0.02641041303,0.01460076983,1.62072432e-15,1.06,123.9354,13.64,41.97999954,40.91999817,124.0999985,40.20999908,38.88999939,72.29000092,41,239,0.33309,0.0011548,379.81564,0.3604182,0.360473,0.359561,0.359688,0.3596245,0.3604456,0.355364,0.355415,0.3553895,77.55,79.7,133.29,141,186.55,197.25,-4.074490365,0.06784093937,-0.10313383,0.5040436426,0.300857,0.42771,0.28373,0.4456946,0.275249,0.439311,0.2442846612,0.3793244613,-0.1350398002,-0.4400577479,0.2122529658,0.7903563892,-0.5781034235,-1.314705171,0.2368068535,0.6243386573,-0.3875318038,-0.9694480964,2.192720314,5.48e-05,-0.3482260382,0.004659,0.253706,-0.4484311858,-0.01455726597,-0.2634970623,0.0863970141,-0.4440886693,0.0042667,0.3239292,-0.4591972682,0.0018905,0.328124,-0.02525015209,0.01294772664,124.0999985,-11.8299942,0.04401891316,0.06323119099,-0.02525015209,0.01294772664,-0.04960896555,0.009963341616,0.2779237402,0.3101922052,0.4725662386,0.01928344479,0.02267130058,0,0,0.2657228797,0.4123577843,0.6443988445,0.8105655708,0.1859023488,0.770651067,-0.03562363461,0.0106199177,0,0,0
2020-04-29,0.440043641,0.6642564405,0.0007020617497,-29.0336702,3.981737944,24.08364593,59.74194748,0.02349882147,19.25030069,100,0.8631834735,0.2810291595,74.04864333,762047220000,6.44112841,0.04064073154,0.01857819283,1.35546494e-15,1.14,122.7877,15.04,31.22999954,33.33000183,115.9800034,29.65999985,33.18999863,57.15000153,43,231,0.23046,0.0015104,398.75632,0.2624582,0.2624752,0.251876,0.252012,0.251944,0.2624667,0.27591,0.276005,0.2759575,55.1,60.6,96.13,114.4,150.175,162.825,-3.114888554,0.06782700518,-0.07516862715,0.6803924483,0.220595,0.31621,0.216919,0.341868,0.221536,0.3520595,0.236618619,0.3069339087,-0.07031528969,-0.2601828008,0.2766557895,0.5441993879,-0.2675435984,-0.6765416052,0.2310022368,0.6270336959,-0.3960314591,-0.9985728872,2.073403551,1.7e-05,-0.3562373674,0.0164585,0.19123,-0.1986216866,-0.03073264519,-0.317018714,0.2498094992,-0.4472151285,0.0169268,0.249898,-0.4551064295,0.01084025,0.261047,0.06724310982,0.09249326191,115.9800034,-8.119995117,0.05293323341,0.008914320251,0.06724310982,0.09249326191,-0.004200515951,0.04540844959,0.2574100508,0.2501455405,0.5071563691,0.03459013052,0.02623670405,0,0,0.2299591105,0.3496725715,0.6576412599,0.4506840713,0.1545310975,0.6571187948,-0.03137125129,-0.1135322722,0,1,0
2020-05-06,-0.2119751732,-0.924255799,0.0003813960148,-19.61200026,4.438902912,3.560979177,53.28381469,0.0224705992,16.30341991,76,0.5936176392,-0.9645643857,58.9987437,755726080000,0.8947424359,-0.001397480332,0.01185499817,1.07524596e-15,1.1,123.6188,23.88,34.11999893,35.68000031,119.1600037,33.97999954,35.58000183,51.31000137,55,218,0.1255,0.0013626,386.7795,0.3005564,0.3012934,0.291454,0.291581,0.2915175,0.3009249,0.302164,0.302188,0.302176,62.45,67.3,112.04,120.1,160.6,171.85,-3.464035189,0.06789369194,-0.08615454185,0.6259656314,0.240551,0.355388,0.2395762,0.3727882,0.23456,0.375334,0.2634781417,0.2442846612,0.01919348057,0.07563622156,0.2657642407,0.4262278885,-0.1604636478,-0.4723645502,0.2226212735,0.6283920452,-0.4057707717,-1.037692245,1.416392889,0.000737,-0.3853985056,0.006452,0.229674,-0.06525278025,0.02530745712,-0.3035662275,0.1333689064,-0.4350742793,0.0052573,0.266424,-0.4616343168,0.002771,0.281548,0.04572102644,-0.02152208338,119.1600037,3.180000305,0.004120052723,-0.04881318069,0.04572102644,-0.02152208338,-0.002802647793,0.001397868158,0.1774603207,0.1757368134,0.5024398658,-0.004716503339,-0.007003880399,1,0.007003880399,0.190103377,0.2426728029,0.7833732283,0.2633681853,0.08169797233,0.6897955908,-0.0728331252,0.03267679596,0,0,0
2020-05-13,-0.2517614315,-0.9800156742,0.0003168245109,3.512499155,15.54018041,-4.172305179,49.449215,0.02126494527,14.70158878,60,0.3302500202,-0.3369526881,57.38171147,759329350000,-2.031627139,-0.02054160734,0,9.491305207e-16,1.07,123.5512,25.37,35.27999878,36.50999832,142.75,34.63000107,36.72000122,57.56000137,48,221,0.01963,0.001355,383.23666,0.3053748,0.305996,0.299789,0.299902,0.2998455,0.3056854,0.3022316667,0.301633,0.3019323333,67.825,68.9,115.4,118.81,160.1666667,167.55,-3.486602729,0.06794976241,-0.08751364564,0.6556737535,0.247276,0.356882,0.242793,0.3779062,0.235528,0.3759123333,0.2008254367,0.236618619,-0.03579318231,-0.1640135859,0.2614928365,0.3738402042,-0.1123473677,-0.3574215554,0.2110394743,0.6318547945,-0.4208153202,-1.096614414,1.222957342,0.0006212,-0.36283886,0.0022335,0.219212,-0.01528866693,0.033918953,-0.3080773474,0.04996411332,-0.4353580607,0.0046642,0.2702264,-0.459192257,0.003787833333,0.2807686667,0.03486393381,-0.01085709263,142.75,23.58999634,0.01876978606,0.01464973333,0.03486393381,-0.01085709263,0.005751928481,0.008554576274,0.1561060002,0.1709625778,0.4772882836,-0.02515158217,-0.01761699662,1,0.01761699662,0.1946878038,0.1894758885,1.027507011,0.2205404648,0.08078396645,0.6337000263,-0.0009140058785,-0.0560955645,1,0,0
2020-05-20,-0.1764764101,-0.5396074006,0.0002552547428,7.931942426,-9.871119866,3.509328505,59.37970804,0.02107203346,13.56892389,84,0.9851783896,0.3488461538,50.86756184,776882900000,4.533306515,0.03015999851,0.007481534389,8.222275628e-16,1.16,122.1093,33.56,27.98999977,31.11000061,120.0400009,24.93000031,32.45000076,58.84999847,52,201,-0.08646,0.001623,405.8782,0.240426,0.240451,0.225938,0.225882,0.22591,0.2404385,0.2480733333,0.2480893333,0.2480813333,53.725,54.775,95.5,99.85,138.0666667,146.2,-2.904426952,0.06829264271,-0.06887144612,1.289689034,0.1971545,0.2734785,0.198023,0.302618,0.1985443333,0.3161646667,0.1213607513,0.2634781417,-0.1421173904,-0.7752028851,0.2572355955,0.2920585985,-0.03482300296,-0.1269620828,0.2004923835,0.6305886692,-0.4300962857,-1.14587752,1.214691484,2.5e-05,-0.3243461466,0.0094065,0.152648,-0.00695421623,-0.01838540308,-0.3360977218,0.008334450696,-0.4178443236,0.009882,0.20919,-0.4570362412,0.009273166667,0.2352406667,0.1114684125,0.07660447865,120.0400009,-22.70999908,0.1227436594,0.1039738733,0.1114684125,0.07660447865,0.04307297095,0.03732104247,0.1429962798,0.1895298879,0.430030156,-0.04725812758,0.01651399061,0,0,0.1515621688,0.1938986377,0.7816566974,0.1663042439,0.08100601897,0.5129046796,0.0002220525183,-0.1207953466,0,0,0
2020-05-27,-0.02835857074,-0.3727046026,0.0002399019239,-1.173953229,-4.954679023,8.859799333,63.2404938,0.01967636761,13.87586726,100,1.055560307,0.996387453,59.19417705,788123640000,3.629252243,0.03935085183,0.005402792955,8.195831613e-16,1.14,121.5741,32.8,27.62000084,30.19000053,109.8199997,25.17000008,31.85000038,52.97999954,49,190,-0.20358,0.0017102,411.5015,0.2254282,0.2254538,0.214518,0.214616,0.214567,0.225441,0.2359154,0.2357620667,0.2358387333,47.5,54.45,87.78,98.23,129.8866667,144.6166667,-2.760991359,0.06776743749,-0.06458237322,0.4546778556,0.186937,0.263547,0.1871906,0.288745,0.1891019333,0.3059248667,0.165393308,0.2331023671,-0.06770905918,-0.343151379,0.2584555259,0.265925645,-0.00747011912,-0.02849310737,0.1970376066,0.6178357734,-0.4207981668,-1.142828077,1.179579779,2.56e-05,-0.3401230676,0.010675,0.15322,0.005569995966,-0.008297716075,-0.3261011348,0.0125242122,-0.4267568974,0.0125268,0.2031088,-0.4719862978,0.01167466667,0.2336458667,0.09304850169,-0.01841991077,109.8199997,-10.22000122,0.09733813093,-0.02540552846,0.09304850169,-0.01841991077,0.05498508838,0.01191211742,0.1495991943,0.1786973268,0.4556831544,0.02565299835,0.01471844749,0,0,0.1529270501,0.1928214087,0.7931020269,0.1446757651,0.07395931641,0.4887926366,-0.007046702555,-0.02411204302,0,1,0
2020-06-03,-0.1165693521,0.2163450432,0.000158390521,-26.5760662,0.5148070463,13.01890818,68.9578977,0.01692307431,16.39077832,52,1.001369815,0.4962662684,65.71782455,805861050000,9.050185789,0.04651075611,0.006743471831,6.691601684e-16,1.21,119.2625,37.33,25.65999985,28.90999985,106.8499985,23.96999931,31.06999969,61.24000168,58,174,-0.31741,0.0017674,420.28224,0.213395,0.2133876,0.1978,0.197709,0.1977545,0.2133913,0.225197,0.2252566667,0.2252268333,45,51.6,85.11,94.71,127.9166667,143.3333333,-2.669183737,0.06729102396,-0.06113537051,0.6764315331,0.176053,0.237709,0.1827962,0.269057,0.186699,0.2893873333,0.3748778762,0.1257874857,0.2490903905,1.092006448,0.2617275001,0.2183209458,0.04340655428,0.1813376779,0.1963275469,0.582428518,-0.3861009711,-1.08742204,1.023101437,-7.4e-06,-0.2980264017,0.0091265,0.123312,0.01817952385,0.0232843507,-0.2884958521,0.01260952789,-0.3818089592,0.0125353,0.1725216,-0.431385344,0.01281633333,0.2053766667,0.1266562751,0.03360777342,106.8499985,-2.970001221,0.07050482196,-0.02683330897,0.1266562751,0.03360777342,0.07471462673,0.01972953836,0.1157993421,0.1709465759,0.4038395485,-0.05184360585,0.01355667081,0,0,0.1102619893,0.1757406122,0.6274132536,0.1039497641,0.05628572876,0.4585295192,-0.01767358766,-0.03026311742,0,0,0
2020-06-10,-0.008778734615,-0.2171604466,0.000182309081,-14.99603697,-7.969114268,14.85181921,68.41024159,0.01477810892,23.20385366,64,0.8390300304,-0.5859312457,58.78739535,803537560000,7.940920851,0.03044223855,0.007120182318,5.856771845e-16,1.27,118.5307,39.54,27.56999969,29.56999969,116.5299988,27.10000038,31.22999954,60.02000046,58,161,-0.41002,0.0016098,432.83828,0.2281524,0.2279766,0.230315,0.228317,0.229316,0.2280645,0.2307826154,0.2307860769,0.2307843462,57.55,56.75,97.85,99.95,138.1192308,146.2884615,-2.937947795,0.06784001329,-0.06533275469,0.606101926,0.204248,0.272565,0.1920738,0.2853994,0.1881452308,0.2957128462,0.3615704616,0.165393308,0.1961771537,0.7821306152,0.2508823961,0.2215932412,0.02928915487,0.1241408334,0.2042397088,0.4252774051,-0.2210376964,-0.7334473269,0.971625313,-0.0001758,-0.2865567843,0.0090905,0.136634,0.02690692378,0.02523088154,-0.1275994569,0.008727399922,-0.3909145058,0.0106721,0.1866512,-0.4446246555,0.01114469231,0.2151352308,0.07254261959,-0.05411365552,116.5299988,9.680000305,0.01734314785,-0.05316167411,0.07254261959,-0.05411365552,0.0561379731,-0.01857665363,0.1233896298,0.1423625029,0.4643034415,0.06046389301,-0.005327255735,1,0.005327255735,0.08606490738,0.1896031025,0.4539214088,0.1188248412,0.06972127663,0.4132432584,0.01343554787,-0.04528626082,0,0,0
2020-06-17,-2.302780051,7.666883776,0.0003131284658,67.74925248,-11.1562475,-10.65272051,56.84378094,0.02173879048,17.93774042,64,0.6132341691,-0.6703905674,49.25101238,809388410000,1.89021969,-0.001053759567,0.005294064406,6.318681063e-16,1.26,119.918,37.91,33.47000122,35.72000122,139.9400024,33.97999954,36.59000015,58.15999985,55,157,-0.46124,0.0013394,423.53578,0.2802074,0.2802778,0.296241,0.289483,0.292862,0.2802426,0.2774515385,0.2774810769,0.2774663077,71.4,71.1,117.6,119.99,162.3846154,171.2346154,-3.532522863,0.06801624222,-0.08024780797,0.6447076909,0.253854,0.347844,0.2296168,0.3535458,0.2213476154,0.3558972308,0.2334627911,0.3748778762,-0.1414150851,-0.473577598,0.1720819877,0.2672937333,-0.09521174559,-0.4403771425,0.1760892475,0.3974004498,-0.2213112022,-0.8139535071,0.9537940815,7.04e-05,-0.3124158631,0.007987,0.18798,0.04057815833,-0.05476527104,-0.08093956556,0.01367123456,-0.425023827,0.0113387,0.247858,-0.4661786633,0.01115611538,0.2690992308,0.06722437759,-0.005318242001,139.9400024,23.41000366,-0.01500877953,-0.03235192738,0.06722437759,-0.005318242001,0.02435607229,-0.03178190081,0.173684767,0.1959748988,0.469850468,0.005547026452,-0.003606796233,1,0.003606796233,0.2208304476,0.1714995625,1.287644379,0.1469191919,0.07547325201,0.4862941249,0.005751975386,0.07305086656,1,0,0
2020-06-24,-2.484100972,9.055432691,0.0002899962211,48.85963637,12.0231678,-13.78836351,49.34378212,0.02400113155,14.55130322,52,0.2707936499,-0.5608067704,47.1095318,809291310000,-5.632359353,-0.0245813701,0.001595576844,5.916977843e-16,1.33,119.9834,37.91,33.84000015,35.38999939,136.8899994,33.25,35.56999969,54.88999939,50,160,-0.4788,0.0013098,414.64422,0.292193,0.292735,0.3000385,0.2998485,0.2999435,0.292464,0.287927,0.288838,0.2883825,73.675,74.2,120.02,122.73,164.45,174.15,-3.609181761,0.06796710848,-0.08373855337,0.3799583214,0.2480625,0.3541265,0.231946,0.3644708,0.227229,0.360864,0.2086801756,0.3615704616,-0.152890286,-0.5496541177,0.1507457651,0.2670036448,-0.1162578797,-0.5716675664,0.1712663279,0.3218062631,-0.1505399353,-0.6307298793,0.9129453362,0.000542,-0.3522614993,0.001151,0.212128,0.04322361469,-0.04076709552,-0.02039480467,0.002645456354,-0.4444033099,0.0057444,0.2650496,-0.454468936,0.005664,0.26727,0.04580375975,-0.02142061784,136.8899994,-3.050003052,0.01774436549,0.03275314502,0.04580375975,-0.02142061784,0.005086191248,-0.01926988104,0.1682319506,0.2121653599,0.4422532598,-0.02759720824,-0.0261952656,1,0.0261952656,0.2388496937,0.1485337581,1.608049892,0.1441388643,0.07284791793,0.494599057,-0.002625334089,0.008304932065,0,0,1
2020-07-01,-1.671099462,3.699823868,0.0003748482181,-18.05726449,0.03704751351,-10.47176079,55.17572384,0.02067829725,12.34355322,-20,0.5323465137,0.0773872406,48.93213571,819660200000,1.606671192,0.01106175815,0.01038985027,7.103339659e-16,1.37,120.0902,39.88,28.62000084,31.68000031,120.8300018,25.20000076,32.56000137,53.27999878,52,158,-0.47522,0.0015948,423.45146,0.2348808,0.2348966,0.219735,0.2211005,0.22041775,0.2348887,0.246166875,0.24642575,0.2462963125,54.4,55.675,95,104.34,142.31875,154.075,-2.960236993,0.06795097662,-0.06728444095,0.4195845262,0.1913445,0.2707855,0.1952304,0.2964694,0.197987,0.313644125,0.1544349578,0.2334627911,-0.07902783332,-0.4132496891,0.1245756338,0.2607026715,-0.1361270377,-0.7384675366,0.1706973983,0.2734585352,-0.1027611369,-0.4712576139,1.109898737,1.58e-05,-0.3438036916,0.01064725,0.158882,0.01394456186,-0.00592089031,-0.01411769694,-0.02927905283,-0.4117919104,0.0109612,0.202478,-0.4521113722,0.00951925,0.23131425,0.1069182172,0.06111445744,120.8300018,-16.05999756,0.1357142846,0.1179699191,0.1069182172,0.06111445744,0.02777781123,0.02269161998,0.1680498937,0.2363302048,0.4155740955,-0.02667916425,0.005009563976,0,0,0.2541098019,0.1608565472,1.579729307,0.1277967238,0.05983084082,0.5318280543,-0.01301707711,0.0372289973,0,0,0
2020-07-08,-1.787835572,4.05967408,0.0003412490474,-15.3937452,4.526065539,1.668949927,58.55576506,0.01674231282,12.23158472,-20,0.8330120461,0.8945218944,56.01816851,828983060000,2.330729868,0.02166089288,0.01001401605,7.459486497e-16,1.42,119.5625,40.91,28.07999992,31.19000053,113.3399963,23.67000008,31.82999992,49.79999924,51,151,-0.47183,0.0016218,420.52436,0.232587,0.2322746,0.209257,0.209366,0.2093115,0.2324308,0.2409119167,0.24096325,0.2409375833,50.75,52.9,94.78,101.71,140.9666667,152.9041667,-2.909012304,0.06633001886,-0.06658152646,0.4370574619,0.180469,0.256876,0.1935078,0.2947174,0.19340575,0.3100684167,0.1191611145,0.2530550021,-0.1338938876,-0.7531303841,0.1121851472,0.2604235843,-0.1482384371,-0.8421588691,0.1695909315,0.2661586414,-0.09656770992,-0.4507032753,1.120434918,-0.0003124,-0.3494129349,0.009361,0.152814,0.01102819629,-0.02022553005,-0.01278950334,-0.002916365563,-0.4146021139,0.0116818,0.2024192,-0.4634305964,0.0107995,0.2333253333,0.1107550078,0.003836790594,113.3399963,-7.490005493,0.18631178,0.05059749539,0.1107550078,0.003836790594,0.02051937732,-0.007258433903,0.1611258178,0.2335370104,0.408261955,-0.007312140467,0.007796986263,0,0,0.2552385277,0.140667497,1.814481192,0.1229594661,0.05513902278,0.5515674836,-0.004691818035,0.01973942928,0,0,0
2020-07-15,-0.8679553081,0.1743117115,0.0001623785567,-9.155136245,-7.605778477,5.428799335,61.8702926,0.01728931609,12.15147164,84,0.9821502445,0.3752684114,61.07342482,832955130000,7.228527483,0.03162160899,0.0140258051,6.43253303e-16,1.41,119.0423,41.2,27.76000023,31.55999947,113.7099991,25.21999931,32.74000168,47.08000183,48,148,-0.48361,0.001604,428.89542,0.2309244,0.2308416,0.222551,0.22255,0.2225505,0.230883,0.2418795,0.2418325,0.241856,56.35,55.8,97.09,101.71,144.625,154.45,-2.947162537,0.06646326428,-0.06613886519,0.8028097934,0.193819,0.265462,0.1945132,0.2907506,0.196564,0.3113405,0.1249025766,0.1500783141,-0.02517573752,-0.1836232059,0.09947096895,0.2638299475,-0.1643589786,-0.9754389252,0.1755465011,0.2498120111,-0.07426550996,-0.3528047079,1.142699755,-8.28e-05,-0.311978941,0.00709,0.143286,0.00745552006,0.02700522469,-0.003911716132,-0.003572676233,-0.3966395185,0.0117489,0.1924748,-0.4519609494,0.01209625,0.229553,0.1368875795,0.02613257167,113.7099991,0.3700027466,0.1007137583,-0.08559802171,0.1368875795,0.02613257167,0.03738917086,0.01686979354,0.07643554238,0.1866952937,0.2904849295,-0.1177770255,0.009041056936,0,0,0.1407210469,0.1303326815,1.079706527,0.1272083117,0.05760207046,0.5471831227,0.002463047675,-0.004384360899,1,0,0
2020-07-22,-1.147475689,0.7273248547,0.0001476780953,-11.79792118,-2.348325341,7.827845434,65.75684541,0.01414326466,16.51807372,64,0.9051993343,0.7482797471,71.66381049,845798230000,3.028570117,0.02578512404,0.01341054396,6.637182214e-16,1.48,118.1446,41.88,24.31999969,29.04999924,112.8399963,21.64999962,30.43000031,45.31999969,46,139,-0.5088,0.0018165,442.35005,0.197515,0.1975,0.186168,0.186263,0.1862155,0.1975075,0.2152613333,0.2148405833,0.2150509583,48,47.3,85.325,89.6,129.9958333,139.4125,-2.600221801,0.06751333173,-0.05659034116,0.7153277173,0.163012,0.223895,0.1679745,0.2532715,0.1771973333,0.2797778333,0.129015936,0.1191611145,0.009854821519,0.07945945102,0.1055363878,0.2485590776,-0.1430226899,-0.856624753,0.1793580475,0.234578845,-0.05522079751,-0.268407684,1.258479185,-1.5e-05,-0.3147164564,0.007238,0.121766,-0.002635376558,0.02047684124,-0.008780319859,-0.01009089662,-0.4049747653,0.0131155,0.170594,-0.4489543743,0.013436625,0.205161,0.1944901152,0.05760253574,112.8399963,-0.8700027466,0.1233256408,0.02261188249,0.1944901152,0.05760253574,0.04750434094,0.01011517008,0.0732849313,0.1789648566,0.2905252445,4.031495856e-05,0.005730630594,0,0,0.1392147378,0.1328742558,1.047717912,0.1105301542,0.04874853909,0.5589571058,-0.008853531365,0.01177398308,0,0,0
2020-07-29,-0.2579722279,-1.119984798,7.76281851e-05,-34.28708859,4.888582534,-2.037296457,60.23993961,0.01314258484,16.59672606,68,0.8094628019,0.6641766765,65.82803319,842207390000,3.271403315,0.01122884997,0.0087378991,5.616778887e-16,1.53,117.2242,41.13,24.10000038,29.29000092,110.9499969,21.93000031,30.96999931,41.63000107,46,140,-0.54043,0.00182075,440.509725,0.19742725,0.197446,0.181879,0.181895,0.181887,0.197436625,0.2198324,0.2198546,0.2198435,43.1,49.6,81.675,92.8,129.07,144.49,-2.588474803,0.06759518742,-0.05657005783,0.2046200289,0.161078,0.223636,0.1672645,0.25390325,0.1804238,0.2849842,0.09910794043,0.1249025766,-0.02579463613,-0.2313244823,0.1834092644,0.1720431579,0.0113661065,0.06397470988,0.1780061275,0.223257658,-0.04525153048,-0.2265085476,0.8713842123,1.875e-05,-0.325218214,0.01047,0.125116,0.02848215364,0.01748222714,-0.001512817342,0.0311175302,-0.4114215773,0.01314725,0.1732775,-0.4493279015,0.0128605,0.2091208,0.2153527158,0.02086260065,110.9499969,-1.88999939,0.09895121049,-0.02437443031,0.2153527158,0.02086260065,0.05735740339,0.009853062449,0.07132849936,0.1297787441,0.3546789172,0.06415367271,0.01235178335,0,0,0.07816354903,0.1146312215,0.6818696339,0.06038841282,0.03078956463,0.4901411846,-0.01795897447,-0.06881592118,0,1,0
2020-08-05,-0.456632551,-1.0558179,5.94423062e-05,-23.54572093,-3.525661439,3.471346958,66.70149781,0.01080925676,19.0075836,100,1.003472292,0.5522355428,73.0238656,856338380000,2.334983566,0.02194853464,0.008344950205,5.063652551e-16,1.61,116.8865,42.25,22.98999977,28.60000038,105.6699982,19.02000046,30.31999969,41.75,44,137,-0.56401,0.0018886,448.2543,0.187565,0.1876966,0.161183,0.161271,0.161227,0.1876308,0.2105654,0.2105753,0.21057035,39.9,44,80.48,88.07,128.81,139.795,-2.503164075,0.06735055307,-0.05376353827,0.7345791583,0.144134,0.196898,0.159003,0.241015,0.1737959,0.2739757,0.09534885393,0.129015936,-0.03366708206,-0.3023936192,0.1862903542,0.1721843302,0.01410602395,0.07874091016,0.1966952698,0.2201239814,-0.0234287116,-0.1125352621,0.9176762568,0.0001316,-0.3094372376,0.009289,0.105528,0.02320656538,0.009349033791,-0.004114694879,-0.005275588263,-0.4100415481,0.0123782,0.164024,-0.4474593744,0.01331545,0.2003596,0.2440191677,0.02866645189,105.6699982,-5.279998779,0.208727614,0.1097764035,0.2440191677,0.02866645189,0.06013983533,0.002782431938,0.0727678615,0.1229834902,0.3717361891,0.01705727186,0.006409160436,0,0,0.06925743695,0.1036015145,0.6684983064,0.06241203619,0.03276459262,0.475027661,0.001975027992,-0.01511352358,0,0,0
2020-08-12,-0.6326137433,-0.5078143155,4.487090971e-05,-7.025444946,-1.533243808,4.938782326,68.85104485,0.01083002847,26.07611517,96,0.9783189801,0.5350101255,72.23146756,867946970000,4.35079812,0.02663168614,0.007215522326,4.582851181e-16,1.67,117.2679,42.6,22.28000069,28.12000084,115.7300034,18.89999962,29.85000038,44.22999954,53,133,-0.57341,0.0019082,459.54082,0.1810718,0.1811368,0.157751,0.15774,0.1577455,0.1811043,0.2196530833,0.2196654167,0.21965925,40.6,42.7,80.53,86.15,138.3458333,147.4041667,-2.476929123,0.06797237268,-0.05189533093,0.4849890975,0.13949,0.193942,0.1553606,0.2371922,0.1818296667,0.2848591667,0.07346574504,0.09910794043,-0.02564219538,-0.2993903197,0.1995377243,0.1239274398,0.07561028447,0.4763070809,0.2087175322,0.2041342931,0.004583239085,0.02220374042,0.6842876721,6.5e-05,-0.3266153219,0.0089705,0.108904,0.03428183271,0.01506125891,0.006579376474,0.01107526733,-0.4169202207,0.0151721,0.1636632,-0.4415340271,0.01368516667,0.206059,0.2621184907,0.01809932296,115.7300034,10.06000519,0.178836039,-0.02989157502,0.2621184907,0.01809932296,0.06152203025,0.00138219492,0.06591613691,0.09271646082,0.4155270597,0.04379087067,0.01389950229,0,0,0.0639116921,0.09567583351,0.6680024595,0.04650898879,0.03115097844,0.3302159593,-0.001613614176,-0.1448117017,0,0,0
2020-08-19,-0.3301132399,-0.3246113265,4.721756787e-05,-12.79763726,12.06780345,0.03484195783,65.41955488,0.009140519448,31.6672702,96,0.7544552513,-0.6525994983,79.30062522,864758580000,2.435492748,0.01019988988,0.007324045451,4.234423882e-16,1.67,116.5789,42.91,22.54000092,28.11000061,114.7200012,19.22999954,30.29999924,44.59999847,54,137,-0.57807,0.0018895,461.3969,0.182085,0.1821005,0.158878,0.158975,0.1589265,0.18209275,0.217093,0.2172325,0.21716275,41.4,42.4,81.95,86.225,136.05,144.725,-2.500506856,0.06835813444,-0.05217828731,0.1692265021,0.138045,0.198194,0.152733,0.2371675,0.176556,0.2809385,0.08038815691,0.09534885393,-0.01496069701,-0.1706754491,0.2131284953,0.1121851472,0.1009433481,0.6417446415,0.2112200869,0.1988007525,0.01241933445,0.06059757654,0.61608794,1.55e-05,-0.3577752729,0.009193,0.120298,0.03821965687,0.01616622846,0.007637920793,0.003937824155,-0.4331079339,0.0128575,0.168869,-0.4563224257,0.0115845,0.208765,0.2471162142,-0.01500227647,114.7200012,-1.010002136,0.1721269606,-0.006709078373,0.2471162142,-0.01500227647,0.07790816717,0.01638613692,0.06062816047,0.0887035274,0.4059966196,-0.009530440149,-0.004414123345,1,0.004414123345,0.06509083238,0.0887611394,0.7333257867,0.0417383302,0.02915282294,0.3015335592,-0.001998155506,-0.02868240004,1,0,0
2020-08-26,-0.04719743797,6.609918285e-05,3.065526931e-05,-21.27151625,7.528589287,4.107445955,76.81187475,0.008587708751,35.46100295,92,1.02896423,0.8732352455,71.2899377,882846220000,3.519150916,0.02755532665,0.005922406694,3.771979339e-16,1.72,116.6358,43.21,23.27000046,28.70000076,105.8000031,19.95999908,29.87000084,47.99000168,53,137,-0.59052,0.001855,471.87354,0.182706,0.183017,0.157513,0.157554,0.1575335,0.1828615,0.2182796667,0.2180429167,0.2181612917,42.925,45.75,83.47,89.15,139.5083333,150.95,-2.568080456,0.06782267379,-0.05239834858,1.159847479,0.1407015,0.1940375,0.1557716,0.2380378,0.1804929167,0.2836699167,0.2886776737,0.07346574504,0.2152119287,1.368491506,0.2276500265,0.09947096895,0.1281790575,0.8279436459,0.2140228535,0.1977958505,0.01622700296,0.07884736049,0.5439688997,0.000311,-0.3186721595,0.009836,0.106672,0.04425481847,0.01941958793,0.0084711507,0.006035161599,-0.4177970358,0.0140432,0.1645324,-0.4445724327,0.013920125,0.206354,0.2333476665,-0.01376854777,105.8000031,-8.919998169,0.1658317397,-0.006295220852,0.2333476665,-0.01376854777,0.0407665521,-0.03714161507,0.06127802141,0.07142632533,0.4617634834,0.05576686382,0.01014400134,0,0,0.03582292183,0.09090388611,0.3940747019,0.03338542793,0.02349095427,0.29637103,-0.005661868668,-0.005162529192,0,0,0
2020-09-02,-0.05842260884,0.2038138222,2.764826161e-05,23.01266018,14.23315642,9.831854984,82.90040988,0.008143744482,44.51722868,96,1.090287334,0.7250377429,80.82267238,894719470000,5.879677297,0.03881022091,0.005131524817,3.960580073e-16,1.73,116.0423,42.76,26.56999969,32.66999817,122.0100021,20.70999908,33.24000168,44.86000061,52,134,-0.61611,0.001583,487.11002,0.2061748,0.2068494,0.1842485,0.1843755,0.184312,0.2065121,0.2484472,0.24835,0.2483986,53.875,52,99.69,100.66,169.39,176.22,-2.993872416,0.0680161666,-0.05916710511,0.6042741982,0.173994,0.2199385,0.187939,0.2582422,0.2130108,0.314922,0.2734541662,0.08038815691,0.1930660093,1.224267162,0.2289494695,0.1055363878,0.1234130817,0.7744455206,0.2141631423,0.1901086854,0.02405445688,0.1191421347,0.5110421509,0.0006746,-0.2332607744,0.01265425,0.091889,0.05945855923,0.02750865757,0.02556055221,0.01520374077,-0.315132955,0.0165785,0.1406064,-0.3860764097,0.0155678,0.2038224,0.2295821808,-0.00376548564,122.0100021,16.20999908,0.2829551361,0.1171233964,0.2295821808,-0.00376548564,0.01744730767,-0.02331924443,0.04412902803,0.07946128575,0.3570589529,-0.1047045305,0.01524905014,0,0,0.03415028706,0.1021857913,0.3341979997,0.03093751217,0.01979958303,0.3600137297,-0.003691371239,0.06364269964,0,0,0
2020-09-09,-1.615638144,2.962429439,0.0001552016507,158.5182017,9.217382188,-17.59044206,50.24435716,0.01671582612,35.24635928,84,0.37186576,0.1089214897,69.53140261,884607110000,0.05298687359,-0.01554296731,0.01025458061,6.317271091e-16,1.71,116.1396,38.05,28.80999947,32.11999893,121.5400009,29.09000015,31.98999977,48.81999969,57,137,-0.65437,0.0014948,452.21564,0.2353776,0.2352866,0.243583,0.243678,0.2436305,0.2353321,0.2563920714,0.2558983571,0.2561452143,64,65.4,104.59,108.41,163.1035714,172.7107143,-3.167287387,0.0665226481,-0.06741124133,0.7071338669,0.213504,0.288022,0.2009178,0.2914908,0.2141922857,0.3165711429,0.1902236966,0.285566887,-0.09534319041,-0.4062755517,0.1832548827,0.177689128,0.0055657547,0.03084243391,0.1884515273,0.1756682305,0.01278329676,0.07024366188,0.755056909,-9.1e-05,-0.2971650523,0.0071325,0.149036,0.05142818071,-0.02219262644,0.03475104359,-0.008030378525,-0.3678774091,0.0108722,0.181146,-0.3857796209,0.0092365,0.2047577143,0.1148906466,-0.1146915343,121.5400009,-0.4700012207,-0.009625324344,-0.2925804605,0.1148906466,-0.1146915343,-0.004047296547,-0.02149460421,0.08607409507,0.1479878515,0.3677406615,0.01068170859,0.01994476066,0,0,0.165209027,0.1218086699,1.356299409,0.04528041292,0.0137069867,0.697286623,-0.006092596325,0.3372728934,0,0,0
2020-09-16,-1.306846636,1.690990295,0.0001885516721,96.20951476,-18.02538195,-17.01781582,49.57887087,0.01993950289,25.91375293,-24,0.3361760407,-0.9532251069,55.38730609,887286440000,-3.49257896,-0.01492724747,0.01150371611,6.935104645e-16,1.68,115.3623,40.17,26.04000092,30.56999969,103.4800034,23.77000046,31.62000084,42.43000031,55,135,-0.68634,0.0016018,452.85804,0.2193856,0.2194552,0.212793,0.208989,0.210891,0.2194204,0.2468051429,0.246594,0.2466995714,56.6,54.95,99.09,99.8,156.8857143,163.8928571,-2.957330127,0.06688220021,-0.06286019115,0.6303615284,0.188416,0.245948,0.1849256,0.2726306,0.2046397143,0.3029451429,0.2126258279,0.2936180782,-0.08099225029,-0.3227459247,0.2074963815,0.1851810573,0.02231532419,0.1137798663,0.1841250425,0.1773541104,0.006770932155,0.03746674819,0.843955518,6.96e-05,-0.2649022479,0.006291,0.115064,0.03351614077,-0.04173656194,0.02940619808,-0.01791203994,-0.3833627432,0.0093577,0.17541,-0.3873457893,0.007092857143,0.1966108571,0.1739630806,0.05907243409,103.4800034,-18.05999756,0.09549854497,0.1051238693,0.1739630806,0.05907243409,0.03434743719,0.03839473374,0.08883560202,0.1675513255,0.3464903725,-0.02125028901,-0.004629646892,1,0.004629646892,0.1774166645,0.1208678964,1.467855981,0.04665002889,0.01235800489,0.7350911631,-0.001348981811,0.03780454007,1,0,0
2020-09-23,-0.7831354787,0.3737830761,0.000202487994,-1.161777701,11.87157556,-23.08834634,37.03615436,0.02488631271,24.22213134,-48,0.03089758337,-0.9041671709,25.11296376,870589990000,-5.545440893,-0.03644681041,0.0132329554,8.067022612e-16,1.6,117.2631,39.92,28.57999992,33.27999878,107.3499985,27.96999931,33.49000168,38.63000107,54,139,-0.7015,0.001349,437.2355,0.268892,0.269878,0.250163,0.250268,0.2502155,0.269385,0.2855725,0.2873252143,0.2864488571,62.65,63.8,113.8,122.1,171.4035714,181.9,-3.505496582,0.06753881777,-0.07714568547,1.876213592,0.21804,0.285517,0.224954,0.319837,0.2327389286,0.3390076429,0.1868021435,0.1902236966,-0.00342155309,-0.01815072953,0.2103410989,0.2040773163,0.006263782633,0.03023157013,0.172089527,0.1706412625,0.001448264572,0.008451374879,0.7575674825,0.000986,-0.2680014378,0.001563,0.134954,0.04003408855,0.02642274168,0.0529345073,0.006517947777,-0.3483280744,0.0030105,0.189766,-0.3717336302,-0.0005755714286,0.2125374286,0.1644506252,-0.009512455449,107.3499985,3.869995117,0.02180910352,-0.07368944146,0.1644506252,-0.009512455449,0.0063101835,-0.02803725369,0.105664926,0.1857330313,0.3626138184,0.01612344588,-0.02400733891,1,0.02400733891,0.2066219352,0.1195560782,1.728242832,0.05372762098,0.01208006997,0.7751608996,-0.0002779349253,0.04006973648,0,0,0
2020-09-30,-0.4630595834,-0.5923809084,0.0002491818077,-0.5486611962,3.530848347,-2.361185551,51.5035023,0.01818826396,20.5414538,-60,0.5186325937,-0.1512528914,39.69917992,884023200000,-0.6070576623,0.01033534106,0.01002457928,8.83949386e-16,1.63,116.957,40.05,26.37000084,31.63999939,101.5800018,25.77000046,32.18000031,39.20999908,56,144,-0.68606,0.0013436,449.77386,0.2631688,0.2580122,0.232003,0.211249,0.221626,0.2605905,0.265601,0.265471,0.265536,60.05,56.45,119.29,115.36,169.375,174.175,-3.488297472,0.06687092774,-0.0746324046,0.3283635618,0.204619,0.247318,0.2203948,0.3076486,0.219715,0.3207665,0.1904500409,0.2126258279,-0.02217578697,-0.1101440366,0.2096599549,0.2129468095,-0.003286854529,-0.01555545762,0.1671423203,0.1699358343,-0.00279351399,-0.01657525359,0.8171702709,-0.0051566,-0.1889599657,0.0043425,0.085398,0.02419135076,0.003908341204,0.0416311795,-0.01584273779,-0.3304796538,0.0034312,0.1745076,-0.3739313927,0.00470475,0.202103,0.1998482511,0.03539762595,101.5800018,-5.769996643,0.02328290147,0.001473797952,0.1998482511,0.03539762595,0.01706703306,0.01075684956,0.1130590545,0.2023452729,0.3584575247,-0.00415629368,0.008219842568,0,0,0.2071835761,0.1379633725,1.501728846,0.05794640161,0.01260005794,0.7825566801,0.000519987972,0.007395780519,0,1,1
2020-10-07,-0.1271996226,-1.086305962,0.0001672128244,-16.25009041,-13.97857264,9.534543815,55.96146003,0.01869939512,15.83144586,-60,0.8899367047,0.672898017,46.29745686,887178440000,4.217535807,0.02690184059,0.01260544306,7.796280865e-16,1.71,116.3548,39.82,28.05999947,30.70000076,104.1900024,21.73999977,31.60000038,56.97999954,65,136,-0.64765,0.0013964,453.76912,0.2505254,0.2506702,0.201303,0.200556,0.2009295,0.2505978,0.2511915,0.2512695,0.2512305,52.8,54.55,110.9,116.74,161.265,171.525,-3.384331642,0.06635118513,-0.07177606919,0.5408312309,0.18366,0.236814,0.211826,0.3046324,0.2108294,0.3083709,0.1485580812,0.1868021435,-0.03824406239,-0.2290740001,0.2033898104,0.2284223376,-0.02503252717,-0.1160718872,0.160022398,0.1757387533,-0.01571635526,-0.09368474288,0.9115097482,0.0001448,-0.2528289502,0.0093075,0.106308,0.02655959269,0.005477623137,0.03223265473,0.002368241934,-0.3593954518,0.0076314,0.1856128,-0.3757374562,0.00836965,0.195083,0.0940841535,-0.1057640976,104.1900024,2.61000061,0.2907083607,0.2674254592,0.0940841535,-0.1057640976,0.02931594776,0.0122489147,0.1024597752,0.1762039496,0.3676825006,0.009224975935,0.01724716377,0,0,0.1401881402,0.1385244417,1.012010144,0.06478925639,0.01261249208,0.805330501,1.243414295e-05,0.02277382087,0,0,0
2020-10-14,-0.2739029003,-1.050322571,0.0001565540223,-20.62015542,2.178958737,19.04404511,59.26460502,0.01519941427,18.7369226,48,0.8472255309,-0.6573162501,64.25917419,890956320000,4.089683143,0.02452789678,0.007729944834,8.116714816e-16,1.69,115.6959,40.86,26.39999962,28.23999977,116.9300003,21.29999924,29.29000092,53.5,59,133,-0.59577,0.00150625,472.63035,0.2233095,0.223303,0.197121,0.189136,0.1931285,0.22330625,0.2264476,0.2262952,0.2263714,53.15,52.15,103.625,107.5375,149.28,157.2,-3.141110449,0.06773789868,-0.06397175574,0.4094643121,0.176189,0.217933,0.1860395,0.2765875,0.188316,0.2842768,0.2071760783,0.1904500409,0.01672603736,0.08417914365,0.2006159918,0.2336814124,-0.03306542059,-0.15256611,0.1581951205,0.1795247522,-0.02132963166,-0.1264838824,1.046461585,-6.5e-06,-0.2118328842,0.0039325,0.083488,0.01508899551,0.001027399437,0.01901487409,-0.01147059719,-0.3914514285,0.00800725,0.181096,-0.4061035208,0.009925,0.1919216,0.06969697648,-0.02438717702,116.9300003,12.73999786,0.2394366462,-0.05127171448,0.06969697648,-0.02438717702,0.03718134394,0.007865396184,0.09953613061,0.162395382,0.3800082305,0.0123257299,-0.006645172084,1,0.006645172084,0.1283648912,0.1480960101,0.8667680587,0.06556079585,0.01095379337,0.8329215924,-0.001658698713,0.02759109142,1,0,0
2020-10-21,-0.417209908,-0.6309789764,0.0001488178839,-12.22308183,-2.0012076,0.2272917514,52.30615329,0.01507719789,15.20940322,48,0.5792866281,-0.842767537,49.69243006,887642610000,0.7909393934,-0.003909389084,0.005736059693,6.890561554e-16,1.74,114.9185,39.88,28.64999962,29.61000061,117.4700012,23.20000076,29.61000061,59.06999969,69,131,-0.5529,0.001371,469.588,0.24652425,0.24647825,0.264336,0.258261,0.2612985,0.24650125,0.2427481111,0.2427193333,0.2427337222,71.3,68.95,112.2625,119.575,156.95,168.4777778,-3.445060386,0.06834227899,-0.07060491293,0.04383734526,0.228863,0.297318,0.20440475,0.30302875,0.1986605556,0.3046602222,0.2840781727,0.1485580812,0.1355200915,0.6482734555,0.1955404022,0.1832548827,0.01228551944,0.06488903319,0.1553748921,0.1793386814,-0.0239637893,-0.1434352375,0.7434237462,-4.6e-05,-0.2601956361,0.001792,0.13691,0.04849989578,0.04620740263,0.02675729724,0.03341090027,-0.3887169452,0.0072155,0.197248,-0.4212012353,0.008926666667,0.2119993333,0.03350788847,-0.03618908802,117.4700012,0.5400009155,0.2349137361,-0.004522910154,0.03350788847,-0.03618908802,0,-0.03718134394,0.08862427646,0.1450007012,0.3793441839,-0.000664046675,-0.002198114012,1,0.002198114012,0.09231519748,0.1443382543,0.6395754052,0.04979169142,0.01620933938,0.6744569441,0.005255546011,-0.1584646483,0,0,0
2020-10-28,-0.143720774,-0.6440260006,0.0001146363421,14.45442957,10.40871571,-18.05509636,35.2093808,0.01640134499,16.19243223,48,-0.1629388586,-0.9418362777,35.21232933,882361690000,-7.446903237,-0.05110494096,0.007137573941,7.25165063e-16,1.7,115.8099,37.27,40.27999878,37.75,152.0099945,47.90000153,35.22999954,57.13000107,63,132,-0.52674,0.001032,444.36826,0.3454668,0.3454392,0.411271,0.405491,0.408381,0.345453,0.31291,0.3130773333,0.3129936667,105.65,103,152.4,154.92,196.8666667,202.6333333,-4.568700849,0.06792482185,-0.09885984371,0.4486513866,0.350956,0.464498,0.2779914,0.4128966,0.24483,0.3826573333,0.1695485485,0.2071760783,-0.03762752972,-0.2004297434,0.1508216876,0.2074963815,-0.05667469398,-0.3190156392,0.1299881266,0.1955842036,-0.06559607707,-0.4085478837,0.6006501073,-2.76e-05,-0.2784755486,-0.000654,0.227084,0.1191930818,0.1238531138,0.05971185466,0.07069318604,-0.390526974,-9e-06,0.2698104,-0.4392991731,0.00075,0.2756546667,-0.0628102993,-0.09631818777,152.0099945,34.53999329,-0.1590814719,-0.3939952079,-0.0628102993,-0.09631818777,-0.06675497901,-0.06675497901,0.1000215678,0.1517993815,0.3971931966,0.01784901278,-0.03592554211,1,0.03592554211,0.1704206335,0.1182225705,1.441523668,0.05926791216,0.01621316381,0.7264428048,3.824432452e-06,0.05198586071,0,1,0
2020-11-04,-0.9137179816,0.9944875229,0.0001836869029,34.09097256,17.83990789,-6.84415318,55.09733066,0.01924674398,19.7435603,-56,0.5744918789,-0.05599450774,50.32411981,895776090000,0.4820661092,0.01559022402,0,7.324881853e-16,1.64,115.1733,38.97,29.56999969,29.97999954,122.1200027,32.45999908,29.93000031,47.74000168,64,130,-0.5162,0.001357,467.71562,0.2496318,0.2489036,0.263904,0.264025,0.2639645,0.2492677,0.2366781429,0.2368254286,0.2367517857,67.2,74.85,112.31,121.25,153.4,166.7928571,-3.46983324,0.0679140075,-0.07139582088,0.6863500283,0.226875,0.319811,0.20669,0.3115448,0.1943957143,0.301341,0.1692788132,0.2840781727,-0.1147993595,-0.5177023186,0.1264006423,0.2103410989,-0.08394045664,-0.5092739306,0.1394103464,0.2069142451,-0.0675038987,-0.3948827161,0.8438361605,-0.0007282,-0.3399977318,0.0093785,0.185872,0.04319511031,-0.01102315093,0.01323790323,-0.07599797151,-0.404661362,0.0098497,0.2097096,-0.4314600175,0.01111657143,0.2138905714,0.01386539911,0.07667569841,122.1200027,-29.88999176,-0.08903263928,0.07004883261,0.01386539911,0.07667569841,-0.001667753096,0.06508722592,0.09814162504,0.1500913079,0.3953610179,-0.001832178723,0.02180752566,0,0,0.1650988929,0.1394966143,1.183533334,0.06136867047,0.01712529258,0.7209440509,0.0009121287661,-0.005498753904,0,0,0
2020-11-11,-0.7223592426,0.9082013762,0.0001965651936,8.064158943,-28.62321213,21.20765051,64.36617565,0.02046074837,19.89247803,24,0.899234667,0.2963550561,58.46230023,902960380000,5.048263962,0.03996355405,0,6.568189754e-16,1.76,114.0802,41.23,23.45000076,25.62000084,118.3199997,21.59000015,26.54000092,46.18999863,79,118,-0.5159,0.001687,488.3213,0.192497,0.192516,0.186639,0.18664,0.1866395,0.1925065,0.200592,0.200455,0.2005235,49.9,54.35,90.1,98.2,135.475,146.725,-2.797768582,0.06834141788,-0.05515906974,0.5297157623,0.168081,0.224257,0.16836,0.245547,0.172754,0.2578535,0.1594333244,0.1695485485,-0.01011522413,-0.06151350184,0.1130382008,0.2096599549,-0.0966217541,-0.617761134,0.134167854,0.2103041925,-0.07613633856,-0.4494633609,1.089105848,1.9e-05,-0.2863653279,0.0095295,0.112352,0.01103295687,0.00608759265,-0.004018179335,-0.03216215344,-0.3729678406,0.014447,0.154374,-0.3952532178,0.01478025,0.170199,0.09253731368,0.07867191457,118.3199997,-3.800003052,0.08615102349,0.1751836628,0.09253731368,0.07867191457,0.03590944755,0.03757720064,0.1260250199,0.1458313746,0.4635720272,0.0682110093,0.007622728363,0,0,0.1619340729,0.1465206135,1.105196525,0.0902928833,0.04633558659,0.4868301366,0.02921029401,-0.2341139143,0,0,0
2020-11-18,-0.9950889269,1.250461704,0.0001993249181,-24.65598552,-3.724402619,15.39448817,58.95110085,0.01836090804,20.07434456,24,0.7300323546,-0.9822271696,57.40637112,897968820000,7.780404127,0.01658479147,0,7.107029229e-16,1.7,113.4645,41.64,23.84000015,26.38999939,117.9000015,19.59000015,27.61000061,43.61999893,72,117,-0.51882,0.0016728,497.04806,0.191685,0.1897292,0.1874195,0.1747615,0.1810905,0.1907071,0.2058087143,0.20593,0.2058693571,53.075,51.475,94.67,95.15,142.5785714,146.6142857,-2.821148633,0.06965769566,-0.05464405598,0.4420022247,0.1625175,0.215858,0.1647514,0.2405792,0.1737521429,0.2616697143,0.1108031178,0.1692788132,-0.05847569537,-0.4237922247,0.1035440031,0.2033898104,-0.09984580733,-0.6751277131,0.1247394795,0.214824754,-0.09008527448,-0.5435951996,1.066503609,-0.0019558,-0.2819447877,0.00809725,0.106681,0.01546714575,0.004138452603,-0.003767482707,0.004434188878,-0.374152852,0.0119582,0.1516556,-0.4038270931,0.01184157143,0.1758351429,0.1069630546,0.01442574089,117.9000015,-0.4199981689,0.2169474205,0.130796397,0.1069630546,0.01442574089,0.04622967976,0.01032023221,0.1216988515,0.1411960948,0.4629181854,-0.0006538418179,-0.01163121065,1,0.01163121065,0.1611805845,0.1586830123,1.01573938,0.09485147969,0.05348406471,0.4361283041,0.007148478126,-0.0507018325,1,0,0
2020-11-25,-1.099288801,1.536283469,0.0001968815737,-28.91100708,0.2136827191,6.48665728,62.98048994,0.01347453287,19.21615458,24,0.7598222755,0.3404621334,53.63259273,904523220000,2.229260734,0.01432510335,0,5.850609315e-16,1.75,113.1871,45.58,21.25,24.42000008,103.4599991,17.13999939,26,39.61999893,71,114,-0.51624,0.001726,508.744,0.1809696,0.1809778,0.153556,0.153514,0.153535,0.1809737,0.1894832,0.1896544,0.1895688,44.225,45.925,90.31,93.95,132.07,140.02,-2.740157263,0.07008168832,-0.05185794467,0.4341971988,0.141704,0.186037,0.158455,0.2284032,0.162044,0.2424308,0.09172843789,0.1594333244,-0.06770488652,-0.5527933561,0.1032701025,0.2006159918,-0.09734588924,-0.6640446816,0.1232236178,0.2163294342,-0.09310581633,-0.5628016681,1.10853672,8.2e-06,-0.2705367958,0.0103355,0.088666,0.004909473849,-0.001845988705,-0.01086209415,-0.0105576719,-0.3616219069,0.0124554,0.1398964,-0.3974873095,0.0126686,0.1607736,0.1491764742,0.04221341962,103.4599991,-14.44000244,0.2397900091,0.02284258868,0.1491764742,0.04221341962,0.06470106137,0.01847138161,0.1012477974,0.1155769987,0.4669567285,0.004038543075,-0.001585674756,1,0.001585674756,0.076038414,0.1688844233,0.450239356,0.1003570399,0.06011026374,0.4010359033,0.006626199033,-0.03509240077,0,0,0
2020-12-02,0.0113654425,-1.134719332,0.0001023007406,-25.82993399,0.2807771645,4.98896587,65.42045489,0.01113301217,19.82793923,84,0.893999147,0.8506921402,49.79882698,911452930000,2.339096264,0.01758447304,0,4.597819334e-16,1.85,112.6174,45.23,21.17000008,24.54000092,107.5199966,19.29000092,26.17000008,43.91999817,79,108,-0.5097,0.001681,507.5907,0.186075,0.186466,0.167544,0.167637,0.1675905,0.1862705,0.1934202667,0.1934957333,0.193458,46.15,49.95,92.45,95.7,134.4666667,144.0933333,-2.813963497,0.06917270599,-0.05337416998,0.4117845226,0.154865,0.199455,0.162398,0.230534,0.1658949333,0.2430402667,0.09722708868,0.1317831351,-0.03455604637,-0.3041082924,0.1016155104,0.1957937765,-0.09417826612,-0.65586576,0.1417784334,0.1922972974,-0.05051886402,-0.3047770876,1.051126059,0.000391,-0.2516933845,0.0095695,0.08918,0.006481687414,0.01071978101,0.0004477471628,0.001572213564,-0.3468080991,0.0101955,0.136272,-0.3772985712,0.0110096,0.1542906667,0.1591875686,0.01001109441,107.5199966,4.059997559,0.09745977561,-0.1423302335,0.1591875686,0.01001109441,0.06642213121,0.001721069838,0.09774376245,0.1048766842,0.4823983171,0.01544158862,0.001789564529,0,0,0.06459599729,0.1504311931,0.4294056038,0.1041020163,0.06576681343,0.3682464976,0.005656549681,-0.03278940573,0,0,0
2020-12-09,0.07072633998,-0.7385063348,6.062002069e-05,-20.86154278,7.740986178,1.042389104,61.99921759,0.009481426499,22.2710026,100,0.7429663863,-0.5263234719,56.74754519,906034300000,3.240442217,0.008725667087,0.007334604603,3.72008482e-16,1.91,112.0353,45.48,22.27000046,24.72999954,113.9300003,19.98999977,26.54999924,48.47999954,79,110,-0.50402,0.0016468,516.33566,0.1872062,0.17845,0.171235,0.151679,0.161457,0.1828281,0.1938198,0.1938011333,0.1938104667,48.15,44.55,96.01,92.91,138.2966667,141.3566667,-2.809543681,0.07029144635,-0.0523887876,0.2111506151,0.146452,0.188817,0.1564848,0.2248702,0.1613318,0.2444190667,0.08460550069,0.09195557175,-0.007350071052,-0.08330626008,0.1047192188,0.1884286892,-0.08370947036,-0.5874369668,0.1534318284,0.1844594264,-0.03102759799,-0.1841731744,1.030633087,-0.0087562,-0.2527224408,0.0061775,0.08473,0.01408992114,0.01761253567,0.00353721702,0.00760823373,-0.3586443078,0.0078494,0.1367708,-0.4095481907,0.009064966667,0.1661745333,0.1104624622,-0.04872510636,113.9300003,6.410003662,0.1140570642,0.01659728856,0.1104624622,-0.04872510636,0.07359481312,0.00717268191,0.04908303512,0.1005778587,0.3279616596,-0.1544366574,-0.007980964948,1,0.007980964948,0.07072237856,0.1064188767,0.6645661065,0.09767583835,0.06217046745,0.363502085,-0.003596345972,-0.004744412595,0,0,0
2020-12-16,0.5029062529,-0.1892717146,5.238521369e-05,3.447013584,-2.815993307,-4.744542335,63.92997112,0.009493338029,21.75938427,80,0.8003998985,0.1101216404,54.33188102,900830620000,2.1962498,0.008841767054,0.004823260771,3.022175424e-16,1.92,111.7215,47.86,22.5,25.46999931,111.8499985,18.79999924,27.20999908,46.95999908,79,108,-0.50396,0.0016806,520.07684,0.1820326,0.182109,0.156785,0.150116,0.1534505,0.1820708,0.1933492,0.1934516,0.1934004,47.6,44.25,95.59,93.91,137.79,142.01,-2.81817876,0.0702584372,-0.05217200389,0.267050654,0.136348,0.190565,0.1527352,0.2318918,0.1602302,0.2494554,0.07107628747,0.09722708868,-0.02615080122,-0.3132955912,0.1480774282,0.138170575,0.009906853239,0.06924632814,0.1529679569,0.1800462597,-0.02707830278,-0.1629853486,0.7588837694,7.64e-05,-0.3316906945,0.010006,0.108434,0.03153389221,0.01409394918,0.004987059083,0.01744397106,-0.4116018896,0.0102427,0.1583132,-0.4355788927,0.0114424,0.1784504,0.1319999695,0.02153750725,111.8499985,-2.080001831,0.1968085592,0.08275149504,0.1319999695,0.02153750725,0.06831565834,-0.005279154778,0.04591037345,0.09659636388,0.3221628276,-0.005798832027,0.00177122562,0,0,0.06103454017,0.09336323415,0.6537320683,0.08396866581,0.06487755801,0.227359904,0.002707090561,-0.1361421811,1,0,0
2020-12-23,0.9377727238,0.1721316627,4.129198412e-05,0.06504897888,-23.12510629,-6.575090245,59.23968207,0.009839119326,18.01920549,80,0.6250043422,-0.9335171432,53.01243927,892903600000,-0.05281615165,0.0008261574582,0.005382177246,2.312792376e-16,1.97,111.9873,47.94,23.30999947,26.26000023,118.3099976,19.20000076,27.95999908,42.74000168,83,107,-0.50882,0.0016148,518.59674,0.1899848,0.182914,0.183163,0.16273,0.1729465,0.1864494,0.19687875,0.19699325,0.196936,56.55,50.05,98.95,94.54,141.875,143.35,-2.877739614,0.07027037054,-0.05342537831,0.5054196346,0.149498,0.213782,0.1552792,0.2354064,0.158469,0.2540355,0.1248751574,0.08460550069,0.04026965667,0.3893152126,0.1540468835,0.1143921646,0.03965471891,0.2976244092,0.1569746265,0.1676471712,-0.01067254464,-0.06577742152,0.6135292716,-0.0070708,-0.3539088307,0.0086935,0.128568,0.04125004019,0.02275240111,0.01067821409,0.009716147989,-0.4101876291,0.0088934,0.1602544,-0.4633476726,0.00931625,0.191133,0.1265551622,-0.005444807298,118.3099976,6.459999084,0.2140624239,0.01725386473,0.1265551622,-0.005444807298,0.06473719881,-0.003578459533,0.05006330561,0.07082449239,0.414130346,0.09196751838,0.0007455332718,0,0,0.04287726454,0.07284817485,0.588583923,0.05127537399,0.03818980668,0.2552017917,-0.02668775134,0.02784188778,0,0,0
2020-12-30,0.6210888544,-0.2947583881,3.120279494e-05,-28.64335215,-6.744407164,-2.995978126,64.48007642,0.009118915245,17.66939968,96,0.9031966777,-0.7461736422,64.11624575,898084400000,1.872002939,0.01005290336,0.003123376877,2.493995032e-16,1.96,111.3156,48.24,22.77000046,25.44000053,112.0400009,21.30999947,27.5,47.18999863,81,103,-0.51469,0.001668,516.3749,0.184415,0.184365,0.174216,0.166555,0.1703855,0.18439,0.19425875,0.194293,0.194275875,52.8,48.325,95.95,94.55,139.5875,143.65,-2.833760947,0.06918131906,-0.05283588642,0.5752840909,0.148495,0.210304,0.154058,0.233465,0.15735475,0.25070225,0.1323255818,0.0656156172,0.06670996459,0.7014516797,0.1527934442,0.09992693327,0.05286651094,0.4246477198,0.1600811844,0.1627263623,-0.002645177868,-0.01638894197,0.5419324978,-5e-05,-0.3445327328,0.009014,0.123618,0.04186190009,0.02472580939,0.01126324663,0.0006118598976,-0.4098182559,0.0093715,0.158814,-0.4575218658,0.009752625,0.186695,0.117259553,-0.009295609149,112.0400009,-6.269996643,0.06851248374,-0.1455499402,0.117259553,-0.009295609149,0.08097482007,0.01623762126,0.04954517668,0.07281981663,0.4048966566,-0.00923368935,0.001340648095,0,0,0.04002625974,0.0691507267,0.5788263066,0.03987295383,0.02988756184,0.2504302048,-0.008302244841,-0.004771586977,0,1,1
2021-01-06,-0.2648296178,0.9328413539,3.864511252e-05,26.21870902,-4.239555404,-3.217121489,61.87192666,0.01086119569,15.76007004,100,0.8934210362,0.1016687666,71.41840122,906903570000,0.6893230385,0.00888431083,0.005292265087,3.139714308e-16,2.06,110.8573,50.45,25.06999969,26.79000092,119.9000015,23.77000046,28.29000092,44.63999939,90,104,-0.51882,0.001535,518.5273,0.199423,0.199538,0.1932465,0.192912,0.19307925,0.1994805,0.2062656364,0.2063313636,0.2062985,57.7,59.375,100.85,104.95,145.1318182,155.2136364,-3.078454913,0.06917128229,-0.05715497278,0.289052774,0.159382,0.2479215,0.162358,0.256806,0.1645747273,0.2685107273,0.1237861474,0.1085782091,0.01520793823,0.1310847239,0.1445840018,0.1024521285,0.04213187339,0.3444650162,0.1597193504,0.1593803236,0.0003390267956,0.002124896706,0.5135947045,0.000115,-0.4347593379,0.0105725,0.177079,0.05235404984,0.02549036928,0.01715698354,0.01049214975,-0.4506493878,0.0101015,0.188896,-0.4799791769,0.01024422727,0.207872,0.06860794741,-0.04865160562,119.9000015,7.86000061,0.05469075356,-0.01382173018,0.06860794741,-0.04865160562,0.05599103952,-0.02498378055,0.05117320713,0.1036594645,0.3305065178,-0.07439013885,0.005693603382,0,0,0.06583312742,0.07294785338,0.9024683301,0.04712502969,0.03662859107,0.2227359578,0.006741029229,-0.02769424695,0,0,0
2021-01-13,-0.2893955917,0.5869590192,4.819947375e-05,40.30682877,-13.43781028,3.600263165,66.14594495,0.0111230725,18.18242592,72,0.9036175151,0.2450856897,75.19429317,921907800000,2.883561908,0.0140017731,0.00394375285,3.446664957e-16,2.06,111.3702,52.81,22.20999908,25.54999924,117.7600021,18.90999985,27.70999908,45.59999847,96,100,-0.51782,0.001684,527.1876,0.178865,0.178823,0.1663255,0.1598235,0.1630745,0.178844,0.1924289091,0.1925378182,0.1924833636,51.25,49.25,93.1,95.55,138.6681818,145.7136364,-2.806081522,0.06918762993,-0.05124827406,0.3754735793,0.140303,0.2057875,0.148668,0.230737,0.1561961818,0.2519654545,0.1756904387,0.128850968,0.04683947064,0.3100671253,0.1609023028,0.1016827128,0.05921959002,0.4589400598,0.1569363155,0.1580693759,-0.001133060374,-0.00719393517,0.5685553487,-4.2e-05,-0.3784241405,0.00997075,0.130969,0.03898903185,0.009990720591,0.01206391769,-0.01336501799,-0.4326194963,0.0108585,0.164138,-0.4692713092,0.01159745455,0.1915385455,0.1503827236,0.08177477615,117.7600021,-2.13999939,0.1745108019,0.1198200483,0.1503827236,0.08177477615,0.08454011397,0.02854907445,0.05214898468,0.09779571676,0.3477881124,0.01728159462,0.002273056387,0,0,0.06160233705,0.09168387531,0.671899359,0.03591236815,0.02557299407,0.2879056607,-0.011055597,0.0651697029,1,0,0
2021-01-20,-0.2405765384,0.4217450812,4.626583885e-05,-11.36360946,2.994928466,1.101011959,67.46151213,0.01220785944,17.74740589,100,0.9804317636,0.6370366631,62.12714352,920920130000,2.550006458,0.01951347754,0,3.620553856e-16,2.12,111.4591,53.16,21.57999992,25.71999931,114.1699982,18.85000038,27.17000008,42.52999878,97,99,-0.51579,0.001723,523.9656,0.1760622,0.1761146,0.155343,0.151064,0.1532035,0.1760884,0.191027,0.190983,0.191005,47.75,44.45,91.48,93.17,139.15,145.25,-2.745960243,0.06801479808,-0.05045939538,0.1884044711,0.134167,0.190581,0.1484966,0.2271294,0.156074,0.249978,0.2117599303,0.1237269771,0.08803295325,0.5373758886,0.1774068368,0.1078510759,0.06955576092,0.4976942595,0.1546007202,0.1572281654,-0.0026274452,-0.01685223854,0.6124825706,5.24e-05,-0.3474324707,0.0091705,0.112828,0.0349377851,0.008162947556,0.01176221403,-0.004051246751,-0.4186760235,0.0117246,0.1572656,-0.4625220415,0.012021,0.187808,0.1918442727,0.04146154911,114.1699982,-3.590003967,0.144827559,-0.0296832429,0.1918442727,0.04146154911,0.05637639198,-0.02816372199,0.0524810031,0.1040007172,0.3353810464,-0.01240706601,0.01383941738,0,0,0.0668822948,0.09547222922,0.7005418785,0.0360201535,0.02438829893,0.3229262909,-0.001184695136,0.03502063019,0,0,0
2021-01-27,-0.2738134361,0.2830452049,5.246910278e-05,11.80583775,33.43391857,-5.712777915,47.27535177,0.0118272868,17.58380221,92,0.293705808,-0.6494485492,45.31185025,911197820000,-1.932446987,-0.01584775009,0,3.35680337e-16,2.08,112.0876,52.81,37.20999908,35.72999954,157.6900024,41.63999939,34.65999985,44.15999985,92,103,-0.51512,0.0012134,509.93062,0.2565324,0.2566288,0.275228,0.273263,0.2742455,0.2565806,0.25562,0.255988,0.255804,81.1,79.6,129.04,132.82,180.85,188.525,-3.893997156,0.06797679143,-0.07348628569,0.3410557882,0.216468,0.341006,0.2025278,0.3250808,0.2010685,0.326539,0.1615338296,0.1672220652,-0.005688235682,-0.03460806941,0.1773293206,0.131196048,0.04613327257,0.3013158179,0.1489568498,0.1410209114,0.007935938394,0.05474847811,0.5113248937,9.64e-05,-0.4467939312,0.0044915,0.249076,0.1212460002,0.04724737517,0.04554878896,0.08630821507,-0.464560282,0.0072237,0.245106,-0.4756206081,0.00799975,0.250941,-0.03977424291,-0.2316185156,157.6900024,43.52000427,-0.1063880973,-0.2512156563,-0.03977424291,-0.2316185156,-0.02994681524,-0.08632320722,0.04606080053,0.1326247732,0.2577757094,-0.07760533698,-0.02601331513,1,0.02601331513,0.1135553003,0.09036573715,1.256618978,0.04335589994,0.02614349692,0.3970025542,0.00175519799,0.0740762633,0,1,0
2021-02-03,-0.9797311722,1.070068182,0.0001184745652,40.11773105,-18.73876604,-6.634182021,56.7639945,0.01414148466,19.19164129,60,0.6703020066,-0.1248812163,52.44649161,927362410000,1.643201005,0.006870905556,0.00702900547,3.66089644e-16,2.19,112.2648,55.67,22.90999985,27.56999969,111.0299988,18.96999931,29.27000046,46.93000031,104,101,-0.5192,0.0015816,516.23062,0.1947658,0.1948446,0.164868,0.163118,0.163993,0.1948052,0.210016,0.209994,0.210005,51.25,50.375,99.12,102.19,152.6,158.45,-2.992988368,0.06739004013,-0.05581696662,0.5368382974,0.1416665,0.209734,0.163765,0.252265,0.172635,0.272379,0.07228880999,0.2117599303,-0.1394711203,-1.074783884,0.1624887457,0.1517255875,0.0107631582,0.06853519831,0.1378186541,0.1344657928,0.003352861228,0.02462888165,0.778857995,7.88e-05,-0.3874069616,0.01170725,0.136135,0.0294661554,-0.01794856404,0.02602105058,-0.09177984477,-0.4254500877,0.0132098,0.177,-0.4482735375,0.012502,0.199488,0.2034046215,0.2431788644,111.0299988,-46.66000366,0.2076963983,0.3140844956,0.2034046215,0.2431788644,0.06166125433,0.09160806957,0.05036914378,0.1399600331,0.2646422614,0.006866551952,0.001008260615,0,0,0.1218169943,0.1174472022,1.037206438,0.04905409878,0.02603344488,0.4692911392,-0.0001100520391,0.07228858495,0,0,0
2021-02-10,-1.084015631,1.576732909,0.0001094370456,-20.21083577,-23.70958684,7.258266344,63.76203353,0.01323388099,14.74211613,32,0.8688698355,0.07130197682,59.02874553,932364090000,1.414129261,0.02127604101,0.008090994878,3.431582254e-16,2.21,111.5929,58.69,21.98999977,27.48999977,114.9300003,17.68000031,30,46.27000046,104,98,-0.53254,0.0016448,530.0536,0.1821518,0.1820748,0.1573945,0.1574495,0.157422,0.1821133,0.2017753333,0.201734,0.2017546667,47.375,52.2,92.64,101.01,146.4833333,158.25,-2.87291102,0.0677838706,-0.05218416996,0.5241496155,0.1382175,0.1979195,0.154303,0.2390094,0.1673786667,0.2635153333,0.1493097647,0.1615338296,-0.01222406488,-0.0786914862,0.162344917,0.152973335,0.009371582009,0.05945956404,0.1379511158,0.1320699041,0.005881211739,0.04356803042,0.839989913,-7.7e-05,-0.3552242092,0.0106465,0.119404,0.02495516777,-0.001311492007,0.02326248595,-0.004510987637,-0.4307334323,0.0145429,0.1694128,-0.4462195652,0.01369233333,0.1922733333,0.2501136906,0.04670906915,114.9300003,3.900001526,0.2437782461,0.03608184778,0.2501136906,0.04670906915,0.09130593852,0.02964468419,0.03883575661,0.1364635149,0.221539749,-0.04310251237,-0.0003452445224,1,0.0003452445224,0.1196310859,0.1123033541,1.065249448,0.04982398043,0.02642313921,0.4696702476,0.0003896943214,0.000379108462,0,0,0
2021-02-17,-1.342975736,2.451848778,0.0001043688613,-39.80229897,0.8913249375,5.700582743,65.58264789,0.01137783255,12.24729252,44,0.7995033245,0.8625667741,77.51914398,931300470000,5.844805087,0.01939519801,0.007875733477,3.094274752e-16,2.21,112.03,61.09,21.5,27.52000046,124.6600037,18.40999985,30.21999931,55.97000122,118,94,-0.54674,0.001764,531.2679,0.169391,0.169257,0.1464,0.146396,0.146398,0.169324,0.1954394,0.1956542,0.1955468,45,44.9,88.4,91.6,143.51,150.53,-2.677273985,0.06756846919,-0.04852272311,0.1963987138,0.126042,0.183471,0.142815,0.223684,0.163346,0.2540696,0.208909458,0.06296649245,0.1459429655,1.199298224,0.169421824,0.1443879583,0.02503386572,0.1598877735,0.1503939844,0.1247394795,0.02565450495,0.1870310153,0.8527317942,-0.000134,-0.371092652,0.0083585,0.114858,0.02537711749,0.01746759523,0.02267861325,0.0004219497263,-0.4413054333,0.0139255,0.161738,-0.4346919473,0.013161,0.1814472,0.2800000213,0.02988633065,124.6600037,9.730003357,0.167843573,-0.07593467317,0.2800000213,0.02988633065,0.0981104219,0.006804483385,0.04100505104,0.134523483,0.2336090327,0.01206928371,-0.0003204533489,1,0.0003204533489,0.116115044,0.1096934183,1.058541577,0.04838512402,0.02753724151,0.4308738053,0.001114102308,-0.03879644231,1,0,0
2021-02-24,-1.02687845,1.883691154,9.881389949e-05,34.01054814,26.65042297,-4.460047676,61.40727636,0.00997470216,12.50986045,44,0.7140599554,0.9067348353,62.21069476,928053800000,0.9930934139,0.006174490298,0.008016661115,3.115233178e-16,2.17,111.7339,63.21,21.34000015,25.88999939,109.5999985,18.35000038,28.79000092,61.91999817,126,96,-0.55796,0.0017446,532.59248,0.1710994,0.1711972,0.15015,0.150226,0.150188,0.1711483,0.1917078,0.1917556667,0.1917317333,45.5,46.6,89.09,93.37,139.19,148.6833333,-2.712865998,0.06783874378,-0.049045047,0.5585300498,0.130505,0.191751,0.1464584,0.2233046,0.1620365333,0.2476071333,0.2507820808,0.0815092382,0.1692728426,1.123867992,0.1718368332,0.1421401705,0.02969666272,0.1897316956,0.1530003217,0.1232236178,0.02977670385,0.216439288,0.830508807,9.78e-05,-0.3801077404,0.01094,0.122492,0.02533573259,0.01591267943,0.02157699758,-4.138489778e-05,-0.4156511062,0.0137332,0.1536924,-0.4177806565,0.0130901,0.1711412,0.2132145832,-0.06678543814,109.5999985,-15.06000519,0.1629427634,-0.004900809529,0.2132145832,-0.06678543814,0.1120124216,0.01390199966,0.04979984653,0.1402893807,0.2619814245,0.02837239182,0.01128766767,0,0,0.1199571109,0.1052578498,1.139650023,0.0444496801,0.02424585204,0.4545325863,-0.003291389473,0.02365878103,0,1,0
2021-03-03,-0.2245385181,2.309632623,9.687746315e-05,70.0294232,-0.520276536,-12.94078699,45.58574883,0.0144292437,15.52586037,44,0.04893491426,-0.9690751521,39.28216346,908385410000,-2.925414952,-0.01684701385,0.007161338003,3.121285954e-16,2.21,112.7761,61.33,26.67000008,28.79000092,121.2300034,26.87999916,30.52000046,65.83000183,133,95,-0.56311,0.0014698,514.92856,0.2100788,0.210112,0.221055,0.21842,0.2197375,0.2100954,0.2152312,0.2152432,0.2152372,65.9,65.25,107.2,109.29,154.07,161.06,-3.219765529,0.06740396678,-0.06019238525,0.3621434367,0.180645,0.2703,0.1717398,0.2677092,0.1763046,0.27594,0.1521354465,0.208909458,-0.05677401148,-0.3171297232,0.1313978469,0.1780380703,-0.0466402234,-0.3037676854,0.1318278429,0.1446252761,-0.01279743327,-0.09264924421,0.8474153662,3.32e-05,-0.3976316402,0.005735,0.17931,0.03943133592,0.004641407277,0.02541058176,0.01409560332,-0.4367715025,0.0096291,0.1919388,-0.4406261567,0.0108851,0.1992708,0.07949009498,-0.1337244882,121.2300034,11.63000488,-0.007812466184,-0.1707552296,0.07949009498,-0.1337244882,0.06009029132,-0.05192213024,0.05255929532,0.13701161,0.2772540187,0.01527259415,-0.01315233589,1,0.01315233589,0.1100269236,0.1061151038,1.036863931,0.05213009559,0.0204325411,0.60804712,-0.003813310937,0.1535145336,0,0,0
2021-03-10,0.3183011759,0.6517707025,0.0001288835277,34.58704633,-31.71006145,-4.30977238,54.88546356,0.01880554072,19.569648,-48,0.609305676,-0.1726736465,47.73715225,913530310000,0.5755206654,0.01071386514,0.009002848415,3.670430403e-16,2.26,113.6015,64.45,22.55999947,26.68000031,114.6800003,20.97999954,28.72999954,63.18999863,137,104,-0.56358,0.0016258,530.56758,0.1844572,0.184587,0.17664,0.176558,0.176599,0.1845221,0.1975514286,0.197543,0.1975472143,52.95,54.65,96.02,99.68,143.0214286,152.3857143,-2.913733454,0.06804224622,-0.05287369993,0.5354567422,0.153289,0.221986,0.1580838,0.2349386,0.1673701429,0.254168,0.120341055,0.2507820808,-0.1304410258,-0.7342545212,0.1166316221,0.1921535821,-0.07552196,-0.4992745202,0.1201420259,0.1537106187,-0.03356859283,-0.2463971435,1.041358093,0.0001298,-0.3661155153,0.0110385,0.137394,0.01397235846,-0.03170444525,0.01539794757,-0.02545897746,-0.3910962836,0.0119891,0.1537096,-0.411814962,0.01322185714,0.1735957143,0.182624155,0.10313406,114.6800003,-6.550003052,0.07530981688,0.08312228307,0.182624155,0.10313406,0.07683655223,0.01674626091,0.06349328843,0.1494880719,0.2981166443,0.02086262559,0.006012203771,0,0,0.1214627794,0.1286311525,0.9442718739,0.05772871947,0.02080572034,0.6395949793,0.0003731792318,0.03154785929,0,0,0
2021-03-17,0.09535188087,0.1243643064,0.0001374920076,-16.31179598,0.6021084329,10.87996718,61.33007902,0.01635240779,14.55219563,36,0.8887471113,0.5948483573,56.29247847,928168150000,1.852982648,0.02513116814,0.008229468799,4.013745707e-16,2.3,113.1726,64.55,19.22999954,23.87999916,109.9000015,16.69000053,26.61000061,66.75,150,102,-0.56103,0.0018612,540.7259,0.158118,0.1581984,0.138106,0.138188,0.138147,0.1581582,0.1740728571,0.1740891429,0.174081,41.65,44.15,83.26,87.98,127.6464286,138.9964286,-2.54524509,0.06803089741,-0.0453254771,0.2149220018,0.127624,0.171702,0.1402104,0.2012222,0.1507867143,0.2253946429,0.1383518784,0.1521354465,-0.01378356808,-0.09497093601,0.117013556,0.1556631521,-0.03864959604,-0.2854045995,0.118449248,0.152713935,-0.03426468704,-0.2540818838,0.984224353,8.04e-05,-0.2945150104,0.011516,0.088156,0.01274827133,-0.00406060047,0.006982648618,-0.001224087132,-0.3573870802,0.0125581,0.1220236,-0.3966593621,0.01400967857,0.1492158571,0.2418096583,0.05918550331,109.9000015,-4.779998779,0.152186874,0.07687705711,0.2418096583,0.05918550331,0.1143216728,0.03748512053,0.06584820272,0.1540465246,0.2994533044,0.001336660073,0.00287524465,0,0,0.1215624097,0.1350008613,0.900456549,0.04717668857,0.02294567166,0.5136226735,0.002139951323,-0.1259723057,1,0,0
2021-03-24,-0.01371413999,-0.3132616401,0.0001506347114,-24.1956264,9.031758873,-2.728027119,49.30861233,0.01415205114,13.18709022,36,0.4972054109,-0.9973656214,57.76263295,910156370000,1.773974988,-0.004995025117,0.009385107541,4.35295207e-16,2.31,113.669,61.12,21.20000076,24.39999962,110.6699982,19.06999969,26.54000092,60.70999908,148,101,-0.5589,0.0017586,529.45408,0.1709692,0.171016,0.161057,0.156632,0.1588445,0.1709926,0.181122,0.181243,0.1811825,50.3,49.625,89.84,91.3,132.1,139.6,-2.69442648,0.06806827216,-0.04900046838,0.5136519596,0.1362515,0.197713,0.1424504,0.2195982,0.148345,0.235611,0.1087013912,0.120341055,-0.01163966382,-0.1017252442,0.1064301168,0.1615978239,-0.05516770705,-0.4176220902,0.1156732333,0.1574409696,-0.04176773635,-0.3082813304,0.945057411,4.68e-05,-0.3680720556,0.00813775,0.122923,0.01883014656,0.01074960565,0.008039439386,0.006081875231,-0.4261737236,0.0100317,0.1542956,-0.454562502,0.0107955,0.174532,0.1509433368,-0.09086632149,110.6699982,0.7699966431,0.1116938176,-0.04049305636,0.1509433368,-0.09086632149,0.08770497256,-0.0266167002,0.05940477114,0.1522753273,0.2806346538,-0.01881865059,-0.0054823366,1,0.0054823366,0.132803609,0.1312154128,1.012103732,0.05136999376,0.02525613708,0.5083484494,0.002310465424,-0.005274224058,0,0,0
2021-03-31,0.123367199,-0.5704951731,9.480274332e-05,-12.66120728,-6.652034722,2.797753241,58.35145027,0.01145891485,11.12252146,76,0.751440665,-0.569090278,41.56940423,916416230000,0.09952156571,0.008483496092,0.004567546356,3.444615757e-16,2.37,113.8351,59.19,19.39999962,22.14999962,100.0400009,15.61999989,24.29999924,71.26999664,158,97,-0.56055,0.0018968,541.0574,0.155167,0.1479704,0.145761,0.1232285,0.13449475,0.1515687,0.16099775,0.161296875,0.1611473125,45.875,40.6,83.25,80.83,122.20625,126.23125,-2.440695439,0.06809367992,-0.04343837853,0.1370734529,0.1274695,0.1618975,0.1323016,0.1903808,0.135534,0.21052125,0.09775232676,0.1383518784,-0.04059955165,-0.3473632816,0.1312772019,0.169421824,-0.03814462215,-0.2550804728,0.1143078182,0.1566230826,-0.04231526435,-0.3149472016,1.11778899,-0.0071966,-0.2379538786,0.01018875,0.068856,0.008932244059,-0.001052404482,0.001437666334,-0.009897902501,-0.3599774887,0.0097725,0.1161584,-0.4333831086,0.0118803125,0.1499745,0.1417525801,-0.009190756706,100.0400009,-10.62999725,0.2419974239,0.1303036062,0.1417525801,-0.009190756706,0.0970654472,0.009360474644,0.05382414278,0.1174493335,0.3142584827,0.03362382892,0.003615953592,0,0,0.08208816511,0.1191171537,0.6891380678,0.053933983,0.02523022854,0.5322016448,-2.590854625e-05,0.02385319533,0,1,1
2021-04-07,-0.2407909454,-0.07797674407,6.432360399e-05,-30.47547077,-8.492362455,13.90106233,68.1039399,0.01102078491,14.71249646,88,1.008358853,0.5708543376,53.52057779,924622930000,4.263879005,0.02923821359,0,3.244775057e-16,2.34,113.254,59.77,17.15999985,20.65999985,97.08999634,14.13000011,23.05999947,62.54000092,152,95,-0.56471,0.0021542,541.58726,0.1362086,0.1363048,0.121054,0.120979,0.1210165,0.1362567,0.1478633636,0.1479174545,0.1478904091,37.45,39.7,70.91,76.9,110.6181818,121.9681818,-2.196276572,0.06637180113,-0.03905268534,0.1424189702,0.113285,0.146142,0.1220198,0.1736236,0.1286378182,0.194615,0.09898538438,0.1213966192,-0.02241123486,-0.2040908234,0.1312016064,0.1740519436,-0.04285033725,-0.2826186611,0.1090026436,0.157073197,-0.04807055334,-0.3653397841,1.277382643,9.62e-05,-0.2533043978,0.008697,0.065714,-0.0008475196068,-9.214589133e-05,-0.002800416105,-0.009779763666,-0.3490948893,0.011565,0.1032076,-0.4082079296,0.013736,0.1319543636,0.2039627058,0.06221012567,97.08999634,-2.950004578,0.2144373467,-0.02756007719,0.2039627058,0.06221012567,0.1161664877,0.01910104051,0.04532137393,0.09815103961,0.3158891163,0.00163063365,0.001474145698,0,0,0.06393353426,0.1065840806,0.5998413076,0.05243139426,0.02213731518,0.5777851135,-0.003092913356,0.04558346867,0,0,0
2021-04-14,-0.05755655321,0.617608398,5.479044904e-05,-38.96644258,7.165532503,12.0258059,69.37438535,0.008721569627,22.3496172,100,0.8357373327,-0.7540518703,78.12750595,928330890000,3.777043776,0.02241549978,0,3.251659243e-16,2.33,112.7951,63.15,16.98999977,21.05999947,107.4700012,14.10000038,23.51000023,60.08000183,148,93,-0.56809,0.0020512,551.5058,0.140598,0.14071,0.128162,0.128163,0.1281625,0.140654,0.1533575455,0.1534483636,0.1534029545,40.65,41.95,74.69,80.26,116.8272727,127.1,-2.3086755,0.06685469833,-0.04031225781,0.4635235574,0.113998,0.15249,0.1239702,0.1789764,0.1329757273,0.2002414545,0.1165074174,0.09144763739,0.02505978005,0.2421884005,0.1346463242,0.1369505137,-0.002304189458,-0.01696812644,0.1122060841,0.1560072667,-0.0438011826,-0.3295653705,0.973669527,0.000112,-0.288883552,0.0050815,0.076984,0.01011056603,0.008062956022,-0.0008058008003,0.01095808564,-0.3631412269,0.0108193,0.1100124,-0.4037350469,0.01320563636,0.1345314545,0.2395526633,0.03558995753,107.4700012,10.38000488,0.2049644902,-0.009472856494,0.2395526633,0.03558995753,0.1163343222,0.0001678344599,0.03847221713,0.09872477175,0.2804159001,-0.03547321623,-0.004096104321,1,0.004096104321,0.06533215892,0.1006057422,0.6493879721,0.03930799336,0.02055255017,0.477140693,-0.001584765011,-0.1006444205,1,0,0
2021-04-21,0.4748863374,-0.6302692122,5.076357536e-05,1.504971995,20.0614918,3.858402279,67.79750454,0.007975803436,26.99677689,60,0.7884543825,0.9342469602,77.96700811,932262440000,2.342131431,0.01379349086,0,3.455376034e-16,2.33,112.1862,61.34,17.5,21.48999977,112.9000015,14.78999996,23.79999924,62.27000046,142,96,-0.56844,0.001973,564.86375,0.14240325,0.142435,0.126717,0.126639,0.126678,0.142419125,0.155308,0.155165,0.1552365,39.65,43,76.1125,85.15,118.1,131.9,-2.394267887,0.06767396404,-0.0408178444,0.5071354437,0.111785,0.153467,0.12390675,0.18260475,0.133028,0.20476,0.1001490221,0.09898538438,0.00116363774,0.0116870912,0.1256432089,0.1121952957,0.01344791321,0.1132051504,0.1089383327,0.1566485975,-0.04771026478,-0.363223097,0.7877825097,3.175e-05,-0.3142822674,0.005948,0.083364,0.01803721562,0.006249209363,-0.0004404121661,0.007926649586,-0.3830068366,0.010836625,0.117396,-0.4247160941,0.0136575,0.143464,0.2279999869,-0.01155267639,112.9000015,5.430000305,0.1832319165,-0.02173257367,0.2279999869,-0.01155267639,0.107491833,-0.008842489207,0.03359719767,0.09468539008,0.261899906,-0.01851599415,0.00926302092,0,0,0.04100985467,0.110355216,0.3716168221,0.03031376141,0.01772597703,0.4152498336,-0.002826573138,-0.06189085939,0,0,0
2021-04-28,0.06939967346,-0.8131077659,4.43033045e-05,7.14969339,-10.7795721,-2.237989701,65.1219186,0.008017470081,28.58854058,92,0.7435971544,-0.8581882911,62.99928686,927837440000,1.336968798,0.00632880133,0.005429221441,3.389928504e-16,2.41,111.8015,63.81,17.28000069,21.12999916,104.7799988,13.61999989,23.61000061,60.31000137,146,94,-0.56522,0.001952,568.81668,0.1431024,0.1431858,0.120482,0.12048,0.120481,0.1431441,0.1569355,0.1570095,0.1569725,37.7,41.1,77.59,85.59,122.2,131.275,-2.423296182,0.06798854938,-0.04102549641,0.269783476,0.10437,0.151341,0.121958,0.1856456,0.1319295,0.2065045,0.152736263,0.1165074174,0.03622884561,0.2707577231,0.1217733464,0.1161672073,0.005606139117,0.04713090514,0.1169166106,0.1385412968,-0.02162468618,-0.169707502,0.8115403098,8.34e-05,-0.3673756702,0.0073745,0.093942,0.01636502233,0.0009416930435,0.005446674839,-0.001672193289,-0.4140887818,0.0106577,0.1273752,-0.440706312,0.0122445,0.14915,0.2228008288,-0.005199158152,104.7799988,-8.120002747,0.268722528,0.08549061153,0.2228008288,-0.005199158152,0.1173687434,0.009876910431,0.02896677198,0.08713039272,0.2495045599,-0.01239534607,-0.0008458975874,1,0.0008458975874,0.04749758191,0.09967254128,0.4765362787,0.0301872677,0.01669244766,0.4470368162,-0.001033529372,0.03178698264,0,1,0
2021-05-05,-0.01364067353,-0.9959481148,3.87942854e-05,-5.834170073,-13.95457585,-8.663370187,58.29969053,0.008793542752,27.54889624,84,0.5498100453,-0.503373081,56.2107342,931683920000,0.1040069169,-0.001457425046,0.007449367272,3.089157044e-16,2.47,112.1639,65.63,19.14999962,22.26000023,111.2200012,17.56999969,24.29999924,56.93000031,143,94,-0.56111,0.0018006,566.2689,0.155551,0.1557848,0.139822,0.139824,0.139823,0.1556679,0.166029,0.166034,0.1660315,42.1,49.1,82.87,93.06,126.8,140.95,-2.623508646,0.06793721311,-0.0446123265,0.675094467,0.118693,0.182023,0.1317084,0.2025438,0.13843,0.219261,0.1840187154,0.1001490221,0.08386969327,0.6083781686,0.1178061299,0.107564712,0.01024141798,0.09094766854,0.115534713,0.1367340577,-0.02119934469,-0.1684668243,0.6909883923,0.0002338,-0.4211947485,0.010535,0.12666,0.02510208128,0.009520644697,0.008870256451,0.008737058952,-0.4238440315,0.0114582,0.1416708,-0.4519599319,0.012814,0.161662,0.1624021239,-0.06039870489,111.2200012,6.440002441,0.08992600746,-0.1787965206,0.1624021239,-0.06039870489,0.09164415935,-0.02572458405,0.03502720301,0.08302211646,0.2967166873,0.04721212741,0.0007032164471,0,0,0.0588791391,0.07800958906,0.754767969,0.0270495961,0.01547942885,0.4277390026,-0.001213018813,-0.01929781361,0,0,0
2021-05-12,0.09329055554,-1.387270776,5.141726577e-05,57.71511517,32.16096157,-17.29675562,41.05172492,0.01089826795,24.95622825,-12,-0.3111608014,-0.8417431337,54.95631036,926046520000,-2.974961306,-0.0270783977,0.001398456758,3.940649919e-16,2.54,111.5762,65.96,27.59000015,28.18000031,146.2799988,29.54999924,28.62000084,58.47000122,153,93,-0.55987,0.0013402,552.89292,0.214584,0.2146564,0.236265,0.229701,0.232983,0.2146202,0.2136526667,0.2137686667,0.2137106667,74.1,73.85,116.46,120.68,164.3166667,170.3833333,-3.531606818,0.06803931539,-0.06148695397,0.4452819687,0.189897,0.283121,0.1706874,0.2736814,0.1691946667,0.2780733333,0.126419707,0.152736263,-0.02631655602,-0.1891052834,0.1015187675,0.1273380381,-0.02581927056,-0.2266015844,0.1014221528,0.1485248439,-0.04710269117,-0.3814607071,0.5933180478,7.24e-05,-0.3941668182,0.003526,0.186448,0.0599058349,0.03095271224,0.02361261978,0.03480375362,-0.4635518965,0.0075642,0.205988,-0.4868609722,0.009923333333,0.2177573333,0.02138456504,-0.1410175588,146.2799988,35.05999756,-0.06632822792,-0.1562542354,0.02138456504,-0.1410175588,0.01561392936,-0.07603023,0.05180404774,0.1082079739,0.3237509733,0.02703428602,-0.02168278236,1,0.02168278236,0.1073385829,0.0805841051,1.332006885,0.03094659557,0.01473161962,0.5239663894,-0.0007478092236,0.09622738682,0,0,0
2021-05-19,-0.3585297149,-0.2427538541,8.7360693e-05,49.37337756,10.51324185,-13.64610461,47.62545048,0.01297774949,21.57557349,-12,0.1708904331,0.9549713954,41.93955243,922064290000,-1.836065352,-0.009960368675,0.003145287319,4.011714924e-16,2.48,110.8933,63.28,22.18000031,25.27000046,130.1699982,21.20999908,26.69000053,57.31000137,152,92,-0.56141,0.001621,562.56705,0.173976,0.1740765,0.165886,0.165773,0.1658295,0.17402625,0.1837036667,0.183761,0.1837323333,53.925,56.425,94,102.1,138.85,152.2166667,-2.913733157,0.06834436229,-0.04986901618,0.4211456339,0.134758,0.212326,0.141828,0.231344,0.1493296667,0.2444776667,0.07498208999,0.1840187154,-0.1090366254,-0.8977881816,0.08207929746,0.1312016064,-0.04912230892,-0.469049298,0.09220657847,0.1532212082,-0.06101462974,-0.5078512045,0.7539184829,0.0001005,-0.4469696097,0.0077125,0.155136,0.03198137984,-0.006363464543,0.01028083167,-0.02792445506,-0.4797573237,0.01255975,0.179032,-0.4832210675,0.01317133333,0.190296,0.1393147029,0.1179301379,130.1699982,-16.11000061,0.04573320427,0.1120614322,0.1393147029,0.1179301379,0.05619311637,0.04057918701,0.05875891663,0.1126880626,0.3427235458,0.0189725725,-0.002947751811,1,0.002947751811,0.1081207861,0.09122960212,1.185150253,0.03360320372,0.01638934221,0.5122684628,0.001657722583,-0.01169792659,1,0,0
2021-05-26,-0.3607772846,0.006780384958,8.364009647e-05,-19.7915409,-24.10192911,-0.8435396661,56.57913579,0.01249305612,16.12647171,-12,0.6874940747,0.2843644426,47.88031106,925971360000,0.1804986183,0.009376676212,0,4.067004522e-16,2.4,110.8814,66.41,17.36000061,21.29999924,106.2900009,13.84000015,23.84000015,52.81999969,144,90,-0.56832,0.002002,579.8234,0.136475,0.136483,0.114618,0.1147135,0.11466575,0.136479,0.153344,0.153522,0.153433,36.35,41.65,73.8,85,116.15,131.7,-2.355170173,0.06909256218,-0.03911636311,0.6472684086,0.0988285,0.1474175,0.116093,0.181,0.129241,0.205547,0.05562837019,0.126419707,-0.07079133684,-0.8209140532,0.08607967114,0.1346463242,-0.04856665306,-0.447378244,0.09406767649,0.1352204228,-0.04115274626,-0.3628917222,0.9865717378,8e-06,-0.3946378824,0.00845725,0.097178,0.0120073295,-0.002833708101,0.00525712276,-0.01997405034,-0.4369473532,0.0120675,0.129814,-0.4558466851,0.013961,0.152612,0.2269584383,0.08764373537,106.2900009,-23.87999725,0.2543352904,0.2086020861,0.2269584383,0.08764373537,0.1192488735,0.06305575718,0.06144616203,0.1114734648,0.3553452153,0.01262166954,0.001875057551,0,0,0.1032783738,0.09722735543,1.06223576,0.03356372048,0.01543408786,0.5401556311,-0.0009552543429,0.02788716829,0,0,0
2021-06-02,-0.4269137863,0.4656745078,7.835417859e-05,-35.75105454,-4.161901342,1.743106048,58.06284941,0.009634257846,14.70828631,-12,0.7360429851,0.03141856482,63.98704573,937785920000,0.8210649336,0.008326626943,0,3.501918699e-16,2.44,110.5924,68.79,17.47999954,21.42000008,112.5699997,13.69999981,23.94000053,55.20999908,146,90,-0.57709,0.0021118,567.15662,0.1327308,0.1326146,0.116021,0.116014,0.1160175,0.1326727,0.1493827143,0.1493737143,0.1493782143,36.2,40.15,72.2,79.27,115.5642857,126.6714286,-2.239470241,0.06738836107,-0.03802602555,0.220455238,0.100805,0.147601,0.112184,0.1749834,0.125248,0.1989745714,0.06600850321,0.07364205387,-0.007633550656,-0.1094326764,0.0883191049,0.1278055345,-0.0394864296,-0.3695533992,0.09636541593,0.1219101577,-0.02554474173,-0.2351369795,0.9633144912,-0.0001162,-0.3767702874,0.0081855,0.093592,0.01422078375,0.008036908209,0.007451764362,0.002213454252,-0.4373713729,0.010911,0.1255988,-0.4547898754,0.01273307143,0.1474531429,0.2254004941,-0.001557944138,112.5699997,6.279998779,0.2759123931,0.02157710272,0.2254004941,-0.001557944138,0.1176470798,-0.00160179377,0.05665270198,0.1105431878,0.3388402793,-0.01650493603,0.001445889037,0,0,0.09719460874,0.0940039596,1.033941646,0.0321200093,0.01578575466,0.5085382913,0.000351666793,-0.0316173398,0,0,0
2021-06-09,-0.5352229937,1.542113857,6.859047059e-05,-38.45637341,-0.3311072283,1.739199808,58.05111855,0.00731000634,12.5913673,-12,0.7376397749,-0.9117615753,68.83380159,931807180000,1.532533423,0.004167180831,0,2.963113116e-16,2.32,110.582,69.9,17.88999939,21.28000069,120.9700012,17.09000015,23.61000061,52.84000015,134,91,-0.58392,0.0020216,574.44926,0.1371024,0.1371548,0.128062,0.125208,0.126635,0.1371286,0.1518763333,0.1518688333,0.1518725833,42.05,41.45,77.85,79.58,120.1666667,127.4,-2.344447107,0.06806996718,-0.03930243985,0.6750980359,0.110146,0.163259,0.1142676,0.1808472,0.1263221667,0.2011835,0.1128409101,0.05220786476,0.06063304533,0.770745802,0.1108786696,0.1211743287,-0.01029565912,-0.08879370517,0.09599974122,0.1183928972,-0.02239315597,-0.2096632349,0.8836546768,5.24e-05,-0.3885298367,0.0100675,0.106226,0.01732198988,0.01331076208,0.009048403463,0.003101206127,-0.4512115285,0.0104288,0.1331592,-0.4571605377,0.01188025,0.1497226667,0.1894914149,-0.03590907922,120.9700012,8.400001526,0.04681095552,-0.2291014376,0.1894914149,-0.03590907922,0.1094924741,-0.008154605691,0.04707194507,0.1019403909,0.3158929411,-0.02294733819,-0.001825532591,1,0.001825532591,0.08555932081,0.09106213997,0.9395707243,0.03047006144,0.0157868435,0.481890001,1.088842805e-06,-0.02664829026,0,0,0
2021-06-16,0.5749590152,0.7307472258,2.166914879e-05,-4.505957494,21.9958544,0.3130084003,55.44041461,0.006269718306,12.38659807,92,0.6265724356,-0.1403711495,62.94423945,935594310000,0.4659804969,0.0007131315362,0.003620856125,1.776832337e-16,2.32,111.1287,72.03,18.14999962,21.26000023,121.5699997,17.94000053,23.45000076,54.27999878,136,87,-0.58703,0.0020412,574.9595,0.1356802,0.1356828,0.124975,0.124975,0.124975,0.1356815,0.14960825,0.1495928333,0.1496005417,40.65,41.85,76.36,79.81,117.4583333,126.8166667,-2.321766887,0.06806348699,-0.03888791865,0.3296536046,0.10381,0.165494,0.1099636,0.1835102,0.1218181667,0.2021934167,0.108083805,0.06600850321,0.04207530181,0.4931233283,0.1131062299,0.1177772929,-0.004671063036,-0.04046802848,0.09758630119,0.1140854942,-0.01649919303,-0.1562109897,0.8680423853,2.6e-06,-0.458099397,0.009677,0.123368,0.01907075789,0.01126162813,0.009364822077,0.001748768015,-0.5012140777,0.0110554,0.1470932,-0.4961257815,0.01240525,0.1607505,0.1713498995,-0.01814151542,121.5699997,0.5999984741,0.01170563424,-0.03510532129,0.1713498995,-0.01814151542,0.1030103721,-0.006482102002,0.03906664822,0.06039598277,0.3927771449,0.07688420374,-0.005404703747,1,0.005404703747,0.0285128301,0.06360405453,0.4482863602,0.02795973908,0.01408824836,0.4961237543,-0.001698595138,0.0142337532,1,0,0
2021-06-23,0.07379822032,2.748403812,2.9313118e-05,23.59744751,-6.022143363,-2.350902979,56.65684062,0.007531768586,11.16059596,72,0.7360286683,-0.9459894425,59.67361266,927691610000,0.3624689851,0.003966815722,0.004853921017,1.80297868e-16,2.34,112.3931,73.11,16.31999969,19.70000076,110.4800034,13.63000011,22.22999954,55.59999847,124,88,-0.58686,0.0021794,577.27108,0.1264824,0.126419,0.1031855,0.1031815,0.1031835,0.1264507,0.139924,0.140054,0.139989,36,34.8,72.6,73.45,111.1,117.8,-2.172509886,0.0680448909,-0.03624358916,0.2747136132,0.087576,0.1350145,0.1028694,0.1716886,0.113981,0.191719,0.0728987971,0.1128409101,-0.03994211298,-0.4369068132,0.1038107111,0.120734598,-0.01692388688,-0.1510255761,0.09348332383,0.1142894309,-0.02080610706,-0.2009510328,0.9547958059,-6.34e-05,-0.4262401136,0.00811175,0.094877,0.01205739585,-0.002086236317,0.006534846107,-0.007013362047,-0.501309013,0.0108283,0.1376384,-0.508590121,0.012861,0.155476,0.2071079125,0.03575801297,110.4800034,-11.08999634,0.197358735,0.1856531007,0.2071079125,0.03575801297,0.128426329,0.02541595692,0.02989719339,0.07038210346,0.2981392404,-0.09463790449,-0.001083870519,1,0.001083870519,0.0534332638,0.06477914596,0.8248528597,0.0328054807,0.01822863755,0.4443417028,0.004140389185,-0.05178205144,0,0,0
2021-06-30,-0.1538767036,2.273644586,3.065202267e-05,-24.11810905,-22.10515908,4.659119367,64.72949821,0.006775037267,13.79692558,32,0.9342918246,0.3185760081,67.70958844,950970800000,0.9952668796,0.01217194307,0.004646168161,2.011460674e-16,2.32,112.5613,73.52,15.82999992,19.51000023,106.7300034,11.10999966,22.29000092,57.27000046,120,86,-0.58705,0.0023312,584.98392,0.1167382,0.1164164,0.0936355,0.0925025,0.093069,0.1165773,0.1358885556,0.1373726667,0.1366306111,33.3,30.35,66.65,69.87,110.5888889,116.1055556,-2.029638272,0.06806095637,-0.0334148656,0.4141962422,0.0797895,0.1208765,0.0975126,0.159485,0.1144012222,0.1865164444,0.09380969162,0.108083805,-0.0142741134,-0.1416387257,0.1032883286,0.0823843868,0.0209039418,0.2261284459,0.1040250688,0.108649256,-0.004624187204,-0.04349294278,0.7066932139,-0.0003218,-0.4095063439,0.007264,0.082174,0.01827170257,-0.003020270146,0.006863263056,0.006214306724,-0.4822799902,0.0119215,0.1239448,-0.4793020165,0.01382822222,0.1442304444,0.2324700141,0.02536210162,106.7300034,-3.75,0.4248425214,0.2274837864,0.2324700141,0.02536210162,0.1424910638,0.01406473476,0.03022655967,0.06943413475,0.3032946925,0.005155452098,0.001327278423,0,0,0.05340466302,0.06894964538,0.7745458694,0.02485139583,0.01806420864,0.2731109043,-0.0001644289063,-0.1712307985,0,1,1
2021-07-07,-0.3693753243,2.597310445,2.96148556e-05,-24.57608002,1.886289188,8.797581871,71.18683887,0.007122161908,19.37662814,48,0.9696945734,0.7662811929,73.90619168,957712680000,4.600551513,0.02075409981,0.003692189774,2.232370694e-16,2.28,113.1136,72.22,16.20000076,20.40999985,112.6999969,13.06999969,22.64999962,60.65000153,111,88,-0.58856,0.0022464,578.4418,0.1223274,0.1222948,0.099002,0.098998,0.099,0.1223111,0.142319,0.142346,0.1423325,31.6,35.9,67.02,75.44,112.75,125.95,-2.105650382,0.06636353207,-0.03505763368,0.2042951122,0.088111,0.128923,0.103769,0.165176,0.118779,0.192951,0.1536577044,0.04859179834,0.1050659061,1.151272672,0.1082341387,0.07619249667,0.03204164203,0.3510338424,0.1136287226,0.1089969228,0.004631799802,0.04161666351,0.6229401638,-3.26e-05,-0.3760885391,0.009517,0.081624,0.02043870592,0.007439837134,0.008378211381,0.002167003353,-0.4566509881,0.0121614,0.122814,-0.4758733519,0.0135325,0.148344,0.2598764745,0.02740646038,112.6999969,5.969993591,0.2394798119,-0.1853627095,0.2598764745,0.02740646038,0.1097501121,-0.03274095167,0.02357410359,0.07173389304,0.247346544,-0.05594814845,0.003353346554,0,0,0.05224127459,0.07046911082,0.7413357992,0.02570421958,0.01989892303,0.2258499439,0.001834714392,-0.04726096048,0,0,0
2021-07-14,-0.2375190979,0.6132562847,4.045767549e-05,31.08055647,12.25618107,5.020696139,66.20599123,0.006960807918,21.57379148,68,0.8160431135,-0.2375592417,78.46475649,960591700000,2.186549048,0.01200820108,0.005685272204,2.743802973e-16,2.34,112.8885,73.06,16.32999992,20.62000084,117.6600037,13.44999981,23.06999969,57.31000137,114,89,-0.59256,0.0021192,585.27058,0.1285868,0.128725,0.111243,0.10892,0.1100815,0.1286559,0.1455237273,0.1455813636,0.1455525455,37.75,37.5,73.38,77.06,117.3363636,126.6363636,-2.241027179,0.06689877009,-0.0368753348,0.2932763543,0.094668,0.140729,0.1058822,0.1741628,0.1188990909,0.1985379091,0.1447198806,0.09009454546,0.05462533516,0.4739403921,0.1040900875,0.0873013773,0.01678871024,0.1758905111,0.1186275327,0.109832163,0.00879536966,0.07703519716,0.6785648952,0.0001382,-0.3913473834,0.007617,0.092122,0.01904535927,0.004000909521,0.009122439458,-0.001393346651,-0.4876402007,0.0113666,0.1365612,-0.5017614089,0.01316595455,0.1592776364,0.2627067321,0.002830257666,117.6600037,4.960006714,0.2141264056,-0.02535340628,0.2627067321,0.002830257666,0.1188166225,0.009066510401,0.04113233522,0.07723570708,0.3474952734,0.1001487294,0.001164256565,0,0,0.06102368088,0.07972852343,0.7653933405,0.02674222589,0.01912069541,0.2849998542,-0.0007782276241,0.05914991035,1,0,0
2021-07-21,-0.4270720459,1.066047616,4.874646603e-05,56.77389771,-18.59301286,-6.384773186,57.92719552,0.01027456008,18.27143005,68,0.7067886977,0.929279464,54.4399209,955791660000,0.1459007772,0.00485143548,0.003223752795,3.122369708e-16,2.28,113.4018,70.26,17.90999985,21.87000084,122.5299988,14.64999962,23.79999924,65.27999878,108,93,-0.59604,0.001942666667,588.7024333,0.138758,0.1387696667,0.118437,0.118437,0.118437,0.1387638333,0.1519516364,0.1515037273,0.1517276818,38.7,42,77.78333333,85.91666667,120.8318182,133.0045455,-2.431268046,0.06753203753,-0.03977084277,0.1445917138,0.099007,0.156904,0.1132,0.1911033333,0.1243318182,0.2091650909,0.08591666069,0.1536577044,-0.06774104371,-0.5813496652,0.08023331956,0.1111829795,-0.03094965998,-0.3262384239,0.1137436102,0.1153538976,-0.001610287379,-0.01405789101,0.8012388882,1.166666667e-05,-0.4524776192,0.0095185,0.115794,0.01971515451,-0.009583367152,0.00971476774,0.0006697952424,-0.5120110416,0.01338783333,0.1558066667,-0.5087499789,0.01502077273,0.1696665455,0.2211055849,-0.04160114722,122.5299988,4.869995117,0.2225256187,0.00839921309,0.2211055849,-0.04160114722,0.08824866592,-0.03056795657,0.04732191592,0.08555584736,0.3561311897,0.008635916297,0.008208041662,0,0,0.07235066629,0.08540230721,0.8471746098,0.03566032429,0.02329866936,0.3466500988,0.004177973947,0.06165024457,0,0,0
2021-07-28,-0.3121263888,0.3279887995,5.499769322e-05,15.51676585,-5.83309876,2.18613025,60.87453059,0.00955090572,15.64590448,92,0.7840755176,-0.04215348191,63.05168824,959508420000,0.3651449343,0.008947513201,0.002443458166,3.299177213e-16,2.41,113.1899,72.37,18.30999947,22.35000038,117.0800018,14.81999969,24.36000061,62.40000153,106,92,-0.59662,0.00192325,596.284475,0.13869225,0.1387505,0.118249,0.115607,0.116928,0.138721375,0.1544648,0.1543042,0.1543845,41.05,39.35,81.1625,84.35,126.63,133.94,-2.461827448,0.06774974492,-0.03975868096,0.06046617068,0.096616,0.151352,0.11241175,0.18760275,0.124639,0.2089848,0.06946596086,0.1447198806,-0.07525391975,-0.7339631553,0.07691708742,0.1145462081,-0.03762912067,-0.3982502508,0.1136563761,0.1156551052,-0.001998729089,-0.01743287947,0.8257286095,5.825e-05,-0.4414763195,0.007056,0.109472,0.02040477426,-0.007271686661,0.01045847047,0.0006896197431,-0.5012491063,0.011285875,0.150382,-0.5056341904,0.0124274,0.1686916,0.220644513,-0.0004610718818,117.0800018,-5.449996948,0.235492567,0.01296694832,0.220644513,-0.0004610718818,0.08993289461,0.001684228687,0.04670331174,0.08920572294,0.3436365496,-0.01249464006,-0.0001862792316,1,0.0001862792316,0.07417134343,0.08982882912,0.825696429,0.03634260065,0.02322176687,0.3610317795,-7.690248718e-05,0.01438168074,0,1,0
2021-08-04,-0.1644849864,0.01701892625,5.73453553e-05,-24.64530579,-2.72598235,-1.214340536,57.81075966,0.009645641833,12.78674965,32,0.6780952028,-0.6950834737,56.42874314,955576620000,3.385470294,0.006448100749,0.004194502103,3.37369033e-16,2.35,112.906,68.19,17.96999931,22.17000008,116.2099991,13.61999989,24.37000084,62.66999817,102,93,-0.5939,0.0019576,593.24508,0.1368156,0.1366194,0.11059,0.110733,0.1106615,0.1367175,0.1544196,0.154463,0.1544413,36.1,40.1,77.88,85.44,125.07,135.715,-2.41389834,0.0673734833,-0.03918468118,0.5043363714,0.094475,0.145572,0.1113884,0.1875538,0.1249537,0.2094466,0.0810097819,0.08591666069,-0.004906878794,-0.05880785314,0.0790893405,0.1031454591,-0.0240561186,-0.2655621103,0.1136031568,0.1130718445,0.0005313123085,0.004687885992,0.7544422557,-0.0001962,-0.4257249622,0.009362,0.102194,0.0216531018,0.004864294998,0.01106687313,0.001248327542,-0.5095660633,0.0127536,0.1523308,-0.5053398576,0.01275885,0.1689858,0.2337229228,0.01307840982,116.2099991,-0.8700027466,0.3193832206,0.08389065358,0.2337229228,0.01307840982,0.09923323209,0.009300337475,0.05098841593,0.09190196697,0.3568358828,0.0131993332,-0.004643150661,1,0.004643150661,0.07832321254,0.08901180113,0.8799194212,0.02936102042,0.01872203469,0.3623506806,-0.00449973218,0.001318901093,0,0,0
2021-08-11,-0.1836993075,0.851882684,4.845991649e-05,-38.86087455,-2.727563213,-0.1300693079,62.70471955,0.006348554021,12.8059869,68,0.7749888875,-0.07984249016,64.57694831,966767790000,0.4547487156,0.00631802452,0.001421490387,2.856647028e-16,2.42,113.2917,69.3,16.17000008,20.81999969,118.0599976,11.68999958,23.81999969,60.65999985,112,93,-0.58961,0.0021152,603.12372,0.1246356,0.1246058,0.091397,0.091389,0.091393,0.1246207,0.1442965333,0.1442347333,0.1442656333,29.2,34.45,70.96,80.05,116.5466667,129.5533333,-2.236955362,0.06780175372,-0.03571931865,0.5436240059,0.080329,0.122192,0.1048416,0.1733978,0.1191707333,0.1978584,0.0953677082,0.06946596086,0.02590174734,0.3169031719,0.1061229873,0.102927399,0.003195588298,0.03057480343,0.1140274103,0.09458978503,0.01943762523,0.1868893708,0.8259253803,-2.98e-05,-0.4134188553,0.0098675,0.083726,0.01555284077,0.003527160731,0.01186534553,-0.006100261026,-0.492785709,0.014499,0.1371124,-0.4964065342,0.01424893333,0.1573753333,0.2875695483,0.0538466255,118.0599976,1.849998474,0.3832335891,0.06385036853,0.2875695483,0.0538466255,0.1440922211,0.04485898905,0.03973120524,0.08651229937,0.3147188076,-0.04211707522,0.001274930718,0,0,0.07111852215,0.08180238581,0.8693942292,0.02994994182,0.01935589235,0.3537252105,0.0006338576577,-0.00862547014,0,0,0
2021-08-18,-0.01053641344,-0.4429913155,2.207790251e-05,2.008965001,25.27938026,-4.434555088,49.71299665,0.006766623859,12.63420329,80,0.2925615561,-0.9055111333,55.37856414,968937660000,0.2988234488,-0.006467535389,0,2.353932707e-16,2.32,113.705,65.36,21.56999969,23.79999924,128.4100037,23.12000084,25.64999962,58.04999924,104,94,-0.58827,0.001654,601.7344,0.159513,0.159519,0.156706,0.15663,0.156668,0.159516,0.169965,0.1702568,0.1701109,53.25,54.45,93.6,98.5,138.83,147.43,-2.856734064,0.06837471337,-0.04571430141,0.3976882224,0.124554,0.210868,0.126501,0.2183,0.1358498,0.2286122,0.07518209629,0.0810097819,-0.005827685608,-0.07465679019,0.1200689866,0.1082341387,0.01183484792,0.1037696346,0.1120933798,0.09309236549,0.0190010143,0.1857400945,0.6785158774,6e-06,-0.5146591458,0.011043,0.172628,0.0348118599,0.01798227746,0.02027152979,0.01925901913,-0.5324752538,0.0128845,0.183598,-0.5090374305,0.0121201,0.1855248,0.1033843103,-0.184185238,128.4100037,10.3500061,-0.06704156956,-0.4502751587,0.1033843103,-0.184185238,0.07773111096,-0.06636111018,0.03243174648,0.06317818766,0.3392089616,0.02449015402,-0.01080665285,1,0.01080665285,0.0555117593,0.05765254346,0.9628674811,0.03003083962,0.01831621084,0.3900866219,-0.001039681508,0.03636141146,1,0,0
2021-08-25,-0.528363567,0.1704864462,2.618761144e-05,38.74319593,-1.964118107,0.572160779,64.36265613,0.006610996392,12.70005753,100,0.9611120581,0.3121387283,69.73920048,987989130000,1.440315912,0.01102220443,0,2.50063688e-16,2.35,113.6424,68.54,16.79000092,20.79000092,108.8399963,12.98999977,23.63999939,64.51000214,112,93,-0.59372,0.0021504,607.52876,0.1228558,0.122896,0.093355,0.0932475,0.09330125,0.1228759,0.1438482,0.1436376667,0.1437429333,34.2,33.675,72.21,77.77,117.63,129.9366667,-2.221745332,0.06756039669,-0.03521944669,0.5126769839,0.078456,0.12526,0.1009918,0.1710852,0.1170374667,0.1970142667,0.06992185787,0.0953677082,-0.02544585033,-0.3103617304,0.132101483,0.1040900875,0.02801139542,0.238313687,0.1112227896,0.09530419674,0.01591859288,0.1544614566,0.8471155657,4.02e-05,-0.4595024446,0.00855675,0.093608,0.01735566675,-0.0003898765156,0.01157914097,-0.01745619315,-0.5152467868,0.0131626,0.1401868,-0.5093224556,0.01328293333,0.1599536,0.2382370329,0.1348527225,108.8399963,-19.57000732,0.2925328107,0.3595743803,0.2382370329,0.1348527225,0.1370850577,0.0593539467,0.03457406591,0.06606756406,0.3435364264,0.004327464768,0.002217657403,0,0,0.05291487483,0.06134817969,0.8625337393,0.02971486079,0.01888011447,0.3646238291,0.0005639036302,-0.0254627928,0,0,0
2021-09-01,-0.5842077001,0.2220636587,2.684490933e-05,-24.26776341,-22.69116131,3.6681524,64.92892837,0.007340540206,14.23304146,28,0.8970728686,-0.7256665804,61.96557935,990991640000,0.9906865221,0.01148706077,0,2.499899657e-16,2.34,112.8832,68.63,16.11000061,20.07999992,105.1999969,11.75,23.27000046,58.09000015,111,92,-0.60743,0.0021074,615.02848,0.122565,0.1223794,0.096272,0.0959115,0.09609175,0.1224722,0.1416916667,0.1417956667,0.1417436667,31.9,38,71.5,79.53,117.7166667,130.55,-2.24178247,0.0679726177,-0.03510378831,0.3725428303,0.08325,0.1291635,0.1007852,0.1672976,0.1152546667,0.1932873333,0.07529029917,0.07518209629,0.000108202882,0.00143817609,0.139410108,0.08023331956,0.05917678846,0.5524811222,0.1193044262,0.09614065751,0.02316376871,0.2158661285,0.6551145448,-0.0001856,-0.4323030316,0.010115,0.091827,0.0195158264,0.003581276816,0.01084824101,0.002160159648,-0.496207888,0.0115692,0.1330248,-0.5058155238,0.01252733333,0.1560653333,0.2464307364,0.008193703502,105.1999969,-3.63999939,0.3710638817,0.078531071,0.2464307364,0.008193703502,0.158864569,0.02177951138,0.02648479072,0.06749243588,0.2818213697,-0.06171505673,0.000311640061,0,0,0.05067757512,0.06247715161,0.811137733,0.02165664906,0.01521926349,0.2972475358,-0.003660850974,-0.06737629331,0,0,0
2021-09-08,-0.5654016111,0.5834499868,2.496549832e-05,-25.06225817,12.02711912,-0.2067172515,60.4361116,0.006145081633,15.42640474,40,0.6894933505,0.4453837519,56.02811232,983936260000,1.630015368,0.004350580284,0,2.438346976e-16,2.38,113.2414,69.36,17.95999908,21.59000015,115.0599976,14.75,24.34000015,57.02000046,113,92,-0.62537,0.001989,603.70022,0.1325876,0.1327704,0.109539,0.109539,0.109539,0.132679,0.1498423846,0.149887,0.1498646923,36.9,40.4,78.74,81.26,125.4769231,135.5807692,-2.383879211,0.06686872601,-0.03802783027,0.2937118792,0.091251,0.150216,0.106411,0.1829624,0.1194340769,0.2044799231,0.1281866761,0.06575799032,0.0624286858,0.6675064192,0.1432005027,0.07531490568,0.06788559703,0.6425676993,0.133721088,0.09632577303,0.03739531495,0.328020282,0.5676475228,0.0001828,-0.4883897178,0.0111945,0.11793,0.02658382169,0.00767467923,0.01318077145,0.007067995295,-0.5290838757,0.0120077,0.1531028,-0.525113741,0.01209230769,0.1700916923,0.2021158827,-0.04431485368,115.0599976,9.86000061,0.2176270566,-0.1534368252,0.2021158827,-0.04431485368,0.1273737833,-0.03149078577,0.02747531004,0.0679742505,0.2878516138,0.006030244127,-0.001319436814,1,0.001319436814,0.05221299785,0.0592073017,0.8818675458,0.02204951211,0.0163771771,0.2572544457,0.001157913603,-0.0399930901,0,0,0
2021-09-15,0.02870567549,-0.6207212002,3.065338453e-05,49.60502992,19.04735927,-10.48182437,52.31592312,0.007461059039,14.48062699,40,0.4679397275,0.745570232,35.57278794,980853470000,-0.6357855117,-0.004782636158,0,2.758758889e-16,2.35,112.9862,72.59,18.18000031,21.76000023,112.4800034,16.20000076,24.29999924,53.93000031,110,90,-0.64032,0.0019178,599.4631,0.1384816,0.1380398,0.120181,0.122534,0.1213575,0.1382607,0.1542796154,0.1543780769,0.1543288462,41.9,43.05,81.65,84.27,128.7230769,137.0115385,-2.466731781,0.06689391167,-0.03962672423,0.4907876917,0.100052,0.159796,0.109879,0.1890176,0.1221876923,0.2086173077,0.1645289224,0.07556368037,0.08896524198,0.7781106251,0.1389634428,0.08029433393,0.05866910888,0.5485118399,0.1411965367,0.09155137442,0.04964516224,0.4332525131,0.5807458948,-0.0004418,-0.4598380592,0.0085665,0.119488,0.02660406105,0.009017773015,0.0154357386,2.023935356e-05,-0.5295383086,0.0111876,0.1582772,-0.5225411671,0.01107365385,0.1728592308,0.1969196845,-0.005196198225,112.4800034,-2.579994202,0.1222221882,-0.09540486837,0.1969196845,-0.005196198225,0.1167278944,-0.01064588889,0.02752775382,0.08782646838,0.2386367252,-0.04921488865,0.008438294222,0,0,0.05948001764,0.06413114454,0.927474756,0.02362854599,0.01718136592,0.2728555564,0.0008041888274,0.01560111068,1,0,0
2021-09-22,-0.6146676943,1.277392935,3.613271674e-05,109.2017422,-8.55000902,-18.49474298,41.69825924,0.01078084313,22.18383265,-44,0.1289946982,0.1439603196,27.03986105,964699560000,-3.082178176,-0.01444425048,0,2.723163777e-16,2.28,113.631,72.37,20.87000084,23.04999924,117.6200027,19.45999908,25.06999969,55.91999817,107,90,-0.64827,0.00162,587.6708,0.1669312,0.1674398,0.160408,0.160115,0.1602615,0.1671855,0.1739844615,0.1756476923,0.1748160769,53.2,56.85,93.92,102.93,140.0384615,154.0230769,-2.92410823,0.06684701204,-0.0479104205,0.0908500028,0.13141,0.206607,0.131452,0.2239356,0.137234,0.2328460769,0.178647682,0.1281866761,0.05046100587,0.3319280005,0.1253358121,0.09987938807,0.02545642405,0.2270332933,0.1423247855,0.101215609,0.04110917651,0.3408586838,0.5974165706,0.0005086,-0.4449302846,0.008747,0.150394,0.03357980134,0.009251924447,0.02031606125,0.006975740294,-0.5204661052,0.0105083,0.1849672,-0.5167102089,0.01022396154,0.1912241538,0.1044560762,-0.09246360827,117.6200027,5.13999939,0.07245641424,-0.04976577397,0.1044560762,-0.09246360827,0.0876355976,-0.02909229677,0.03707369103,0.0862402984,0.3006446487,0.06200792353,0.009474585224,0,0,0.08279438223,0.05881924121,1.407607112,0.02637003554,0.01639414338,0.3783040848,-0.000787222542,0.1054485284,0,0,0
2021-09-29,-0.551796073,0.9850962602,6.182812837e-05,13.17250989,-14.13887681,-11.38042272,39.22852429,0.01289266188,24.3947175,-44,0.1119881813,-0.7126979806,32.64230327,967237660000,-2.445214189,-0.01498217637,0,3.025682177e-16,2.37,114.7191,75.06,22.55999947,23.71999931,119.0400009,21.79000092,25.87999916,61.20999908,125,87,-0.64715,0.0014476,582.89444,0.1883408,0.1881556,0.187991,0.187996,0.1879935,0.1882482,0.1848383333,0.1845904444,0.1847143889,62.2,65.85,106.56,113.02,149.0444444,160.2777778,-3.265738962,0.06685397274,-0.05394025806,4.091084362,0.148639,0.238132,0.1443878,0.24542,0.1429042222,0.2465888889,0.1404577039,0.1645289224,-0.02407121847,-0.1581799711,0.1072925975,0.1191691842,-0.01187658671,-0.104984541,0.14337012,0.1111725539,0.03219756614,0.2543460047,0.6330428883,-0.0001852,-0.4627699595,0.005392,0.178986,0.03669406312,0.008271789753,0.02176006873,0.003114261776,-0.5183693092,0.0066557,0.2020644,-0.5324082183,0.01003216667,0.2073693333,0.05141843417,-0.05303764202,119.0400009,1.419998169,0.03533724268,-0.03711917156,0.05141843417,-0.05303764202,0.09106239081,0.003426793209,0.04645795179,0.1008147963,0.3154551837,0.01481053501,0.001567954336,0,0,0.1087792941,0.06393033543,1.701528599,0.03030355889,0.01610226442,0.468634543,-0.0002918789614,0.09033045823,0,1,1
2021-10-06,-0.1904263575,-0.6815481058,9.006490864e-05,25.95142094,5.704079981,-8.264776767,45.07131666,0.01507470524,32.57656277,-84,0.3276605189,0.9461899156,38.37622702,970404540000,0.1335517401,-0.003841860059,0.004230685537,4.20227322e-16,2.43,114.7292,77.66,21,22.84000015,110.9199982,19.54000092,25.04000092,60.65000153,123,90,-0.64009,0.0015572,583.61028,0.175019,0.1753592,0.172889,0.172889,0.172889,0.1751891,0.178398,0.178388,0.178393,57.85,60.05,99.09,104.76,145.55,155.6,-3.04292142,0.06687333478,-0.05020193443,1.164015044,0.142505,0.213721,0.1407368,0.226006,0.142656,0.233016,0.1069085608,0.178647682,-0.0717391212,-0.5134417122,0.08302218923,0.1296602633,-0.04663807407,-0.4458097583,0.1375749646,0.1174228117,0.02015215291,0.1583877698,0.7401160421,0.0003402,-0.3998360591,0.005224,0.142432,0.02728821612,-0.002024387959,0.01803594575,-0.009405846998,-0.4650081747,0.0081823,0.1705384,-0.4810579442,0.009443,0.18072,0.08761905489,0.03620062072,110.9199982,-8.120002747,0.07471847575,0.03938123306,0.08761905489,0.03620062072,0.09632227444,0.005259883635,0.05298393341,0.1346817384,0.2823315149,-0.03312366883,0.00409439935,0,0,0.1250009607,0.08498012158,1.470943538,0.0313413752,0.01452959132,0.5364086219,-0.0015726731,0.06777407892,0,0,0
2021-10-13,-0.4071166062,-0.7097232023,9.402111619e-05,7.66181529,4.608350741,0.9490432607,45.7968588,0.01296166618,31.451625,-68,0.4098047554,0.5776357973,28.20388614,967747770000,-1.785012323,-0.001217566861,0.001777996308,4.075586914e-16,2.52,114.4827,80.67,18.63999939,21.54000092,108.7200012,17.45000076,24.06999969,60.84000015,119,91,-0.63128,0.00175675,588.9421,0.15356675,0.1534045,0.146656,0.146584,0.14662,0.153485625,0.1652761429,0.16529,0.1652830714,48.3,51.7,86.3875,94.9875,134.6214286,144.35,-2.690301973,0.06748041844,-0.04398736479,0.7425781592,0.121268,0.183355,0.125298,0.198981,0.1340196429,0.215428,0.09287236602,0.1404577039,-0.04758533786,-0.4136802613,0.07672083618,0.1290341355,-0.05231329934,-0.5199036562,0.1429139919,0.1095594656,0.03335452629,0.2657755273,0.84069199,-0.00016225,-0.4076317284,0.0056915,0.124174,0.0180951496,0.001769057821,0.0153152172,-0.009193066524,-0.4544420083,0.008653875,0.147366,-0.4659259194,0.00944075,0.1628167143,0.1555794861,0.06796043121,108.7200012,-2.199996948,0.06819476073,-0.006523715019,0.1555794861,0.06796043121,0.1174558343,0.0211335599,0.05323025244,0.1267295338,0.295789707,0.01345819213,0.00301795587,0,0,0.122061481,0.0850562219,1.435068221,0.03118743132,0.01453762319,0.533862759,8.031869262e-06,-0.002545862945,1,0,0
2021-10-20,-0.7391208094,0.2376506884,8.997893386e-05,-42.107809,-9.88028372,22.11447823,64.47302543,0.01168114613,24.74684511,48,1.00371001,0.4316800569,58.04723742,985957330000,5.481506225,0.03092026049,0,4.396540821e-16,2.57,113.521,84.4,15.48999977,19.87000084,101.8399963,12.68999958,23.05999947,65.47000122,125,89,-0.62391,0.002060333333,619.2462,0.1241183333,0.1241446667,0.105458,0.105377,0.1054175,0.1241315,0.1452894286,0.1448355714,0.1450625,36.45,38.25,71.51666667,82.83333333,123.1857143,132.1571429,-2.287736895,0.06825620179,-0.03557916755,2.534131349,0.095134,0.132092,0.1071553333,0.1663846667,0.1211098571,0.1932597143,0.06408666468,0.1069085608,-0.04282189611,-0.5117375941,0.1259791715,0.1432005027,-0.01722133122,-0.1281291774,0.1420460193,0.113554632,0.02849138729,0.2238670242,1.153619369,2.633333333e-05,-0.3252972811,0.0081955,0.073916,0.003487625316,-0.0003165910634,0.008148474454,-0.01460752428,-0.4330579318,0.0126385,0.1184586667,-0.4590129815,0.01212228571,0.1442997143,0.2827631461,0.12718366,101.8399963,-6.880004883,0.2206462004,0.1524514397,0.2827631461,0.12718366,0.1605434571,0.04308762273,0.0486835915,0.1264428495,0.2779910973,-0.0177986097,0.003657333599,0,0,0.1005509459,0.1067784025,0.9416786876,0.0325887618,0.01208237782,0.6292471037,-0.002455245368,0.09538434476,0,0,0
2021-10-27,-0.4389416831,0.4828843003,5.487716489e-05,-31.31595438,1.506035553,18.1031927,63.18811867,0.008273710556,24.95747562,64,0.8045419181,-0.9987833647,65.64156196,989574530000,4.367849989,0.01579415677,0.003473088044,3.778181107e-16,2.65,113.6342,82.66,16.97999954,20.88999939,109.6100006,15.15999985,23.70000076,70.05999756,104,89,-0.6172,0.0018314,619.13792,0.1402078,0.1401902,0.128336,0.128474,0.128405,0.140199,0.1545548333,0.1544258333,0.1544903333,46,45.3,84.92,88.84,135.6833333,137.625,-2.583408251,0.06801202193,-0.04018192984,0.3470066519,0.108204,0.161617,0.1156008,0.186305,0.1257815,0.2072301667,0.0798662144,0.09287236602,-0.01300615162,-0.1508732273,0.1457272588,0.1389634428,0.006763815968,0.04752588692,0.1544198796,0.1125238201,0.04189605948,0.3165104496,0.9911871184,-1.76e-05,-0.3959143284,0.0065055,0.106826,0.009521200008,0.007862567656,0.01120565301,0.006033574692,-0.4683858343,0.0107539,0.1414084,-0.4891640433,0.0120155,0.1628973333,0.2302709042,-0.05249224191,109.6100006,7.770004272,0.1200527515,-0.1005934489,0.2302709042,-0.05249224191,0.1345141913,-0.02602926581,0.04022932497,0.1107697502,0.2664210024,-0.01157009487,-0.005064370371,1,0.005064370371,0.07083190503,0.09973877994,0.7101741676,0.03289092382,0.01358008538,0.5871175447,0.001497707559,-0.04212955897,0,1,0
2021-11-03,0.4758802289,1.344043768,2.907420786e-05,-9.442053389,14.77298614,15.1486359,73.47359246,0.007206034837,28.05308719,88,0.895545854,0.8632535896,92.33033473,1010484130000,3.880784957,0.02157129459,0,2.975768677e-16,2.53,114.3754,80.82,15.10000038,19.5,102.25,13.10000038,22.70000076,71.22000122,113,91,-0.60626,0.0020122,627.8456,0.125784,0.1256238,0.107118,0.107106,0.107112,0.1257039,0.142228,0.142239,0.1422335,37.7,40.3,75.89,83.03,127.3,133.55,-2.348888111,0.06735716876,-0.03602964228,0.8392265358,0.094976,0.131812,0.1055976,0.1654292,0.117319,0.1885,0.07149772005,0.06408666468,0.007411055368,0.1094292588,0.158249521,0.1253358121,0.03291370892,0.2331764023,0.1673023971,0.1138248943,0.05347750288,0.3851416841,0.9970717863,-0.0001602,-0.3248496393,0.006282,0.073672,0.007091935352,0.007365879954,0.00727426197,-0.002429264656,-0.4415179606,0.0098095,0.1196632,-0.4655106452,0.010676,0.142362,0.2913906959,0.06111979168,102.25,-7.36000061,0.1526717513,0.03261899975,0.2913906959,0.06111979168,0.1641026032,0.02958841197,0.03655605762,0.07391358852,0.3309149517,0.06449394931,0.006440494613,0,0,0.03249201787,0.09325908618,0.3484059216,0.02772053597,0.01201147017,0.5666941582,-0.001568615208,-0.0204233865,0,0,0
2021-11-10,0.8457616909,2.688510832,2.227566081e-05,5.40635725,12.6903921,6.124840401,63.66404488,0.00745625993,32.48103149,88,0.6953489224,-0.4128531635,77.99148528,1015062520000,1.75693271,0.004610106897,0,2.748837342e-16,2.7,114.1611,81.23,18.72999954,22,117.1900024,15.94999981,24.47999954,78.30999756,105,90,-0.58645,0.001718,635.9398,0.145511,0.145668,0.13546,0.130645,0.1330525,0.1455895,0.1587345,0.1586477857,0.1586911429,50.1,46.5,90.05,95.25,144.5,144.3821429,-2.755540402,0.06842903904,-0.04172590914,0.4177101968,0.11288,0.165464,0.118402,0.193693,0.1283498571,0.2095594286,0.05074783364,0.0798662144,-0.02911838076,-0.4534839847,0.1732093861,0.1072925975,0.0659167886,0.4789415284,0.1754671914,0.1146252677,0.06084192374,0.4257838162,0.736952854,0.000157,-0.3778346219,0.0061195,0.105168,0.0235695868,0.01132435555,0.01204392684,0.01647765145,-0.4824877041,0.010458,0.150582,-0.4806590103,0.0102635,0.1624191429,0.174586254,-0.1168044418,117.1900024,14.94000244,0.1742946562,0.02162290491,0.174586254,-0.1168044418,0.1127272519,-0.05137535131,0.03773632545,0.07201397309,0.343838021,0.01292306924,-0.008259842164,1,0.008259842164,0.03677079642,0.09014577392,0.4079037188,0.0246495592,0.01313785772,0.4670144967,0.001126387545,-0.09967966157,0,0,0
2021-11-17,-0.6625413491,0.9541027468,1.764575486e-05,-11.2673845,-14.54960287,-1.809700742,66.8328665,0.006665308176,31.99710646,68,0.7443396982,-0.5014857143,71.31905086,1019233150000,1.625603939,0.005299957305,0,1.942653867e-16,2.7,115.039,78.32,17.11000061,21.57999992,111.5299988,11.51000023,24.65999985,81.58000183,108,94,-0.55796,0.00179,649.1187,0.136852,0.136815,0.1075045,0.1074405,0.1074725,0.1368335,0.1540234286,0.1540255714,0.1540245,39.8,41.8,87.55,90.15,138.3214286,143.6428571,-2.643487608,0.06922205018,-0.03921790918,0.4301748492,0.093528,0.1364175,0.113706,0.179089,0.127517,0.2036728571,0.1957367477,0.07149772005,0.1242390276,1.007105071,0.1766042192,0.08302218923,0.09358202995,0.7548032668,0.1857411492,0.1111318379,0.07460931133,0.5136368084,0.6067387682,-3.7e-05,-0.3730405683,0.00750025,0.085779,0.02238252818,0.006438414284,0.01137326121,-0.001187058617,-0.4466128178,0.009564,0.130766,-0.4598924484,0.01157042857,0.1523117143,0.2612506811,0.0866644271,111.5299988,-5.660003662,0.4865334726,0.3122388165,0.2612506811,0.0866644271,0.1427247421,0.02999749018,0.0330841421,0.06602598522,0.3338119221,-0.01002609887,-0.002605015483,1,0.002605015483,0.03791566766,0.06059741521,0.6256977715,0.01920578808,0.01231310417,0.3588857628,-0.0008247535461,-0.1081287339,1,0,0
2021-11-24,-0.2199555306,0.06889563137,1.922851415e-05,8.163704468,-10.93343928,-6.16026542,65.86748179,0.007538078932,31.07493344,84,0.7336396751,0.9343807868,55.85418198,1022461300000,-0.005109521344,0.003039903559,0,1.818860662e-16,2.61,116.2855,78.32,18.57999992,21.89999962,110.4800034,14.81999969,24.96999931,83.15000153,100,96,-0.52604,0.001688,650.7819,0.144714,0.14471,0.121862,0.121891,0.1218765,0.144712,0.159527,0.1596952,0.1596111,46.65,46.05,95,93.4,145.42,147.36,-2.802855664,0.06921061755,-0.04147457772,0.1181842128,0.1023225,0.158411,0.119005,0.189128,0.1308396,0.2101344,0.2416934714,0.05074783364,0.1909456378,1.560801346,0.1864996229,0.07672083618,0.1097787867,0.8882558874,0.1943026689,0.1092439421,0.08505872687,0.5758337102,0.5301622269,-4e-06,-0.4302362374,0.00849025,0.112177,0.02863555301,0.01227853863,0.01354146437,0.00625302483,-0.4551476148,0.0093545,0.140246,-0.4651076035,0.0108759,0.1585896,0.1786867443,-0.08256393685,110.4800034,-1.049995422,0.2537112217,-0.2328222509,0.1786867443,-0.08256393685,0.1401826369,-0.002542105195,0.03603685633,0.06754713205,0.3478998723,0.01408795017,0.002291223777,0,0,0.03540924141,0.05898706901,0.6002881988,0.02100062324,0.01511453653,0.2802815248,0.002801432361,-0.07860423799,0,0,0
2021-12-01,-1.424484434,2.580053824,6.941644626e-05,116.1375138,46.5179048,-25.32514027,37.49508563,0.01230466025,27.5924898,-24,-0.2648364987,-0.9611688365,46.31436386,1011287290000,-3.62621171,-0.03120188702,0.007291445811,2.951306076e-16,2.44,115.9026,65.44,31.12000084,30.79000092,155.0200043,33.93000031,31.07999992,82.97000122,87,103,-0.49851,0.0010736,613.98674,0.2411376,0.236396,0.266989,0.261292,0.2641405,0.2387668,0.225405,0.225238,0.2253215,93.25,93.05,149.59,143.8,198.75,201.55,-4.363084796,0.06802363152,-0.06839343155,0.2289545212,0.209269,0.326498,0.1835236,0.3054376,0.173386,0.293388,0.184058361,0.1728385581,0.01121980287,0.06289491785,0.1634087945,0.1194355988,0.04397319575,0.3134776993,0.1941271084,0.1305615802,0.06356552817,0.3966681478,0.5002186182,-0.0047416,-0.4376118723,0.003743,0.234458,0.08258058297,0.03989703656,0.03372345213,0.05394502996,-0.4986653338,0.0057138,0.243828,-0.5141760252,0.0080655,0.240004,-0.01060411037,-0.1892908546,155.0200043,44.54000092,-0.08281754909,-0.3365287708,-0.01060411037,-0.1892908546,0.009418609924,-0.130764027,0.05707691104,0.1193889769,0.3234444441,-0.02445542814,-0.01188554146,1,0.01188554146,0.1196208632,0.06467040442,1.84970025,0.03044906905,0.0161842068,0.4684827056,0.001069670263,0.1882011808,0,0,0
2021-12-08,-0.2149308952,0.1841500487,0.0001165558519,81.45323292,-34.22108307,-3.994135932,58.1122941,0.0160131945,24.58576848,-32,0.7250376826,0.7478655709,54.37455269,1024622200000,0.06917896336,0.01485262011,0.007559626911,3.808986559e-16,2.52,115.4541,72.43,19.89999962,23.62999916,114.2900009,17.5,26.01000023,80.29000092,84,99,-0.48423,0.001558,650.4082,0.156718,0.1571,0.142693,0.142779,0.142736,0.156909,0.1704214286,0.1705168571,0.1704691429,52,52.8,102.3,100.7,153.95,159.4142857,-3.037348222,0.06917455293,-0.04496774516,0.405267276,0.121929,0.176854,0.129526,0.204038,0.138833,0.2244853571,0.189385249,0.2391598998,-0.04977465082,-0.2333490702,0.1623262109,0.144831799,0.01749441187,0.1140348957,0.1997532776,0.1411,0.05865327759,0.3476141341,0.9230305401,0.000382,-0.3676581332,0.0066555,0.10985,0.01862474847,-0.036823892,0.009150518667,-0.0639558345,-0.4467628401,0.009873,0.149024,-0.4715002997,0.01119003571,0.1713047143,0.1874371665,0.1980412769,114.2900009,-40.73000336,0.1371428353,0.2199603844,0.1874371665,0.1980412769,0.1007194732,0.09130086332,0.06396682506,0.1490974358,0.3002231571,-0.02322128708,0.003080535587,0,0,0.1227248582,0.1135107689,1.081173701,0.03752642037,0.01655017037,0.5589728463,0.0003659635689,0.09049014065,0,0,0
2021-12-15,-0.1026784541,-0.2493400571,0.0001247188787,-9.233691574,-11.70517177,3.016886485,56.67683855,0.01717705776,18.85913037,-32,0.7486993257,0.9457486057,48.77576744,1020615940000,1.172436355,0.01807614654,0.01071143025,4.501269162e-16,2.39,116.4342,70.89,19.29000092,23.29999924,118.6100006,16.78000069,26.46999931,74.05999756,78,101,-0.48844,0.001572,651.3634,0.154982,0.155134,0.1357385,0.1359045,0.1358215,0.155058,0.1683802857,0.1685195714,0.1684499286,50.15,53.325,98.95,103.15,149.3428571,159.8071429,-3.005925776,0.06914905995,-0.04443766477,0.1876118068,0.1148055,0.1726505,0.126778,0.20352,0.1362682857,0.2238387143,0.1632089383,0.184058361,-0.02084942267,-0.1202216764,0.1690198645,0.1569918035,0.01202806102,0.07382265258,0.2037114341,0.1418809574,0.06183047669,0.3617160758,1.012471485,0.000152,-0.4024615941,0.0079065,0.11569,0.01256398717,-0.0154300004,0.008245172368,-0.006060761301,-0.4646834071,0.010091,0.153484,-0.4863578246,0.01160357143,0.1751408571,0.2078796336,0.02044246703,118.6100006,4.319999695,0.1495828442,0.01244000888,0.2078796336,0.02044246703,0.1360515099,0.03533203664,0.06816169852,0.1617751448,0.2964366108,-0.003786546278,0.01621626735,0,0,0.12894232,0.1284219962,1.004051672,0.03947159258,0.01482516622,0.6244092205,-0.001725004141,0.06543637425,1,0,0
2021-12-22,0.09750155955,-1.220399772,0.0001695964952,-7.237180574,6.963649546,-1.715454571,54.83968601,0.01494923094,15.79816524,-32,0.7534770136,0.9574276804,53.18975599,1010555690000,2.284357075,0.01164448424,0.01029623869,5.591217159e-16,2.47,115.7612,72.82,18.62999916,23.55999947,122.6999969,14.76000023,26.64999962,76.84999847,78,101,-0.5035,0.001564,649.6865,0.156187,0.156233,0.136675,0.136677,0.136676,0.15621,0.1724095556,0.1726555556,0.1725325556,52.3,51.5,98.4,104.75,152.6888889,161.25,-3.020462148,0.06916620888,-0.04476757057,0.2613758509,0.114709,0.1709525,0.12893,0.206907,0.1393388889,0.2283508889,0.1366703556,0.189385249,-0.05271489343,-0.3262114322,0.1800639904,0.1742072223,0.005856768092,0.03306676652,0.2109741672,0.1430161681,0.06795799909,0.3887780081,1.115211717,4.6e-05,-0.3937772503,0.00615475,0.112487,0.004359530576,-0.01718644357,0.009313858384,-0.008204456597,-0.4643740862,0.0117085,0.155954,-0.4841690217,0.01131233333,0.178024,0.2646269741,0.05674734054,122.6999969,4.089996338,0.2621950455,0.1126122013,0.2646269741,0.05674734054,0.1311545086,-0.004897001275,0.07672345003,0.1761649831,0.3033885301,0.006951919355,0.01012872803,0,0,0.142683964,0.1466938207,0.9726651291,0.04562894899,0.01528079269,0.6651075024,0.0004556264657,0.04069828183,0,0,0
2021-12-29,0.06260001902,-1.485746598,0.00014829114,-13.06922912,-8.47318249,14.59835462,61.32927004,0.01230633501,17.33140957,64,0.9089332613,0.1531941286,56.39837365,1016494410000,1.719857699,0.02522072469,0,5.012286005e-16,2.53,115.3819,76.58,16.95000076,21.82999992,109.5,12.85000038,25.42000008,78,80,97,-0.52183,0.00181,652.1275,0.1348304,0.1347816,0.1122,0.10607,0.109135,0.134806,0.1524844444,0.1526626667,0.1525735556,41.55,40.2,89.38,86.6,137.6055556,144.9833333,-2.616389874,0.06802830551,-0.03863712844,0.3065099458,0.100476,0.129645,0.1127146,0.1756306,0.1242305556,0.2061733333,0.1212794885,0.1766312342,-0.05535174571,-0.3759664322,0.1877407266,0.1765045655,0.0112361611,0.06171515424,0.2137238847,0.1382538129,0.07547007178,0.4355937036,1.309322772,-4.88e-05,-0.2535101099,0.0059255,0.058338,-0.002423609069,-0.01928814469,0.004164573067,-0.006783139645,-0.4363936004,0.0093666,0.125832,-0.496015819,0.01262838889,0.1638855556,0.2879055422,0.02327856816,109.5,-13.19999695,0.3190661681,0.05687112255,0.2879055422,0.02327856816,0.1644525957,0.03329808715,0.0628048718,0.1598208599,0.2821096704,-0.0212788597,0.001400913402,0,0,0.0953740009,0.1489159611,0.6404551949,0.04611851477,0.01496465312,0.6755174534,-0.0003161395725,0.01040995105,0,1,1
2022-01-05,0.3649982719,-1.048458724,0.0001006559226,-21.13213758,15.36440556,2.320219337,49.80750774,0.01173033296,18.43247154,84,0.4583827452,-0.976793532,58.22878075,1004951530000,1.730062049,-0.001958062718,0,4.338308193e-16,2.53,115.1524,77.83,19.72999954,23.46999931,119.3099976,18.06999969,26,78.68000031,88,95,-0.53396,0.0015472,639.59236,0.1606872,0.1607574,0.155278,0.1474335,0.15135575,0.1607223,0.172856,0.1729004,0.1728782,58.8,55.275,102.94,102.74,154.69,159.885,-3.059427237,0.06803334482,-0.04605973524,0.4173229244,0.1259165,0.1848025,0.1278616,0.2085598,0.1364636,0.2271698,0.1346567159,0.1455772864,-0.01092057049,-0.07797842883,0.2012516196,0.1862644713,0.01498714826,0.07738841124,0.2146229288,0.1426698502,0.07195307866,0.4083494481,1.158921141,7.02e-05,-0.379030571,0.00400375,0.117772,0.004232834914,0.001715816754,0.009532185893,0.006656443982,-0.4797447487,0.0074884,0.1613964,-0.4988881659,0.0089385,0.1814124,0.1895590399,-0.09834650231,119.3099976,9.809997559,0.09186496267,-0.2272012054,0.1895590399,-0.09834650231,0.1077972203,-0.05665537544,0.048038368,0.1336148716,0.2644509292,-0.01765874127,-0.0195832643,1,0.0195832643,0.1069881705,0.1147817693,0.9321007261,0.04999281948,0.0152983662,0.6939887296,0.0003337130793,0.01847127622,0,0,0
2022-01-12,0.0679370423,-0.3657137206,9.573264755e-05,21.40089704,4.491853507,-8.40490747,53.05627651,0.01073511199,14.91750948,40,0.5398703368,-0.06742250354,54.43700683,1000112740000,-1.35331399,-0.002199179008,0,3.871928497e-16,2.48,114.3713,82.51,17.62000084,21.57999992,113.9400024,14.68000031,24.34000015,74.55000305,82,96,-0.53573,0.001669,653.6024,0.145425,0.145394,0.14061,0.140689,0.1406495,0.1454095,0.1599702,0.1601674,0.1600688,54.6,52.9,93.6,96.55,142.5,149.89,-2.828571374,0.06914451956,-0.04167435421,0.2757669037,0.11881,0.174092,0.119,0.188653,0.129244,0.2100052,0.1221051174,0.1212794885,0.0008256288786,0.006784587237,0.223508297,0.1615668861,0.06194141081,0.3245293236,0.2166916114,0.1394688356,0.07722277572,0.4406340211,1.111116441,-3.1e-05,-0.3774777912,0.0058015,0.110564,0.004942584259,0.00507356751,0.006170464622,0.0007097493451,-0.4528023455,0.008417,0.139306,-0.4761172613,0.0095558,0.1615224,0.2247445457,0.0351855058,113.9400024,-5.369995117,0.2002725118,0.1084075491,0.2247445457,0.0351855058,0.1278962112,0.02009899093,0.04512126454,0.1318419528,0.2549753854,-0.009475543803,0.002813792015,0,0,0.09626812787,0.1143004596,0.8422374518,0.04016526397,0.01406140527,0.6499112945,-0.00123696093,-0.04407743512,0,0,0
2022-01-19,-0.2999723097,-0.08098360706,9.814959607e-05,59.94625159,5.747338203,-23.87056688,34.91896581,0.01366574382,17.05787349,-40,-0.1163733502,-0.9370723392,28.99638139,990985060000,-4.897431518,-0.03444266767,0,3.958432646e-16,2.4,114.6254,86.84,23.85000038,25.80999947,129.8500061,23.95999908,27.17000008,80.13999939,79,99,-0.52843,0.00128225,619.188475,0.1997245,0.19972675,0.210552,0.21058,0.210566,0.199725625,0.199586,0.200057,0.1998215,73.1,76.05,121.4125,126.1375,167.55,179.4,-3.680589439,0.06830148464,-0.05722512106,0.204149975,0.177419,0.246103,0.1609545,0.24386975,0.158762,0.253454,0.2203693409,0.1511827756,0.06918656534,0.3768154219,0.2257729538,0.1648664444,0.06090650941,0.3143941468,0.2162736593,0.1484677612,0.06780589813,0.3761767088,0.8254646565,2.25e-06,-0.3243467872,0.001195,0.137368,0.02970130732,0.02148180872,0.01788595575,0.02475872306,-0.4096357864,0.0026865,0.1658305,-0.4594290372,0.0062865,0.189384,0.0821802538,-0.1425642919,129.8500061,15.91000366,-0.004590931019,-0.2048634428,0.0821802538,-0.1425642919,0.05269277948,-0.07520343176,0.04583164056,0.1392406642,0.2476418101,-0.007333575249,-0.009736790941,1,0.009736790941,0.1158587379,0.09879105044,1.172765523,0.03929733916,0.01211639466,0.6916739169,-0.001945010609,0.04176262239,1,0,0
2022-01-26,-0.4519769119,-0.814927109,7.233977404e-05,84.92318016,3.125283158,-40.33333282,25.48848101,0.02170558047,27.96638916,-52,0.03415935299,-0.3918976265,27.99988151,976967510000,-6.993746553,-0.04365479627,0,3.373924425e-16,2.38,115.1044,88.33,31.95999908,31.95000076,148.5500031,37.40000153,31.04000092,85.75,72,103,-0.51725,0.001074,589.107,0.2512968,0.2523244,0.293203,0.293918,0.2935605,0.2518106,0.2387425,0.239797,0.23926975,96.6,102.8,142.78,154.12,193.1,207.125,-4.41498176,0.06771453794,-0.07212277379,0.7621604457,0.247323,0.34741,0.2058068,0.3135496,0.189789,0.303736,0.2206017204,0.1347649842,0.08583673618,0.4928265017,0.2452999078,0.159990703,0.08530920481,0.4273658682,0.2222772389,0.1546240002,0.06765323868,0.3629290617,0.6353612714,0.0010276,-0.3365779266,0.003806,0.200174,0.07654712911,0.06801616618,0.03334143181,0.04684582179,-0.4149089142,0.0078676,0.2154856,-0.4617678942,0.00749275,0.227894,-0.0003128386051,-0.0824930924,148.5500031,18.69999695,-0.1454546048,-0.1408636738,-0.0003128386051,-0.0824930924,-0.02848199767,-0.08117477716,0.0776341188,0.1430486627,0.3517905578,0.1041487477,-0.001497756926,1,0.001497756926,0.1465440216,0.04225830471,3.467815915,0.03894688352,0.01334985848,0.6572290959,0.001233463817,-0.03444482103,0,0,0
2022-02-02,0.5655209205,0.2350343815,0.00013950634,47.77942647,-24.77865223,7.489693421,52.70848237,0.02319704043,29.45998292,-52,0.572403464,0.767399548,42.55584074,991181420000,-1.575650371,0.02522656481,0,4.395347689e-16,2.41,115.1643,88.16,22.09000015,25.13999939,119.6100006,21.60000038,26.68000031,84.84999847,62,108,-0.50409,0.0014618,617.56492,0.1755178,0.1757312,0.167806,0.1681,0.167953,0.1756245,0.180872,0.180956,0.180914,57.2,63.25,103.31,114.08,153.9,166.9,-3.227962211,0.0672819553,-0.05032658573,0.5305469039,0.147482,0.204791,0.1476842,0.2254174,0.1481,0.236449,0.2251010979,0.2203693409,0.004731756957,0.02124466412,0.2486040822,0.1764591378,0.0721449444,0.3427722639,0.2361139865,0.1687158577,0.06739812877,0.3360986974,1.0047524,0.0002134,-0.3253669739,0.0081835,0.114618,0.01765898334,-0.02035443622,0.004264834755,-0.05888814576,-0.4166865004,0.0109263,0.1554664,-0.4594941087,0.0113605,0.176698,0.1380714901,0.1383843287,119.6100006,-28.94000244,0.02268517419,0.168139779,0.1380714901,0.1383843287,0.06125699892,0.0897389966,0.08365574753,0.1928289322,0.302569197,-0.04922136083,0.009378400448,0,0,0.1470961906,0.121046368,1.215205322,0.04149441052,0.01035658319,0.7504101623,-0.002993275288,0.0931810664,0,0,0
2022-02-09,0.1040496567,-0.4557617519,0.0001651520931,-34.61844812,-11.39696019,16.72826325,53.47667146,0.02239954904,27.27037219,-52,0.6894816763,0.867551773,62.73205269,996241230000,4.014627634,0.03102881757,0,4.970954601e-16,2.42,114.8329,89.57,19.95999908,23.48999977,119.3199997,18.67000008,25.53000069,81.76000214,58,109,-0.48772,0.0014566,622.50146,0.1744534,0.1746478,0.159619,0.159978,0.1597985,0.1745506,0.179902,0.1799503333,0.1799261667,55.825,62.675,101.56,116.18,152.2333333,165.85,-3.233869147,0.06785230359,-0.05001913577,0.3310240237,0.1413045,0.194465,0.1476042,0.2243246,0.1482213333,0.2324866667,0.216818462,0.2206017204,-0.003783258454,-0.017298483,0.24406288,0.1816066409,0.0624562391,0.2955828627,0.2478590669,0.1783788832,0.06948018374,0.3289504608,1.040424043,0.0001944,-0.3166487724,0.00808625,0.106321,0.006859184322,-0.02312955845,0.0005543994921,-0.01079979902,-0.4125542308,0.0114138,0.1534408,-0.4426769773,0.01042783333,0.1685306667,0.1768537499,0.03878225984,119.3199997,-0.2900009155,0.06909475109,0.0464095769,0.1768537499,0.03878225984,0.08684550598,0.02558850705,0.09480919093,0.1913140561,0.3313578743,0.02878867728,0.01441284208,0,0,0.1562563621,0.1320502886,1.183309509,0.04348606529,0.01050509326,0.7584262178,0.0001485100759,0.00801605554,0,0,0
2022-02-16,0.07901234183,-0.941620913,0.0001942392063,-24.77129464,4.461792249,3.953917922,46.48486093,0.01875351305,27.18630993,-28,0.543421193,0.5142766265,63.85855873,989788950000,-0.8977874415,-0.002751510947,0,5.158069959e-16,2.46,114.6954,93.83,24.29000092,26.26000023,122.5800018,21.31999969,27.23999977,92.73999786,51,114,-0.45885,0.001285,611.6827,0.201742,0.201902,0.1905005,0.1905855,0.190543,0.201822,0.1999753333,0.1998376667,0.1999065,68.5,69.375,121.3,125.75,168.5333333,176,-3.674137675,0.06834428303,-0.05782503524,0.8964374482,0.159773,0.2357235,0.164784,0.255434,0.160444,0.25726,0.249784469,0.2251010979,0.02468337106,0.1040487966,0.2360199383,0.1998599666,0.03615997173,0.1662993316,0.255708409,0.1887210002,0.06698740885,0.3037680332,0.9902783968,0.00016,-0.3840767238,0.00720525,0.151901,0.0190564082,-0.01436386943,0.004346992844,0.01219722388,-0.4314427273,0.008287,0.1813,-0.4635627143,0.0089455,0.193632,0.08110330338,-0.09575044655,122.5800018,3.260002136,0.1393058754,0.07021112429,0.08110330338,-0.09575044655,0.03731909877,-0.04952640721,0.0965540242,0.1938696573,0.3324591979,0.001101323564,0.0008808197203,0,0,0.1590839093,0.1429068796,1.113199796,0.04762721507,0.007683208823,0.8386802837,-0.002821884441,0.08025406589,1,0,0
2022-02-23,0.04779728655,-0.8666884647,0.0001953204301,5.136793815,13.38138812,-18.45564074,31.84152033,0.02024137372,29.93686221,-100,-0.07326883295,-0.9334960937,34.73386479,970622140000,-6.111053549,-0.04854223701,0,5.582735189e-16,2.53,114.6718,92.14,31.02000046,30.87999916,131.2400055,30.70999908,30.75,95.15000153,41,124,-0.41355,0.001072666667,562.5508333,0.2637043333,0.2637466667,0.272709,0.272716,0.2727125,0.2637255,0.2482963333,0.2480779333,0.2481871333,90.1,89.9,146.9833333,149.7,196.5333333,203.92,-4.415446423,0.06656618546,-0.07552838182,0.6712516088,0.235629,0.309435,0.2181833333,0.3146156667,0.1998707333,0.3039848667,0.288506642,0.2156011362,0.07290550582,0.2912879993,0.2221539899,0.2078844046,0.01426958528,0.06638861141,0.2657252843,0.1924728983,0.07325238602,0.3225076536,0.7882605384,4.233333333e-05,-0.2708159042,-0.0001805,0.147612,0.05300811715,0.02788825773,0.02455103656,0.03395170895,-0.3619839126,0.002674,0.1928646667,-0.4132697278,0.003740666667,0.2082282667,-0.004513259024,-0.0856165624,131.2400055,8.660003662,0.0100944768,-0.1292113986,-0.004513259024,-0.0856165624,-0.004209817497,-0.04152891627,0.0848567854,0.2011117776,0.2967346638,-0.03572453411,-0.01858373575,1,0.01858373575,0.1713315601,0.142568734,1.201747082,0.05081632924,0.007600403554,0.8504338336,-8.280526935e-05,0.01175354992,0,0,0
2022-03-02,0.02898357715,-1.216338202,0.0002006464465,23.57711222,6.74067974,1.320328858,47.02088724,0.02201392793,32.38420393,-60,0.4094399566,0.6213898582,35.22115423,975971600000,-0.7264700601,0.003557923036,0.003373373907,5.822145946e-16,2.71,115.7727,110.74,30.73999977,30.96999931,124.9199982,30.79000092,31.04000092,110.2799988,36,133,-0.35589,0.00109,582.9625,0.24926775,0.24904875,0.262877,0.263397,0.263137,0.24915825,0.237144,0.2373873333,0.2372656667,88,92.2,141.575,149.225,195.9333333,205.8833333,-4.322914176,0.06644901221,-0.07136453085,0.4434160247,0.217291,0.320235,0.20294975,0.312952,0.188954,0.3006783333,0.283618411,0.2497265269,0.03389188409,0.1272632847,0.2069110687,0.2268335497,-0.019922481,-0.09192740616,0.2623452415,0.1975263499,0.06481889159,0.2837893593,0.9103995138,-0.000219,-0.383028914,0.005626,0.205888,0.04304129934,0.006877742521,0.01727833767,-0.009966817811,-0.4264465085,0.008792625,0.2200045,-0.4563601124,0.0075505,0.2234486667,0.007482093167,0.01199535219,124.9199982,-6.320007324,-0.001623940985,-0.01171841778,0.007482093167,0.01199535219,0.00226030364,0.006470121137,0.0941233793,0.2228690772,0.2969262434,0.0001915796844,0.01847104678,0,0,0.1791606235,0.145872186,1.228202774,0.06257643862,0.01112297937,0.8222497218,0.00352257582,-0.02818411181,0,0,0
2022-03-09,0.2411505919,-0.9531920088,0.0002242335237,9.277534994,-15.77457348,-6.662987245,43.43177571,0.02432028008,34.88007722,-60,0.296363996,0.4359089222,34.83013802,956613410000,-1.632383411,-0.006557406349,0,5.98052936e-16,2.84,116.6057,108.81,32.45000076,33.06000137,130.8600006,33.43999863,32.97000122,110.9000015,26,147,-0.2955,0.0010302,578.05946,0.266236,0.2662374,0.284436,0.284546,0.284491,0.2662367,0.2567448462,0.2568718462,0.2568083462,90.45,99.7,148.41,159.74,205.1076923,221.0192308,-4.580376281,0.06756377692,-0.07624602963,0.2007286002,0.242715,0.333394,0.2181204,0.3267924,0.2058782308,0.317846,0.2112512687,0.288506642,-0.07725537336,-0.3116698366,0.1830700907,0.2450664717,-0.061996381,-0.291660398,0.2599195688,0.2063109251,0.05360864375,0.2309878566,0.9204834333,1.4e-06,-0.3147980677,0.0035635,0.181358,0.0452426794,-0.002300953404,0.02338632885,0.002201380057,-0.3988601479,0.0062197,0.217344,-0.427582925,0.005053769231,0.2239355385,0.01879816937,0.0113160762,130.8600006,5.940002441,-0.02960520049,-0.02798125951,0.01879816937,0.0113160762,-0.002722327551,-0.004982631191,0.09843085361,0.2447419623,0.2868259054,-0.01010033807,0.02537359812,0,0,0.1933061276,0.1645215299,1.174959458,0.07407395729,0.01401638174,0.8107785482,0.002893402364,-0.01147117359,0,0,0
2022-03-16,0.3320435804,-0.8801178793,0.0002546540064,-3.832243898,7.107215566,7.998539112,51.16893483,0.0219993015,34.79839562,-40,0.6689181784,0.9805435919,48.99369228,952821240000,-0.3676337202,0.01655065183,0,5.796374756e-16,2.8,116.8135,94.85,26.67000008,28.95999908,115.0999985,26.51000023,30.35000038,100.5699997,24,146,-0.2509,0.0012068,591.95824,0.2218022,0.2219352,0.226983,0.227044,0.2270135,0.2218687,0.2256690769,0.2259784615,0.2258237692,72.45,82.2,125.75,137.39,182.2653846,197.8576923,-3.908839439,0.06791845539,-0.06356054833,0.3904683423,0.200887,0.274088,0.1852712,0.2769292,0.1823328462,0.2825453846,0.1435054005,0.283618411,-0.1401130105,-0.6812570431,0.2060942077,0.2473605803,-0.04126637257,-0.1825137281,0.2621457696,0.213480899,0.0486648706,0.2053533589,1.114896244,0.000133,-0.3082309595,0.010474,0.146402,0.009941633732,-0.02890427388,0.005422280522,-0.03530104567,-0.3966158402,0.0092315,0.183316,-0.4311345717,0.006615346154,0.2004250769,0.08586422953,0.06706606016,115.0999985,-15.76000214,0.00603545251,0.035640653,0.08586422953,0.06706606016,0.04799728387,0.05071961142,0.09733296484,0.2536490709,0.2773160873,-0.009509818104,0.02213692165,0,0,0.1772701244,0.1821938602,0.9729752922,0.07777776955,0.01659051287,0.7866933833,0.002574131137,-0.02408516489,1,0,0
2022-03-23,-0.1660749219,-0.9825568375,0.0002540049285,-24.81396256,-2.785226285,34.5686831,55.57224381,0.01972384294,26.18361877,72,0.8122690425,-0.9809908083,50.76899426,961419110000,6.073433326,0.03179403063,0,5.396443413e-16,2.94,116.0101,114.89,23.56999969,26.40999985,108.7699966,23.20999908,28.15999985,105.7200012,19,131,-0.23382,0.0013198,605.65704,0.1985126,0.1984962,0.197484,0.197372,0.197428,0.1985044,0.201472,0.201497,0.2014845,68.4,69,121.15,119.49,169.95,176.8,-3.57814248,0.06795606161,-0.05687563575,0.1528180515,0.171673,0.233808,0.1626526,0.2477522,0.16191,0.257103,0.1708621711,0.2112512687,-0.04038909758,-0.2121910573,0.2588053823,0.2441542039,0.01465117837,0.05827635056,0.2767255802,0.2110592025,0.06566637766,0.2708876551,1.229968726,-1.64e-05,-0.3064755192,0.0053125,0.12427,-0.004056786727,-0.005649283323,-0.003949983224,-0.01399842046,-0.4147105492,0.006698,0.1701992,-0.4543677642,0.008022,0.190386,0.1204921591,0.03462792954,108.7699966,-6.330001831,0.0155105827,0.009475130194,0.1204921591,0.03462792954,0.06626277963,0.01826549576,0.09475931656,0.2379525509,0.2848089468,0.007492859502,-0.01234863025,1,0.01234863025,0.1458256303,0.1958787071,0.7444690263,0.07864661444,0.01903533916,0.7579636544,0.002444826281,-0.02872972895,0,0,0
2022-03-30,-0.4293502791,-0.2531712227,0.0002074732611,-36.52558578,-5.509000035,36.03665436,62.54311728,0.01530952388,24.87259298,92,0.8664328274,-0.09019236834,73.32132293,974868120000,10.28825854,0.04049107729,0,5.004682904e-16,2.86,115.0857,107.81,19.32999992,23.56999969,107.4100037,17.43000031,26.18000031,112.9800034,4,125,-0.24184,0.001501,625.45402,0.1689882,0.1689606,0.155009,0.155163,0.155086,0.1689744,0.179496375,0.17966675,0.1795815625,53.8,57.65,103.18,108.36,156.19375,164.0625,-3.145408267,0.06794794294,-0.04842262582,0.1318466039,0.137893,0.183717,0.1364524,0.2153326,0.14484075,0.234636125,0.1592200599,0.1435054005,0.0157146594,0.1039146013,0.2626965911,0.2309879674,0.03170862376,0.1286341005,0.2867268835,0.2157301047,0.07099677881,0.2845020261,1.366999778,-2.76e-05,-0.2849662635,0.005719,0.091648,-0.01599055136,0.003457867434,-0.0142899405,-0.01193376464,-0.44845687,0.0069181,0.1577604,-0.473258746,0.010156875,0.17959075,0.2193481525,0.09885599343,107.4100037,-1.359992981,0.1090074346,0.09349685191,0.2193481525,0.09885599343,0.1107340112,0.04447123157,0.06875467045,0.1954980933,0.2601852464,-0.0246237004,-0.006313588999,1,0.006313588999,0.1364838711,0.1746711142,0.7813763121,0.07279541646,0.01943997539,0.7329505574,0.0004046362326,-0.02501309698,0,1,1
2022-04-06,-0.03271383044,-1.085342783,0.0001596753945,-17.01266052,4.821042014,4.038842603,51.03152204,0.01339994317,20.49641246,60,0.5496864245,0.1543569442,58.81774645,969367940000,0.4476332669,-0.008813423904,0,4.711625392e-16,2.83,116.002,96.39,22.10000038,25.79999924,114.8399963,19.63999939,27.84000015,123.9199982,11,118,-0.26141,0.001413,603.83578,0.1861328,0.1864242,0.169736,0.1695645,0.16965025,0.1862785,0.1956934,0.1957954,0.1957444,62.475,60.475,112.15,112.91,170.05,172.22,-3.347667361,0.06737509122,-0.0533764599,0.4128294256,0.1420865,0.2015735,0.1487642,0.2328264,0.1534198,0.2506402,0.1700807278,0.1708621711,-0.0007814432949,-0.004584020761,0.2979976978,0.2221539899,0.07584370791,0.2937149714,0.2872320551,0.2174874361,0.06974461902,0.2781493597,1.19259061,0.0002914,-0.3461968224,0.00217975,0.118974,-0.0005113935437,-0.0004126741793,-0.008984914719,0.01547915782,-0.4405884212,0.0045168,0.1681244,-0.4812176409,0.0062856,0.1944408,0.1674207598,-0.05192739269,114.8399963,7.429992676,0.1252546369,0.01624720227,0.1674207598,-0.05192739269,0.07906980527,-0.03166420594,0.05672556242,0.1646407336,0.2562520286,-0.00393321779,-0.009764433912,1,0.009764433912,0.1088596257,0.1528467225,0.712214328,0.07056685649,0.02121446126,0.6993707483,0.001774485877,-0.03357980913,0,0,0
2022-04-13,-0.137332497,-0.9455586569,0.0001254539075,9.932616658,3.788124297,-16.60494087,48.7144772,0.01405363655,17.36268713,44,0.2718857109,0.7605321508,49.32522142,965516000000,-2.817825629,-0.01633457806,0,4.306567102e-16,2.8,116.2793,104.26,21.81999969,25.54000092,113.7600021,19.14999962,27.87000084,116.3300018,33,128,-0.27484,0.00142,604.55228,0.1849268,0.1851444,0.1721275,0.1721175,0.1721225,0.1850356,0.194998,0.1951394,0.1950687,62.2,61.55,110.6,112.95,166.515,173.225,-3.329276603,0.06797931449,-0.05302068806,0.6475654971,0.145186,0.2050245,0.1502318,0.230992,0.153849,0.2466878,0.2755577219,0.1592200599,0.1163376621,0.548509854,0.309367757,0.2069110687,0.1024566884,0.4022416405,0.2874599889,0.2157638132,0.07169617568,0.2868993294,1.118223027,0.0002176,-0.3417287603,0.00298275,0.119677,0.004799048336,0.004275127543,-0.00850222538,0.00531044188,-0.4236891821,0.0055763,0.1615204,-0.4635718865,0.0051997,0.1856776,0.1704858512,0.003065091373,113.7600021,-1.079994202,0.1394255942,0.01417095735,0.1704858512,0.003065091373,0.09122943775,0.01215963249,0.05151188476,0.1434268818,0.2642464896,0.007994461046,0.01111260327,0,0,0.1125195613,0.1153987215,0.9750503282,0.0619966867,0.01918449637,0.6905561024,-0.002029964895,-0.008814645846,1,0,0
2022-04-20,-0.1431742358,-1.375040002,0.0001145554217,0.4381314675,-16.39817556,-11.75766547,50.60015348,0.0142477685,15.26191422,40,0.3634818734,-0.4591269547,41.9661359,957340090000,-1.900843197,-0.004264434827,0,4.393203507e-16,2.92,116.7325,102.56,20.31999969,24.14999962,103.0299988,19.29999924,26.82999992,125.1200027,25,129,-0.26556,0.001467,609.6115667,0.1775436667,0.177652,0.180413,0.179235,0.179824,0.1775978333,0.1917106,0.1921876,0.1919491,63,62.3,106.65,110.0166667,165.315,167.19,-3.222193256,0.06835053276,-0.05089152332,0.0333763118,0.152989,0.211539,0.1448043333,0.221078,0.1529724,0.2417444,0.3579867213,0.1610804166,0.1969063046,0.7985921718,0.3199851893,0.1903072557,0.1296779336,0.5196348099,0.2879285769,0.2140670068,0.07386157005,0.2964233704,1.071562936,0.0001083333333,-0.3212373261,0.00244,0.1171,0.005073387186,0.006389770349,-0.008980226411,0.0002743388499,-0.4169300331,0.005343333333,0.1525473333,-0.4498009712,0.0054093,0.177544,0.188484251,0.01799839987,103.0299988,-10.73000336,0.05284976674,-0.08657582749,0.188484251,0.01799839987,0.1109730993,0.01974366152,0.05123341577,0.1433771169,0.2632612689,-0.000985220715,-0.0006186664062,1,0.0006186664062,0.1206013748,0.106445666,1.1329853,0.05204480089,0.01582794932,0.695878377,-0.003356547051,0.005322274529,0,0,0
2022-04-27,-0.2829707032,-0.6110222847,0.0001591873677,34.97699234,-16.73875202,-34.4276237,33.60197039,0.01926883818,21.33127023,-80,-0.02046634009,-0.458680305,35.01832661,953371010000,-6.780322056,-0.04467912706,0,5.093672741e-16,2.88,119.472,101.96,31.60000038,32.20000076,123.7099991,34.81999969,32.31999969,130.1100006,24,138,-0.2353,0.001069,568.33396,0.260889,0.2607272,0.28801,0.288055,0.2880325,0.2608081,0.254751,0.2552512,0.2550011,92.75,95.5,147.44,149.21,205.33,208.47,-4.41149108,0.06791818755,-0.07469459643,0.09477946138,0.243937,0.336171,0.2116442,0.3103382,0.2041038,0.3066194,0.3793801267,0.243114296,0.1362658306,0.4450069884,0.3104986691,0.2036822642,0.1068164049,0.4216183638,0.2839851091,0.2200584528,0.06392665633,0.2550285985,0.7809660213,-0.0001618,-0.3179890641,0.0020215,0.184468,0.05836953767,0.02385816012,0.01659983836,0.05329615048,-0.3781506809,0.0001831,0.197388,-0.4014526851,0.0003605,0.2050312,0.01898735361,-0.1694968974,123.7099991,20.68000031,-0.09247556983,-0.1453253366,0.01898735361,-0.1694968974,0.003726674815,-0.1072464245,0.05371053873,0.188588018,0.2216708983,-0.04159037059,0.002095849025,0,0,0.1888090082,0.08004228211,2.35886588,0.0558761598,0.01438969505,0.7424716533,-0.001438254264,0.04659327632,0,1,0
2022-05-04,-0.3214276328,-0.08822977915,0.0002365763973,78.16024062,30.91538782,-14.33469594,47.6801765,0.02305574981,23.69871447,-92,0.41723151,0.9056348425,35.44190551,968023360000,-2.083936269,0.003153399921,0.01072936395,6.407184992e-16,2.86,119.5567,107.84,25.42000008,28.09000015,106.6200027,26.15999985,29.22999954,121.9899979,27,141,-0.19382,0.0012302,579.02116,0.2227874,0.2230948,0.226216,0.226296,0.226256,0.2229411,0.2234694,0.2235626,0.223516,74.75,77.2,127.05,131.34,185.9433333,187.9166667,-3.841893284,0.06732538016,-0.06386730667,0.7197561363,0.196785,0.262539,0.1858084,0.268691,0.1820954667,0.273142,0.3526177778,0.3579867213,-0.005368943476,-0.01511120644,0.3107131376,0.2408480085,0.06986512908,0.2547040349,0.2709800333,0.2401756323,0.03080440103,0.1206746835,1.080321253,0.0003074,-0.2863077044,0.003406,0.131508,0.00660987718,-0.07696271509,-0.0077249321,-0.05175966049,-0.3647203935,0.0043086,0.1657652,-0.3999957824,0.004102733333,0.1820930667,0.1050354079,0.08604805426,106.6200027,-17.08999634,-0.02828745319,0.06418811664,0.1050354079,0.08604805426,0.04058381572,0.0368571409,0.06903195629,0.2438874391,0.2206061922,-0.001064706122,0.02942522156,0,0,0.2172823023,0.1567759892,1.385941198,0.06865616259,0.01064839938,0.8449024971,-0.003741295675,0.1024308438,0,0,0
2022-05-11,-0.1959739611,-0.6992023481,0.0003751590359,31.40997907,4.601016301,-29.39799711,31.64408945,0.03072342911,25.60961565,-100,0.01663474531,-0.8942402553,20.60510507,951944550000,-8.401538498,-0.05278644766,0.02282591452,7.544536142e-16,2.7,120.3896,105.5,32.56000137,33.63000107,125.8899994,33.91999817,33.52999878,118.0500031,25,145,-0.15772,0.001007,543.4299,0.289212,0.289345,0.313826,0.314125,0.3139755,0.2892785,0.2793008,0.279376,0.2793384,93.9,99,151.55,163.4,209.2,216.97,-4.678648403,0.06904765475,-0.08282880023,0.1437829081,0.2895,0.337632,0.25548,0.325449,0.2381538,0.3254378,0.2966708045,0.3793801267,-0.08270932214,-0.2459155534,0.3080116433,0.2624641053,0.04554753801,0.1600232542,0.2517835962,0.2528350372,-0.00105144101,-0.004167275888,0.9073059537,0.000133,-0.1534987849,-0.0004095,0.096264,0.03712796235,-0.04534866591,0.01410438568,0.03051808517,-0.2408865799,0.001186,0.139938,-0.3097420189,0.0024574,0.174568,0.0328623971,-0.07217301078,125.8899994,19.26999664,-0.04009424732,-0.01180679413,0.0328623971,-0.07217301078,-0.002973603498,-0.04355741921,0.08473594763,0.2688199153,0.2396677768,0.01906158458,-0.0166002321,1,0.0166002321,0.2756195083,0.1562935045,1.763473851,0.08603256789,0.0171451613,0.8007131285,0.006496761925,-0.04418936857,0,0,0
2022-05-18,-0.08759561296,-0.9120720358,0.0004182784857,-6.271010093,-2.07401816,-7.629097137,36.34609573,0.0306174011,26.89434028,-60,0.122404657,-0.8319409754,33.11984568,946164600000,-5.575902991,-0.03498423824,0.0251426377,8.64573425e-16,2.72,120.022,109.67,30.95999908,32.79999924,114.9599991,32.29999924,33.63999939,114.8600006,21,152,-0.13663,0.001071,542.2803,0.272899,0.272981,0.280884,0.280974,0.280929,0.27294,0.2662252,0.2663141333,0.2662696667,90.9,87.25,147.1,149.15,202.5733333,203.2366667,-4.40505908,0.06910353291,-0.07816147618,0.3167495854,0.250243,0.311477,0.237134,0.311009,0.2235939333,0.3115096667,0.209867268,0.3526177778,-0.1427505099,-0.5189094144,0.2777957309,0.2983676889,-0.02057195798,-0.07144051854,0.2347553409,0.2679049213,-0.03314958043,-0.1320882771,1.093162193,8.2e-05,-0.2180232144,-6.9e-05,0.122468,0.00682887654,-0.04541819419,-0.0008735114643,-0.03029908581,-0.2695464505,0.0011315,0.14775,-0.3285933166,0.001282133333,0.1758314667,0.05943153123,0.02656913413,114.9599991,-10.93000031,-0.04148607382,-0.001391826496,0.05943153123,0.02656913413,0.02560976135,0.02858336484,0.1078977895,0.284055488,0.2752822739,0.0356144971,-0.04123380929,1,0.04123380929,0.3093877059,0.1780727182,1.73742339,0.1048736691,0.01585039135,0.8488620501,-0.001294769953,0.04814892163,1,0,0
2022-05-25,-0.372562513,-0.6177356365,0.0004429076301,-20.23622755,-4.355587318,5.156081698,42.13710807,0.02623467426,29.41938693,-84,0.3598221542,0.4454889874,32.61360432,950481180000,-0.3134366712,-0.0002746970151,0.02410432546,7.822519824e-16,2.56,118.9561,112.88,28.37000084,29.72999954,98.79000092,27.37000084,31.12000084,105.6900024,27,149,-0.12914,0.001121111111,552.8739,0.2569033333,0.2573867778,0.25698,0.257098,0.257039,0.2571450556,0.2523275,0.253269875,0.2527986875,81.25,84.1,140.4,143.1333333,194.29375,196.11875,-4.23121398,0.06947869044,-0.0736476262,0.3791114256,0.237419,0.2832,0.2287494444,0.2928414444,0.21756375,0.2950065,0.2635731883,0.2966708045,-0.03309761623,-0.1182920379,0.2751055364,0.3048003664,-0.02969482999,-0.1025022331,0.2372442325,0.261932171,-0.02468793855,-0.09899545375,1.185324624,0.0004834444444,-0.1758714146,0.0032705,0.091562,-0.01241756858,-0.02194451874,-0.00470128581,-0.01924644512,-0.2457558265,0.003650388889,0.128184,-0.3021741898,0.0034864375,0.1548855,0.0479379155,-0.01149361573,98.79000092,-16.16999817,0.03653635255,0.07802242637,0.0479379155,-0.01149361573,0.04675416476,0.02114440342,0.1129643058,0.2641122589,0.299579227,0.02429695313,0.009406385649,0,0,0.2719638054,0.1913682503,1.421154267,0.1065852124,0.01368194908,0.8716337026,-0.002168442273,0.02277165246,0,0,0
2022-06-01,-0.4919503532,-0.3370502157,0.0004067196811,-4.789844062,8.862296051,32.3197157,50.03525951,0.02344208756,23.25165386,-64,0.6709659216,-0.4092156625,56.59988464,948212330000,1.922022967,0.02477181044,0.01460660717,7.618375515e-16,2.65,118.6936,115.26,25.69000053,27.71999931,91.38999939,25.12000084,29.46999931,109.3799973,28,137,-0.12158,0.001198,566.9099,0.233432,0.233607,0.242578,0.239733,0.2411555,0.2335195,0.2364115,0.2367285,0.23657,79.05,75.45,134.35,130.6,190.21875,184.75,-3.940015369,0.06911461927,-0.06689287929,0.3901195745,0.219546,0.264253,0.20157,0.271761,0.197716375,0.278689875,0.3074750304,0.3024077273,0.005067303082,0.01661768472,0.2638445175,0.3141345376,-0.05029002011,-0.1744613771,0.2397415008,0.2608956759,-0.02115417512,-0.08455935541,1.345217584,0.000175,-0.1848164217,0.000744,0.089414,-0.03268289496,-0.03329445833,-0.01210118883,-0.02026532638,-0.2965831522,0.003146,0.140382,-0.3399346671,0.001633125,0.161947,0.07901902441,0.03108110891,91.38999939,-7.400001526,0.0226910699,-0.01384528266,0.07901902441,0.03108110891,0.0631313147,0.01637714993,0.1073604323,0.2591530613,0.2929235462,-0.006655680784,-0.007510905041,1,0.007510905041,0.2407549496,0.2020053315,1.19182473,0.1135819616,0.01490145394,0.868804397,0.001219504864,-0.002829305531,0,0,0
2022-06-08,-0.6731721731,0.78111202,0.0002709968845,-20.80517586,-2.523232663,26.93173077,50.30141895,0.02063159909,17.02906413,-48,0.7116782586,-0.6762435322,58.50944163,953328450000,5.495773428,0.01674266481,0.01211475409,6.944419697e-16,2.75,118.3944,121.94,23.95999908,26.54000092,92.68000031,23.90999985,28.40999985,105.2900009,25,137,-0.10307,0.001251,568.7193,0.222608,0.22289,0.219583,0.219982,0.2197825,0.222749,0.2278312727,0.2280998182,0.2279655455,68.85,77.55,122.75,130.9,180.3136364,182.8590909,-3.770287362,0.06909026743,-0.06381235726,0.2202970297,0.200019,0.247759,0.1933,0.258953,0.192776,0.2673531818,0.3462559217,0.2257558669,0.1205000549,0.4277239796,0.2686323184,0.3030767513,-0.03444443285,-0.1206424793,0.2352408103,0.2598579565,-0.0246171462,-0.0995254464,1.360620031,0.000282,-0.2132306634,0.0041065,0.09548,-0.03444736156,-0.002661364114,-0.01555786764,-0.001764466603,-0.2903374881,0.0033775,0.131306,-0.3241575834,0.002099045455,0.1491543636,0.1076795463,0.0286605219,92.68000031,1.290000916,0.002091143345,-0.02059992655,0.1076795463,0.0286605219,0.07045964082,0.007328326125,0.09957259596,0.2156421987,0.315888079,0.02296453275,-0.01085262304,1,0.01085262304,0.1802756631,0.1878266981,0.9597978609,0.1044879308,0.01263241366,0.8791016957,-0.002269040285,0.01029729865,0,0,0
2022-06-15,-0.4036240799,-0.6078484348,0.000379363462,2.072696188,5.487549197,-28.82940868,35.79337942,0.02462877897,23.53914504,-32,0.1188463986,0.1745607439,52.31478099,939044340000,-8.855915565,-0.05595609872,0,8.208057387e-16,2.7,121.6382,115.32,29.62000084,30.78000069,105.3700027,32.52999878,31.55999947,135.9299927,13,145,-0.07044,0.001122,523.6827,0.269661,0.269773,0.287708,0.287833,0.2877705,0.269717,0.2592527273,0.2592037273,0.2592282273,87.85,88.45,141.7,141,191.3272727,189.1590909,-4.203753774,0.06908760973,-0.07724055351,0.1785515939,0.268925,0.302284,0.239283,0.299764,0.225265,0.2954438182,0.2983711737,0.3074750304,-0.009103856625,-0.03005562097,0.2302756591,0.3154674293,-0.0851917702,-0.3147783324,0.2113479941,0.2719113986,-0.06056340444,-0.2519702365,1.169623825,0.000112,-0.1168013809,-0.002166,0.066718,-0.01178525396,-0.01172903362,-0.00673653486,0.0226621076,-0.2243997277,-0.0001935,0.120962,-0.2695511032,0.001126181818,0.1403576364,0.03916272163,-0.06851682469,105.3700027,12.69000244,-0.08945582691,-0.09154697025,0.03916272163,-0.06851682469,0.02534109038,-0.04511855044,0.1077043547,0.2416386723,0.3083054372,-0.007582641757,0.01448705884,0,0,0.2588333041,0.1608963312,1.608696122,0.1177239785,0.0182042796,0.8453647266,0.005571865944,-0.03373696906,1,0,0
2022-06-22,-0.3816961725,-0.8694835121,0.000377906584,4.089064236,-1.169151178,-23.33233879,38.25498264,0.02590424122,26.70321449,-44,0.2251917973,0.003564855403,41.35579436,942153420000,-8.48598634,-0.03145592855,0,7.990242023e-16,2.54,120.5232,106.22,28.95000076,30.23999977,99.66000366,28.29999924,31.18000031,129.9400024,10,154,-0.03288,0.0011692,511.17862,0.2656264,0.2653244,0.260924,0.252909,0.2569165,0.2654754,0.256093,0.256213,0.256153,80.1,76.1,138.59,133.03,188.6,181.1,-4.038849661,0.06797786903,-0.07602847079,0.2101642992,0.24093,0.273381,0.2373922,0.297709,0.221389,0.293863,0.2195550975,0.3324505867,-0.1128954892,-0.4148880229,0.2011777158,0.2958197621,-0.09464204632,-0.3855616815,0.2163581454,0.2797360058,-0.06337786035,-0.2569112067,1.114301973,-0.000302,-0.1261921289,0.000239,0.064902,-0.003699077216,-0.04451730462,-0.01263787351,0.008086176744,-0.2254407204,0.0020752,0.1206336,-0.2813147741,0.001473,0.144948,0.04455955006,0.005396828433,99.66000366,-5.709999084,0.02296825242,0.1124240793,0.04455955006,0.005396828433,0.03108467398,0.005743583601,0.1206686822,0.2216267404,0.3525278874,0.04422245017,-0.001302420095,1,0.001302420095,0.2427482459,0.1704633016,1.42404989,0.1095285185,0.02201918683,0.7989638942,0.003814907226,-0.04640083246,0,0,0
2022-06-29,-0.05775949628,-0.5873219091,0.0003599453138,-8.47596671,-7.768342205,9.902210448,43.41475076,0.02547751786,22.73581032,-44,0.3725170897,0.057100796,44.1758136,942565650000,-2.102870317,0.004071586178,0,7.677125318e-16,2.36,120.9689,111.65,28.15999985,29,88.91999817,26.55999947,30.27000046,130.4299927,4,158,-0.00917,0.0012022,519.16294,0.2542678,0.2543242,0.256532,0.254024,0.255278,0.254296,0.248896,0.2490175,0.24895675,79.6,78.05,133.62,130.58,185.925,179.6,-3.929198184,0.06797408369,-0.07283324799,0.02545078764,0.235789,0.278864,0.221793,0.287653,0.2113735,0.287059,0.1369775337,0.302098963,-0.1651214293,-0.7909377312,0.1796037895,0.3047019361,-0.1250981466,-0.5285807849,0.2103765298,0.2874981438,-0.07712161402,-0.3123174797,1.198217574,5.64e-05,-0.1673943414,0.0020485,0.08615,-0.01354471073,-0.02609692616,-0.02067571931,-0.009845633509,-0.2585553719,0.000427,0.13172,-0.3036940809,0.0002595,0.151371,0.02982955103,-0.01472999902,88.91999817,-10.74000549,0.06024097943,0.03727272701,0.02982955103,-0.01472999902,0.04379311923,0.01270844525,0.1243894454,0.2254654261,0.3555458435,0.00301795612,-0.0007119988202,1,0.0007119988202,0.2508488954,0.167588679,1.496812893,0.1175077769,0.02466450706,0.790103194,0.002645320233,-0.008860700214,0,1,1
2022-07-06,-0.2515852129,-0.3131206555,0.0003386003414,-6.802880447,0.4157108047,13.91355832,46.21327021,0.02253677172,22.3193122,-44,0.5029601552,0.1605485843,56.6694218,951266840000,4.862864528,0.01483474734,0,7.076925464e-16,2.29,123.0165,100.31,26.72999954,28.38999939,85.87999725,25.95000076,29.62000084,151.1399994,-4,165,-0.01353,0.0012514,509.96736,0.2484606,0.2488738,0.246596,0.246879,0.2467375,0.2486672,0.2455536,0.2458096,0.2456816,73.85,74.3,127,126.74,182.715,178.305,-3.774171295,0.06631427174,-0.07122414648,0.4491254415,0.22339,0.270847,0.21433,0.2845646,0.2061877,0.2868323,0.2127758858,0.2114685471,0.001307338777,0.006163158848,0.1821614125,0.2776772144,-0.09551580191,-0.421566164,0.2175083651,0.2871676716,-0.06965930647,-0.2778289567,1.116662006,0.0004132,-0.19204147,0.000381,0.094914,-0.005655347835,0.01616044751,-0.02210582301,0.00788936289,-0.2815608748,0.0007801,0.1404692,-0.3271453491,0.0008284,0.1612892,0.0621025019,0.03227295087,85.87999725,-3.040000916,0.03005775554,-0.03018322389,0.0621025019,0.03227295087,0.04332516647,-0.0004679527652,0.1210488452,0.2187169422,0.3562714366,0.0007255931111,0.003566795705,0,0,0.2444720608,0.1591863022,1.535760661,0.1078191281,0.03071449269,0.7151294651,0.006049985633,-0.07497372891,0,0,0
2022-07-13,-0.4431085014,0.6172042433,0.0002874824557,-21.78696463,-8.59333301,11.17912966,42.9926335,0.01871753401,19.71795163,-36,0.4685309411,0.2138706264,53.27815728,940452910000,-2.811024281,-0.009831990988,0,5.494908099e-16,2.31,123.293,98.44,26.81999969,28.55999947,90.48999786,25.94000053,29.97999954,136.1000061,-22,159,-0.0486,0.0012726,505.18166,0.2469466,0.24703,0.258509,0.251395,0.254952,0.2469883,0.2442482,0.2442695333,0.2442588667,78.75,72.65,128.16,121.68,183.28,171.35,-3.713510696,0.06644014909,-0.07074416056,0.5000148124,0.22893,0.274969,0.2102986,0.2807418,0.2043321333,0.2826996,0.2315515271,0.1363893807,0.09516214636,0.5292885395,0.1894612062,0.2567755417,-0.06731433544,-0.3040180375,0.2319290358,0.2867746168,-0.05484558095,-0.2122651551,1.039626337,8.34e-05,-0.1827310632,-0.0030025,0.092078,0.005997559562,0.04639845913,-0.02257728687,0.0116529074,-0.2869140706,-0.0014681,0.1408864,-0.3218166756,-0.000743,0.1567349333,0.0648769497,0.002774447797,90.48999786,4.61000061,0.03392440797,0.003866652423,0.0648769497,0.002774447797,0.04971989156,0.006394725088,0.1089843613,0.1730323909,0.3864464094,0.03017497279,-0.004466864112,1,0.004466864112,0.1527009634,0.1642811228,0.9295101031,0.09459776371,0.02866408491,0.6969898253,-0.002050407781,-0.0181396398,1,0,0
2022-07-20,0.5475211023,-0.4606486254,0.000193034006,-12.63573537,-0.4727798398,20.78123426,56.80440313,0.0183325179,16.82846733,84,1.02831823,0.4537420162,56.48379651,944576520000,3.517861765,0.03038316126,0,5.623926006e-16,2.38,122.6096,104.45,23.87999916,26.70000076,86.75,25.18000031,28.53000069,122.9000015,-21,152,-0.10254,0.001319,534.3597,0.22454,0.225127,0.221936,0.222645,0.2222905,0.2248335,0.2267846,0.2274482,0.2271164,68.5,68.95,120,120.4,174.82,168.08,-3.575653619,0.06747136291,-0.06440860845,0.2566245481,0.203128,0.248862,0.198038,0.261975,0.1967934,0.268883,0.1986846645,0.2127758858,-0.01409122131,-0.06852046504,0.2021232233,0.2689342574,-0.06681103407,-0.2855894256,0.2341541887,0.2884797803,-0.05432559159,-0.2086451734,1.196148516,0.000587,-0.202367309,0.0037045,0.091468,-0.0153001988,0.004139488797,-0.03163872448,-0.02129775836,-0.2779791006,0.005173,0.127874,-0.3096124261,0.0057218,0.1441792,0.1180905235,0.05321357381,86.75,-3.739997864,-0.05162832123,-0.0855527292,0.1180905235,0.05321357381,0.06853932103,0.01881942947,0.09513451828,0.175869695,0.3510444251,-0.03540198426,0.005878493941,0,0,0.1018579889,0.176823403,0.5760435961,0.102625924,0.03030028921,0.7047501447,0.001636204299,0.007760319439,0,0,0
2022-07-27,0.6106221795,0.1921999282,0.0001386980891,-1.063010284,6.553051073,21.64183946,59.55195413,0.01762365014,15.46351824,100,0.9974038788,0.6380363509,51.49988152,948631640000,4.389239882,0.03254900285,0.00982735058,5.977774647e-16,2.42,122.8281,100.03,23.23999977,25.30999947,81.76999664,22.13999939,27.40999985,117.2799988,-18,155,-0.15844,0.0014085,544.4518,0.20680275,0.207333,0.202156,0.202438,0.202297,0.207067875,0.2154028667,0.2162904,0.2158466333,63.9,63.25,113.7125,111.825,170.2666667,161.0966667,-3.355311823,0.0676571288,-0.05932613209,0.1488963296,0.183079,0.22819,0.18369875,0.24343225,0.1876956667,0.2557391333,0.1597543387,0.2315515271,-0.07179718841,-0.3711651759,0.1914712496,0.2295637611,-0.03809251157,-0.1814431527,0.2382428176,0.275706499,-0.03746368142,-0.146046495,1.108640156,0.00053025,-0.2193746672,0.0033375,0.090222,0.001310238505,-0.01269203349,-0.02942430446,0.01661043731,-0.2796963929,0.006497625,0.119467,-0.3068927683,0.005870766667,0.1360869333,0.08907055573,-0.02901996777,81.76999664,-4.980003357,0.04968384877,0.10131217,0.08907055573,-0.02901996777,0.08297117447,0.01443185344,0.08942592396,0.149686939,0.3739904363,0.02294601116,0.02582004878,0,0,0.08849245624,0.1683678486,0.5255899924,0.08344644949,0.03074692906,0.6315370007,0.0004466398456,-0.07321314398,0,1,0
2022-08-03,0.6079886826,-0.7324993922,0.0001526692634,-5.334700599,3.357608232,27.49929906,65.64621039,0.0173544696,20.59371598,56,0.9504006057,0.5815680565,72.47352004,953082240000,8.466001434,0.03889797139,0.007318185225,6.626181017e-16,2.5,122.4002,93.25,21.95000076,24.37000084,84.59999847,20.55999947,26.54999924,122.0400009,-37,150,-0.19859,0.0014414,559.2414,0.1966434,0.197057,0.184664,0.186012,0.185338,0.1968502,0.2073113333,0.2078213333,0.2075663333,60.4,59.85,111.37,109.97,170.7833333,161.0833333,-3.276392305,0.06729464739,-0.0564022311,0.759563358,0.170021,0.209324,0.1731966,0.2323104,0.180076,0.2466393333,0.1464897892,0.1986846645,-0.05219487532,-0.3047632398,0.2246389784,0.2012777638,0.02336121454,0.1098087093,0.2420725209,0.2629930862,-0.02092056534,-0.08289038937,1.022492046,0.0004136,-0.2072150681,0.0043345,0.078606,0.007667515133,-0.005125421675,-0.02608158066,0.006357276627,-0.2915550163,0.0059033,0.1182276,-0.3119800398,0.005791333333,0.1331266667,0.1102505691,0.02118001339,84.59999847,2.830001831,0.06760706873,0.01792321996,0.1102505691,0.02118001339,0.0894541782,0.006483003733,0.08400060416,0.1526696096,0.3549268108,-0.01906362552,0.01551745627,0,0,0.08667751704,0.1847742892,0.4690994478,0.06789321439,0.02738047617,0.5967126256,-0.003366452886,-0.03482437514,0,0,0
2022-08-10,0.726110809,-0.5627631449,0.0001386273599,-27.17221341,-11.65582051,14.85672674,67.72558612,0.0146661162,23.91132037,76,0.8814836822,0.9532395425,59.54196263,941124810000,6.135869889,0.03025703115,0.01075818289,6.020095515e-16,2.43,120.7648,94.68,19.73999977,23.45999908,90.04000092,17.59000015,25.88999939,115.2600021,-45,147,-0.2176,0.0014928,571.6705,0.1856868,0.187017,0.156308,0.160485,0.1583965,0.1863519,0.1970583571,0.1977272857,0.1973928214,50.6,53.5,106.84,106.18,164.3964286,155.5321429,-3.170591781,0.06789048843,-0.05339746993,0.41499752,0.147305,0.178253,0.1650794,0.219706,0.1709309286,0.2345309286,0.1664300086,0.1597543387,0.006675669882,0.04093759997,0.2212503065,0.1796050044,0.04164530207,0.2085346494,0.2492188932,0.251020146,-0.001801252862,-0.007201599657,0.9637948657,0.0013302,-0.1901228045,0.0043825,0.061896,0.006708801479,-0.0004319975174,-0.02404718777,-0.0009587136535,-0.2839328103,0.0060408,0.1092532,-0.3137163157,0.005338107143,0.1272,0.1884498154,0.07819924631,90.04000092,5.440002441,0.1222285162,0.05462144746,0.1884498154,0.07819924631,0.1035805797,0.01412640151,0.09210758076,0.1441655871,0.3898351286,0.0349083178,0.02106715846,0,0,0.06900061275,0.1922336029,0.3589414739,0.05592849685,0.02367053923,0.5767714034,-0.003709936944,-0.01994122214,0,0,0
2022-08-17,0.4987620011,-0.5848760557,0.0001088823807,-21.10753268,0.7089488687,14.53003856,68.41147025,0.01291318239,30.92241746,92,0.8264384464,-0.1462354684,72.15242722,944424240000,3.773346008,0.02181630248,0.008671733415,4.95571616e-16,2.46,122.0802,90.85,19.89999962,23.60000038,87.47000122,18.63999939,26.04999924,117.6999969,-39,141,-0.22114,0.0014248,580.51338,0.1916252,0.1927586,0.173443,0.175675,0.174559,0.1921919,0.2009448571,0.2015708571,0.2012578571,57.9,58.6,113.14,110.16,170.4142857,159.1571429,-3.320534806,0.06791155207,-0.05506902793,0.3823385954,0.160198,0.193427,0.1678072,0.2216416,0.1703791429,0.2380462857,0.2129160611,0.1464897892,0.06642627193,0.3739422811,0.2300302813,0.1821614125,0.04786886883,0.2333177823,0.2782882822,0.2349443962,0.04334388595,0.1693086883,0.9478100403,0.0011334,-0.1879335454,0.0022535,0.066458,0.006418218286,0.009011586139,-0.01469414427,-0.0002905831932,-0.2764645828,0.0025325,0.1076688,-0.3313561699,0.002954857143,0.1353342857,0.1859296901,-0.002520125281,87.47000122,-2.569999695,0.06759658102,-0.05463193518,0.1859296901,-0.002520125281,0.1038135092,0.0002329294417,0.08078947377,0.1221382281,0.398119493,0.008284364371,-0.007264114868,1,0.007264114868,0.06655675378,0.1629729223,0.4083914851,0.05021944501,0.01703666482,0.6607556134,-0.006633874409,0.08398420998,1,0,0
2022-08-24,0.2433402966,-0.1018562582,0.0001406597022,-2.374211119,1.642889078,-18.62896969,51.38356967,0.01310263241,26.11933377,60,0.3590863355,0.1369168357,58.19239287,939855910000,0.01714856614,-0.01574777678,0,4.450731733e-16,2.62,123.1136,95.52,22.81999969,24.88999939,86.44999695,21.20000076,27.04000092,133.1300049,-25,143,-0.21659,0.0013562,562.17404,0.2076378,0.2084792,0.189609,0.190475,0.190042,0.2080585,0.2160612857,0.2168242857,0.2164427857,65.1,62.1,120.22,113.94,178.5857143,164.2642857,-3.481103795,0.06788278992,-0.05960958097,0.4897044073,0.16884,0.211527,0.1793512,0.2401068,0.1812576429,0.2532842143,0.2354208969,0.1664300086,0.06899088831,0.3468001106,0.2619846223,0.1894612062,0.07252341603,0.3241015213,0.2761904568,0.2284484015,0.04774205534,0.1897803179,0.9106150733,0.0008414,-0.224451648,0.0001415,0.085374,0.01617968994,0.008417014011,-0.00534119266,0.009761471654,-0.2896862141,0.0016705,0.1215112,-0.3315057928,0.0008281428571,0.1440531429,0.09070989143,-0.09521979871,86.44999695,-1.020004272,0.07641504121,0.008818460191,0.09070989143,-0.09521979871,0.08638013574,-0.01743337341,0.08143418696,0.1132181842,0.4183570252,0.02023753222,0.002911916699,0,0,0.09852544161,0.1307538309,0.7535185847,0.05280127384,0.01690572517,0.6798235357,-0.0001309396495,0.01906792226,0,0,0
2022-08-31,-0.5057696076,1.077519193,0.0001687234039,30.08718242,-1.374271125,-40.1542597,36.77237171,0.01581344729,23.33998968,56,-0.02715362053,-0.9845506238,42.61711643,927815170000,-7.962042797,-0.0510687723,0,5.429542175e-16,2.48,123.5407,90.09,25.87000084,26.64999962,88.40000153,23.69000053,28.37000084,124.8399963,-30,148,-0.20935,0.001267,537.51328,0.2328488,0.2335182,0.237249,0.232793,0.235021,0.2331835,0.2348591429,0.2363708571,0.235615,75.45,74.9,128.82,122.1,186.6285714,171.3571429,-3.730334164,0.06795363843,-0.0667967888,0.08000671855,0.214474,0.259114,0.199212,0.268522,0.1959928571,0.2701324286,0.2830065277,0.2129160611,0.07009046655,0.2845719545,0.2644740175,0.2021232233,0.06235079417,0.2688654861,0.2660349557,0.2360666375,0.02996831816,0.1195135849,0.8667989944,0.0006694,-0.1885182902,0.001773,0.08928,0.02607189694,0.009901621351,-0.0002130291337,0.009892207,-0.296365028,0.0006835,0.13862,-0.3181100605,-0.002552357143,0.1482791429,0.0301507056,-0.06055918583,88.40000153,1.950004578,0.092021961,0.01560691979,0.0301507056,-0.06055918583,0.06454038444,-0.0218397513,0.08162033717,0.1696012899,0.3248937527,-0.09346327248,-0.007847738208,1,0.007847738208,0.1634910972,0.110405399,1.480825201,0.05626331076,0.01540951336,0.7261179062,-0.001496211813,0.0462943705,0,1,0
2022-09-07,-0.3010178764,1.108825174,0.0001595411659,53.27548097,12.15038623,-33.34477188,42.42442962,0.01748675735,22.85671852,-56,0.2291480357,0.8040608653,34.01913708,928064550000,-5.879414457,-0.0214701863,0,6.375946324e-16,2.45,124.8457,82.5,24.63999939,26.10000038,88.26000214,24.04999924,27.71999931,133.1199951,-18,151,-0.19945,0.0013302,531.201,0.2241572,0.2256282,0.227305,0.230013,0.228659,0.2248927,0.227994,0.22884925,0.228421625,70.4,71.65,121.29,117.04,179.875,168.7333333,-3.555453188,0.06673597379,-0.06442554167,0.6285436802,0.208205,0.256251,0.197278,0.2576162,0.1941606667,0.262203,0.274533502,0.2318131875,0.04272031451,0.1691414799,0.2798599548,0.2052828459,0.07457710885,0.3099005522,0.2717200775,0.2255666428,0.04615343465,0.1861567606,0.9128035099,0.001471,-0.2068915032,0.003569,0.096092,0.01857191017,-0.001452415617,0.001296128402,-0.007499986772,-0.2652845431,0.0025544,0.1206764,-0.2981934729,-0.0002397916667,0.1360846667,0.05925328847,0.02910258287,88.26000214,-0.1399993896,0.02453223166,-0.06748972934,0.05925328847,0.02910258287,0.06206892369,-0.002471460754,0.08056985107,0.1937878331,0.2936671933,-0.03122655944,0.01817484867,0,0,0.1676930819,0.1283130002,1.306906405,0.05718935684,0.01504831001,0.7368686965,-0.0003612033435,0.01075079029,0,0,0
2022-09-14,-0.9151540302,1.013961262,0.0002434094986,5.093054687,-12.39820285,-11.13200376,42.20270008,0.02054372035,19.41761563,-56,0.2475286661,0.3597295613,41.64522448,939816230000,-2.751583542,-0.01478614541,0,7.520049848e-16,2.46,124.4593,88.88,26.15999985,27.45999908,93.58000183,27.28000069,28.65999985,125.3499985,-37,146,-0.18339,0.0012708,523.8417,0.2379806,0.2386744,0.24106,0.242938,0.241999,0.2383275,0.2383885,0.238969,0.23867875,75,74.05,128.29,121.63,187.25,172.225,-3.715651273,0.06637612424,-0.06826781294,0.7569898755,0.217569,0.270129,0.2072636,0.2698002,0.2035815,0.272264,0.1810851476,0.2800390437,-0.09895389611,-0.4359616859,0.263155972,0.2284769414,0.03467903068,0.1413116138,0.2582981136,0.2197203106,0.03857780305,0.1617589751,0.9586679731,0.0006938,-0.2155432255,0.00185,0.10512,0.01623284647,-0.01985835001,0.008690530822,-0.0023390637,-0.2621729001,0.0002044,0.1250732,-0.2886756311,-0.000756,0.137365,0.04969416073,-0.009559127746,93.58000183,5.319999695,-0.04105574821,-0.06558797986,0.04969416073,-0.009559127746,0.04369995641,-0.01836896728,0.0896288836,0.2128703237,0.2962946066,0.002627413291,0.003381289079,0,0,0.2296293233,0.1090677997,2.105381458,0.06297194245,0.01077022971,0.8289678022,-0.0042780803,0.09209910579,1,0,0
2022-09-21,-1.064393786,1.581528762,0.0002338112445,-1.325997413,11.70227898,-20.14897553,33.74369992,0.02130833984,20.78530111,-100,0.02808453381,-0.9925167356,38.66898141,923050220000,-3.423067732,-0.03663557519,0.01090652762,7.674992448e-16,2.38,125.7464,83.38,27.98999977,28.76000023,92.05000305,30.34000015,29.65999985,130.5399933,-51,147,-0.1545,0.0011845,511.02175,0.2613965,0.2613775,0.280181,0.270364,0.2752725,0.261387,0.2548365833,0.2556715,0.2552540417,84.9,78.05,140.075,127.675,195.125,174.1416667,-3.975429826,0.06741836261,-0.07486004917,0.1444008798,0.25216,0.290695,0.230114,0.2859525,0.22005075,0.28442475,0.2969443826,0.274533502,0.02241088056,0.07847155628,0.2747197924,0.2322095447,0.04251024768,0.1681114675,0.2607960363,0.2108064893,0.04998954692,0.212798031,0.8883744972,-1.9e-05,-0.141971613,-0.003845,0.07707,0.02442273606,0.0004063055314,0.02071524984,0.008189889596,-0.2164004058,-0.00335375,0.111677,-0.255211601,-0.003016291667,0.128748,0.02750984152,-0.02218431921,92.05000305,-1.529998779,-0.07745551647,-0.03639976826,0.02750984152,-0.02218431921,0.03129344963,-0.01240650678,0.09131769624,0.2258740762,0.2878942778,-0.008400328756,-0.0172646741,1,0.0172646741,0.2272509745,0.1114425558,2.039175904,0.06513674872,0.01121547606,0.8278164587,0.0004452463474,-0.00115134352,0,0,0
2022-09-28,-0.7378882239,2.113096421,0.0001882695912,14.40195713,12.14144827,-24.2434143,35.07233343,0.02231181493,27.540235,-84,0.1863704007,0.6317492406,25.75139725,908842320000,-9.52143709,-0.03189568213,0.006555450241,7.051893804e-16,2.33,128.0937,82.61,30.18000031,30.57999992,105.8300018,31.15999985,31.45000076,158.9900055,-35,167,-0.11641,0.001161,496.38494,0.274893,0.2752054,0.280629,0.279877,0.280253,0.2750492,0.2642275556,0.2644747778,0.2643511667,83.05,79.75,141.15,132.31,196.5944444,179.5111111,-4.063401209,0.06673562801,-0.07876410782,0.5979132854,0.253802,0.308917,0.2415218,0.3110024,0.2270773333,0.3032874444,0.2966208903,0.1810851476,0.1155357427,0.4934875103,0.27443625,0.2251612698,0.04927498019,0.1979020934,0.2589062085,0.2135118411,0.04539436744,0.192773574,0.8186217948,0.0003124,-0.1958881786,0.0011065,0.11023,0.04038564444,0.04574991332,0.02429423305,0.01596290838,-0.2515024681,0.0012129,0.1389612,-0.2873875276,0.0008312222222,0.1524202222,0.0132537977,-0.01425604382,105.8300018,13.77999878,-0.03145056313,0.04600495334,0.0132537977,-0.01425604382,0.02844999481,-0.002843454817,0.09830106857,0.2022971391,0.327018146,0.03912386824,0.01948114418,0,0,0.2021411693,0.1209432802,1.671371646,0.06989170783,0.01919411043,0.7253735669,0.007978634365,-0.1024428919,0,1,1
2022-10-05,-0.1679954681,-0.01863135775,0.0003347839194,12.19177597,-17.42524154,5.970096832,46.11244728,0.02333235814,28.67422629,-56,0.4425249843,0.439053227,33.46126539,904175230000,-2.990080912,0.01135662918,0,8.220782815e-16,2.22,126.863,88.22,28.54999924,29.43000031,92.79000092,28.80999947,30.62999916,152.0099945,-39,161,-0.07936,0.0012058,504.59018,0.2598108,0.261318,0.258688,0.261635,0.2601615,0.2605644,0.250813,0.251772,0.2512925,75.3,78.35,133.29,129.79,189.4,176.7,-3.913042783,0.06668686695,-0.07462494498,0.5233820445,0.234888,0.28648,0.2307794,0.2969616,0.217911,0.291246,0.29274065,0.2969443826,-0.004203732561,-0.01425779371,0.290144065,0.2616925587,0.02845150626,0.1032072007,0.2439289658,0.2311547777,0.01277418808,0.05378953957,1.004329673,0.0015072,-0.1979101134,0.0005225,0.103184,0.01302725034,-0.02049196025,0.009715389288,-0.0273583941,-0.250813183,0.0033061,0.1323644,-0.2880643888,0.003286,0.14667,0.03082315557,0.01756935788,92.79000092,-13.04000092,-0.009024652333,0.02242591079,0.03082315557,0.01756935788,0.04077468037,0.01232468555,0.1156032435,0.2111252501,0.3538205138,0.02680236774,-0.002019987559,1,0.002019987559,0.21703676,0.1732501609,1.252736268,0.09046168432,0.02197868902,0.7570386934,0.00278457859,0.03166512657,0,0,0
2022-10-12,1.042439476,0.7349034852,0.0002314858955,-13.03316167,-14.87669987,-3.309749431,34.54931168,0.02459102596,29.58344234,-84,0.1512764504,-0.8161297175,29.46707478,882873290000,-2.134313412,-0.02586183682,0,7.555332653e-16,2.29,128.1456,87.83,33.56999969,33.13000107,109.1900024,34.61000061,33.43999863,160.7200012,-37,171,-0.05566,0.00110975,483.03605,0.2945195,0.2951135,0.316134,0.31293,0.314532,0.2948165,0.2806922308,0.2813038462,0.2809980385,91.4,84.3,148.1875,137.0125,206.2307692,182.3884615,-4.238303501,0.06751914997,-0.08441035899,0.9170324257,0.292769,0.329647,0.26427375,0.3257185,0.2457731538,0.3166309231,0.2752525688,0.2966208903,-0.02136832155,-0.07476575179,0.2723410489,0.2508083791,0.02153266984,0.08236591959,0.2404137591,0.2277487503,0.01266500883,0.05411838636,0.8507270763,0.000594,-0.1184995244,-0.003324,0.073756,0.04978964494,0.01094642646,0.02709040435,0.03676239459,-0.2082900241,0.000179625,0.1228895,-0.2519817055,0.000204,0.1417155385,-0.01310689993,-0.04393005551,109.1900024,16.40000153,-0.03004914467,-0.02102449234,-0.01310689993,-0.04393005551,0.009357004184,-0.03141767618,0.0998089081,0.1890733151,0.3455003461,-0.008320167657,-0.00329619965,1,0.00329619965,0.188095004,0.1582198363,1.188820621,0.0868725985,0.02396775549,0.7241045404,0.001989066471,-0.03293415299,0,0,0
2022-10-19,0.5707930139,-0.9603586596,0.000339651017,3.446312333,-7.074615329,16.63877686,46.73914242,0.02572399334,30.63551771,-84,0.5862690828,-0.07685288252,51.23239009,888264660000,0.45481308,0.0072254926,0,8.830980449e-16,2.42,128.3992,86,30.76000023,31.35000038,90.69000244,28.67000008,32.13000107,147.7299957,-41,170,-0.05373,0.001146,504.01085,0.2735675,0.27457,0.285005,0.285754,0.2853795,0.27406875,0.2689605385,0.2692988462,0.2691296923,83.85,80.8,140.4,136.15,204.3615385,181.4038462,-4.111119751,0.06819878571,-0.07848398176,0.1975117905,0.267124,0.302586,0.2502815,0.3019825,0.2389203077,0.3022205385,0.2588561377,0.29274065,-0.03388451233,-0.1230146091,0.2600208893,0.2798599548,-0.0198390655,-0.07352734539,0.2234653485,0.2444351265,-0.02096977805,-0.08969358088,1.021130482,0.0010025,-0.1244914079,-0.0005245,0.070924,0.01629616713,-0.004255629144,0.01268226021,-0.03349347781,-0.1872329176,0.00206325,0.103402,-0.2339510359,0.001440730769,0.1266004615,0.01918075904,0.03228765898,90.69000244,-18.5,0.0728985053,0.10294765,0.01918075904,0.03228765898,0.02488040437,0.01552340019,0.1441430826,0.2553684877,0.360798268,0.01529792188,-0.00669445524,1,0.00669445524,0.1884360545,0.2072636018,0.9091613426,0.1032537869,0.02493219265,0.7585348355,0.0009644371601,0.03443029504,1,0,0
2022-10-26,-0.002440714641,-1.350898868,0.0003490335837,14.03775106,6.768151537,34.60801636,55.52475975,0.02351328222,24.8773974,-64,0.9008715206,-0.7896247822,59.9046294,893619800000,6.040605017,0.03714114988,0.002607319278,9.026739021e-16,2.44,126.481,89.39,27.28000069,28.45999908,80.41999817,29.31999969,29.95999908,140.1999969,-35,167,-0.0744,0.0011996,519.57112,0.2534262,0.2544194,0.275803,0.277027,0.276415,0.2539228,0.250816,0.2517088571,0.2512624286,84.1,81.2,136.04,128.13,201.5214286,175.45,-3.926516476,0.06781850363,-0.07272656797,0.02147353152,0.260464,0.290473,0.2349366,0.2756292,0.2239042857,0.2800512857,0.2454563858,0.2752525688,-0.02979618301,-0.1145698314,0.2567102573,0.263155972,-0.00644571479,-0.02479886077,0.221361525,0.2443378748,-0.02297634972,-0.09875477518,1.036362123,0.0009932,-0.1089380455,-0.0009465,0.060018,0.005168778124,0.000641275613,0.003431810971,-0.011127389,-0.1594019811,0.0013601,0.0813852,-0.222825198,0.0007153571429,0.112294,0.04325507215,0.0240743131,80.41999817,-10.27000427,-0.06957704739,-0.1424755527,0.04325507215,0.0240743131,0.05270555335,0.02782514897,0.1409818377,0.2649602395,0.3472954532,-0.01350281479,-0.007415140399,1,0.007415140399,0.1757156789,0.2239247881,0.7847084746,0.09852708898,0.02927602336,0.7028632058,0.00434383071,-0.05567162964,0,0,0
2022-11-02,0.2624158679,-0.7156334268,0.0002577069945,-1.913978682,19.1084291,20.65600011,48.47762427,0.02219996915,20.12525064,52,0.5724256029,-0.9851206586,64.72568073,879191060000,2.222433457,-0.004368768807,0.01076051738,8.332230272e-16,2.53,127.3138,90.06,25.86000061,27.21999931,80.93000031,29.37000084,28.71999931,141.1699982,-51,162,-0.10726,0.0012362,505.43726,0.2532212,0.2528854,0.268574,0.266131,0.2673525,0.2530533,0.245247,0.245567,0.245407,81,76,134.31,123.21,196.9,167.4,-3.806624006,0.0672179435,-0.07247801597,0.4749715655,0.256377,0.275576,0.232347,0.2746996,0.217441,0.271896,0.3324494683,0.2588561377,0.07359333062,0.2502154191,0.2502760436,0.2747197924,-0.02444374882,-0.09318715844,0.212424838,0.253028663,-0.04060382498,-0.1749145524,1.085620272,-0.0003358,-0.0721830688,-0.001376,0.038398,-0.008597001177,0.004470859246,-0.003798908647,-0.0137657793,-0.1670560457,0.00047,0.0847052,-0.2225664522,-0.0007385,0.10891,0.05259082254,0.009335750395,80.93000031,0.5100021362,-0.1195097082,-0.04993266077,0.05259082254,0.009335750395,0.0551065407,0.002400987353,0.1258348883,0.2745745491,0.3142655406,-0.03302991259,-0.02531984374,1,0.02531984374,0.1778785905,0.1947728116,0.913261913,0.09972422117,0.02425325683,0.7567967285,-0.005022766524,0.05393352268,0,0,0
2022-11-09,-0.07463403591,-0.9246033375,0.0002497587113,-5.051151892,4.168283644,3.09347855,47.67267628,0.02016692544,16.58405844,52,0.4454655272,-0.8823979777,64.96079364,884270200000,-1.284320561,-0.01525858227,0.01058730587,8.258057926e-16,2.42,125.9926,85.79,26.09000015,27.90999985,90.11000061,28.89999962,29.26000023,124.4000015,-49,160,-0.14232,0.0012244,508.68032,0.2537942,0.2547226,0.258151,0.259308,0.2587295,0.2542584,0.2467579231,0.2474456154,0.2471017692,76.45,75,133.72,125.26,194.8230769,169.0576923,-3.849292984,0.0678499161,-0.07282249999,0.6557433919,0.244969,0.270009,0.2338226,0.2780264,0.2207129231,0.2735055385,0.2950440764,0.2454563858,0.04958769063,0.18400548,0.2470715833,0.27443625,-0.02736466669,-0.105040888,0.209429229,0.2522996682,-0.04287043924,-0.1862316675,1.07935962,0.0009284,-0.09724687268,-0.0012405,0.05008,-0.007246444491,0.006692116864,-0.00259583823,0.001350556686,-0.1727220333,0.0016661,0.0884076,-0.2136408066,7.461538462e-06,0.1055852308,0.06975851607,0.01716769353,90.11000061,9.180000305,-0.09723181671,0.02227789144,0.06975851607,0.01716769353,0.04836977387,-0.006736766824,0.1303640163,0.2698020422,0.3257747965,0.01150925587,-0.02099678471,1,0.02099678471,0.1604153205,0.2044213162,0.7847289287,0.09330667403,0.01799141875,0.8071797229,-0.006261838085,0.05038299432,0,0,0
2022-11-16,1.046682985,2.084033004,0.0003351042208,-21.79748182,-25.01541308,21.56471996,58.40812946,0.02033630201,18.98057149,92,0.8182645044,-0.6904381793,59.58152809,891932830000,2.242006907,0.02352998986,0.01350029243,7.526036095e-16,2.29,123.2964,85.62,24.11000061,26.03000069,81.37999725,19.67000008,28.05999947,130.8300018,-68,148,-0.16764,0.001318,546.0886,0.219254,0.219169,0.195556,0.193865,0.1947105,0.2192115,0.2274888462,0.2277211538,0.227605,64.75,59.9,128.05,112.15,192.3653846,160.1692308,-3.562764915,0.06897165548,-0.06280043193,0.5240657263,0.179608,0.210679,0.195124,0.243854,0.1962818462,0.2573881538,0.1962914288,0.3324494683,-0.1361580395,-0.5268874371,0.1896682848,0.290144065,-0.1004757802,-0.4251008984,0.1776441966,0.2762383214,-0.09859412479,-0.4414813222,1.323580492,-8.5e-05,-0.159221291,0.000433,0.062142,-0.02605436551,-0.07261047015,-0.02450357416,-0.01880792102,-0.2220156819,0.0002775,0.09746,-0.2693865924,-0.00077,0.1222126154,0.07963500737,0.009876491303,81.37999725,-8.730003357,0.2257244798,0.3229562965,0.07963500737,0.009876491303,0.0779868892,0.02961711532,0.135905408,0.2131834355,0.3893146702,0.06353987367,-0.008286283112,1,0.008286283112,0.1407943214,0.2489304429,0.5655970388,0.09703273761,0.01284915916,0.8675791339,-0.00514225959,0.06039941102,1,0,0
2022-11-23,1.432849738,3.744108161,0.000304417507,-33.3594569,-4.330400183,12.61201098,62.10962315,0.01676130788,20.19798285,92,0.8609431331,0.6287017212,66.31941243,895235430000,5.791214619,0.0292762778,0.01388580394,6.730514157e-16,2.32,123.7739,77.93,20.35000038,23.37999916,81.72000122,16.90999985,26.10000038,136.1999969,-75,142,-0.17992,0.001463,573.0702,0.187536,0.18839,0.157195,0.160225,0.15871,0.187963,0.207954,0.2085773333,0.2082656667,54.6,48.8,117.4,99.15,181.6333333,147.6833333,-3.205833155,0.07114889528,-0.05385862486,0.8706827309,0.143099,0.174752,0.166039,0.210948,0.1770393333,0.2364523333,0.2223671936,0.2950440764,-0.07267688279,-0.282794716,0.1998719889,0.2723410489,-0.07246906005,-0.3093780312,0.1821567709,0.2665692681,-0.08441249728,-0.3807664331,1.448907758,0.000854,-0.1991687929,0.0002155,0.063306,-0.03275739537,-0.06186214291,-0.02768458681,-0.006703029863,-0.2382522474,0.0005305,0.089818,-0.287372176,-0.001519833333,0.118826,0.1488942861,0.06925927875,81.72000122,0.3400039673,0.2034299565,-0.02229452322,0.1488942861,0.06925927875,0.1163388075,0.03835191826,0.1377075553,0.1866255221,0.4245868366,0.0352721664,0.005897266042,0,0,0.1365237639,0.2302498763,0.5929374042,0.08685885888,0.01268921195,0.8539099855,-0.0001599472066,-0.01366914835,0,0,0
2022-11-30,1.576679944,5.118785048,0.0002818372539,-13.29791437,24.12109014,5.980832631,63.4585679,0.01602775852,20.04400257,72,0.8840103069,1,60.29322255,892946860000,2.183363527,0.02613547322,0.01192221489,6.726507096e-16,2.34,123.5276,80.48,20.57999992,23.53000069,81.79000092,18.87000084,26.20000076,127.2699966,-70,142,-0.18179,0.001418,562.5036,0.197728,0.200624,0.20754,0.219814,0.213677,0.199176,0.206058,0.208192,0.207125,64.65,71.35,115.95,108.45,177.4,155.4,-3.334440983,0.06893240623,-0.05706783252,0.8222438077,0.195631,0.234433,0.178493,0.224924,0.176422,0.238739,0.158330741,0.2037291157,-0.04539837465,-0.2521051043,0.1783987832,0.2613908081,-0.08299202497,-0.3819952373,0.1694009007,0.2741348838,-0.1047339831,-0.4813521628,1.312360968,0.002896,-0.1804475613,0.001355,0.077604,-0.02597151489,0.004152307754,-0.03224916887,0.006785880485,-0.2301886138,0.0025325,0.092862,-0.3002064259,0.0004555,0.124634,0.1433430891,-0.005551197008,81.79000092,0.06999969482,0.09061997925,-0.1128099773,0.1433430891,-0.005551197008,0.1134721631,-0.00286664433,0.1367629334,0.1950553319,0.4121621614,-0.01242467519,0.03047864352,0,0,0.1426076903,0.2392956209,0.5959477644,0.07789826265,0.009573108076,0.8771075535,-0.003116103874,0.02319756796,0,1,0
2022-12-07,1.646957569,3.955420672,0.000303684311,14.14982101,-8.952660439,-11.52145855,49.3576016,0.01438387521,17.59913993,76,0.3421276272,-0.3556923938,43.28068729,871639860000,-0.7923700192,-0.01479843913,0.01172684302,6.014593716e-16,2.26,122.7716,71.93,22.68000031,25.18000031,87.18000031,28.06999969,27.07999992,131.1000061,-84,140,-0.18156,0.001304,560.3759,0.215713,0.216474,0.238283,0.239981,0.239132,0.2160935,0.2246876154,0.2256919231,0.2251897692,74.85,72.05,129.4,113.6,188.3346154,159.3076923,-3.603975879,0.0712236014,-0.0619084482,0.2086956522,0.217539,0.252855,0.186731,0.238777,0.1893513077,0.254633,0.2004160995,0.2206801107,-0.02026401123,-0.09631848734,0.1846952053,0.2571875905,-0.0724923852,-0.3310988153,0.170001423,0.2579364381,-0.0879350151,-0.4169063829,1.190168101,0.000761,-0.1501549765,-0.003935,0.070632,-0.01470721533,0.008484402158,-0.01582077395,0.01126429956,-0.2446299482,-0.0033395,0.104092,-0.2940720705,-0.003197615385,0.1305633846,0.1102292754,-0.0331138137,87.18000031,5.38999939,-0.1920199305,-0.2826399097,0.1102292754,-0.0331138137,0.07545669561,-0.03801546752,0.1335517675,0.1873360202,0.4161946096,0.004032448174,-0.001864107253,1,0.001864107253,0.1328979776,0.2311076974,0.57504782,0.07250834852,0.006362891808,0.9122460801,-0.003210216268,0.03513852661,0,0,0
2022-12-14,0.6621390887,1.267522288,0.0001313759741,10.38774059,-34.58357442,-8.640226121,54.05860083,0.01630586871,16.0192046,92,0.5275770537,-0.3265207163,44.64352884,876269650000,0.7916398184,-0.000919347079,0,4.817342316e-16,2.19,121.8391,77.14,21.13999939,23.45999908,88.34999847,20.20000076,25.78000069,120.2600021,-74,137,-0.18586,0.001426,568.4008,0.193944,0.19276,0.183421,0.17226,0.1778405,0.193352,0.2107177692,0.2115279231,0.2111228462,62.65,52.3,121.6,99.6,182.6461538,147.4269231,-3.270875937,0.07113332599,-0.05540105822,0.06298003072,0.170055,0.182301,0.170048,0.213796,0.179055,0.2390529231,0.2133286363,0.158330741,0.05499789527,0.2981477273,0.1825297614,0.2503492687,-0.06781950736,-0.3159437821,0.1752274305,0.2580104836,-0.08278305307,-0.3869154851,1.294784997,-0.001184,-0.06950924633,-0.0016625,0.024492,-0.01798479893,0.006558619886,-0.02199655346,-0.003277583598,-0.22794677,-0.00143,0.087496,-0.2869973027,-0.002068884615,0.1199958462,0.1097445488,-0.0004847266045,88.34999847,1.169998169,0.04653458372,0.2385545142,0.1097445488,-0.0004847266045,0.09889180276,0.02343510715,0.09637365021,0.1657883622,0.3676110406,-0.04858356891,-0.006071116624,1,0.006071116624,0.1106430353,0.1364717574,0.8107394339,0.07135192309,0.008677166744,0.8783891678,0.002314274936,-0.03385691227,1,0,0
2022-12-21,0.560743504,0.9639077887,0.0001649317151,1.397898388,5.167463652,-23.42121711,45.90365283,0.01745014034,13.44570345,-20,0.2292736641,0.5477802786,27.29466854,868073050000,-3.01087675,-0.01519600591,0,5.501656277e-16,2.27,122.2965,78.17,20.06999969,23.35000038,77.63999939,17.57999992,25.73999977,115,-53,140,-0.19812,0.001428,552.4341,0.199767,0.201411,0.172382,0.175203,0.1737925,0.200589,0.2139322,0.2154102,0.2146712,57.85,54.7,117.8,104.5,174.82,149.62,-3.297982253,0.07121859562,-0.05747219362,4.19,0.163981,0.186222,0.177924,0.219909,0.1839842,0.239821,0.2010210152,0.2004160995,0.0006049157466,0.003013753249,0.1706764,0.2511047553,-0.08042835528,-0.3861008378,0.1710570543,0.2598834439,-0.08882638956,-0.4182360859,1.251837116,0.001644,-0.1270177583,0.001309,0.044482,-0.02277310934,-0.009962779879,-0.02145568029,-0.004788310418,-0.2110684634,-0.0016725,0.08397,-0.2635021939,-0.0027686,0.1116736,0.1634280387,0.05368348988,77.63999939,-10.70999908,0.1416382129,0.09510362913,0.1634280387,0.05368348988,0.1023554326,0.003463629816,0.09304938757,0.1798250604,0.3409970713,-0.02661396939,0.01475854867,0,0,0.1473188544,0.1371353769,1.074258574,0.06953877272,0.006485174602,0.9067401631,-0.002191992143,0.02835099528,0,0,0
2022-12-28,0.6161419365,0.9593037692,0.0001658687988,-7.30974302,-13.48075546,-20.00126263,39.07198981,0.01797694167,14.3091294,-28,0.1094200701,-0.9277482975,39.35635551,860821560000,-3.842026358,-0.029110173,0,6.099748203e-16,2.28,122.02,78.89,22.13999939,24.57999992,79.90000153,20.87999916,26.44000053,120.0699997,-43,140,-0.21445,0.001368,520.774,0.220659,0.221611,0.230342,0.230695,0.2305185,0.221135,0.2278586,0.229483,0.2286708,72.55,68.45,124.8,106.6,180.79,154.8,-3.427421384,0.06882681948,-0.06335067077,0.04647478215,0.213789,0.242422,0.197807,0.238027,0.1952944,0.2518576,0.1669818292,0.1779397013,-0.01095787207,-0.06355973668,0.1674585173,0.1849878913,-0.01752937393,-0.09955470742,0.1695907899,0.249256213,-0.07966542311,-0.3850929184,0.8365382742,0.000952,-0.1255252504,-0.002413,0.057266,0.01479743738,0.02147624155,-0.009838324933,0.03757054672,-0.1845656833,-0.003218,0.08044,-0.2529931656,-0.0050948,0.1131264,0.1102077959,-0.05322024279,79.90000153,2.260002136,0.06034484097,-0.08129337188,0.1102077959,-0.05322024279,0.07567130253,-0.02668413005,0.09419800486,0.1833470026,0.3393972232,-0.001599848035,-0.01209347044,1,0.01209347044,0.1527668206,0.1371103784,1.1141886,0.0427619605,0.008541440586,0.8002561041,0.002056265985,-0.106484059,0,1,1
2023-01-04,0.1731539342,-0.5806214708,0.0001329974972,-10.25928831,2.651439186,-6.151387544,46.98892477,0.01791938354,14.07392764,-28,0.3840638747,0.2963938248,37.75817169,861300310000,-1.098120498,-0.0004924902694,0,6.160496724e-16,2.22,121.5108,72.82,22.01000023,23.80999947,76.65000153,23.92000008,25.54999924,125.7799988,-67,140,-0.23389,0.0014406,517.58856,0.211838,0.214063,0.207948,0.21336,0.210654,0.2129505,0.216135,0.218169,0.217152,65.4,65.75,114.9,106.94,171.75,150.45,-3.280379245,0.06716747859,-0.06100925732,0.3200506475,0.194468,0.223679,0.188787,0.232683,0.186371,0.244078,0.1824264601,0.1674222845,0.01500417561,0.08582786302,0.1682605278,0.1906755867,-0.02241505892,-0.1250599462,0.1700063131,0.2361387353,-0.06613242217,-0.3285839214,0.8953986335,0.002225,-0.1397164155,-0.0015805,0.058422,0.01208683164,0.01634488636,-0.008606511184,-0.002710605739,-0.2082995231,-0.0022155,0.087792,-0.2681246791,-0.0019275,0.115414,0.08178097312,-0.02842682279,76.65000153,-3.25,-0.07984949169,-0.1401943327,0.08178097312,-0.02842682279,0.07307853046,-0.002592772072,0.09314992555,0.1415769776,0.3968438398,0.05744661655,0.007510694562,0,0,0.1395931907,0.1076149571,1.297154173,0.04495747019,0.008600290821,0.8087016288,5.885023429e-05,0.008445524664,0,0,0
2023-01-11,0.04931053189,-0.4339781016,0.0001493034055,-2.197621473,3.161855726,13.4877312,58.15900952,0.01618528416,13.7846793,-28,0.8982916254,0.9778492361,65.57482701,865173040000,3.851522712,0.02918913752,0.005111253331,6.519696044e-16,2.23,120.1445,77.46,21.09000015,22.73999977,78.94000244,22.40999985,24.19000053,115.1699982,-66,134,-0.25095,0.001461,547.0598,0.197093,0.199687,0.198281,0.201548,0.1999145,0.19839,0.2014256429,0.2034986429,0.2024621429,63.2,65.1,114.65,103,168.2928571,141.9214286,-3.230095051,0.06890598825,-0.05684289681,0.01867886321,0.182016,0.214875,0.177588,0.221024,0.173015,0.2314245,0.1587228785,0.1882585179,-0.02953563934,-0.170656334,0.1631593768,0.2000568651,-0.03689748836,-0.2038741571,0.1602917438,0.2306325883,-0.07034084453,-0.363830364,1.008401961,0.002594,-0.165581986,-0.001469,0.065718,0.004456061357,0.004524537766,-0.0122004715,-0.007630770283,-0.2179362387,0.000916,0.086872,-0.288841718,-0.0002423928571,0.116819,0.07823611221,-0.003544860905,78.94000244,2.290000916,-0.05890226255,0.02094722914,0.07823611221,-0.003544860905,0.06376432619,-0.009314204267,0.0946941109,0.1538029559,0.3810673185,-0.01577652124,0.01276757119,0,0,0.1335762165,0.1320232798,1.011762597,0.04848734677,0.008464597486,0.8254266721,-0.0001356933344,0.01672504333,0,0,0
2023-01-18,0.365103223,-0.5604169253,0.0001098638453,-2.554080733,2.282788057,15.15513919,52.04411362,0.01581682869,16.17107673,-28,0.6973474775,-0.948155211,67.12613932,865018730000,2.067401631,0.007527272853,0.009723436783,6.011346541e-16,2.12,119.08,79.53,20.34000015,22.27000046,85.33000183,17.23999977,24,112.6100006,-69,129,-0.26577,0.00163,535.3451,0.180687,0.1839813333,0.173526,0.178505,0.1760155,0.1823341667,0.1938252857,0.1955753571,0.1947003214,54.9,53.1,102.7,93.03333333,159.0821429,133.9464286,-2.905110199,0.06812982646,-0.0522473952,0.08898116793,0.159962,0.191801,0.1593043333,0.2073036667,0.1626468571,0.2248838571,0.1629046093,0.1775814557,-0.01467684646,-0.08626459887,0.1582218859,0.1836132304,-0.02539134452,-0.1488331477,0.1589116637,0.225359417,-0.0664477533,-0.3493480629,1.007014943,0.003294333333,-0.1810252926,-0.000134,0.063678,0.007657742238,-0.0005537171766,-0.01287865169,0.003201680881,-0.2618564425,0.0009698333333,0.09599866667,-0.3211977668,-0.0009349642857,0.124474,0.09488693661,0.0166508244,85.33000183,6.38999939,0.1798144097,0.2387166722,0.09488693661,0.0166508244,0.07768295944,0.01391863325,0.05880621626,0.1509036238,0.2804170574,-0.1006502611,-0.01568496698,1,0.01568496698,0.104518606,0.1308145407,0.7989830901,0.04480716674,0.01109334835,0.7524202229,0.002628750868,-0.07300644925,1,0,0
2023-01-25,0.2160648717,-0.6166239999,0.0001133779259,-1.259798595,10.14936792,13.15440138,59.42958001,0.01472119382,15.91612303,76,0.8354184158,0.9055162835,59.09517881,861941350000,3.110074508,0.01803921203,0.005142696877,5.670011032e-16,2.29,118.995,79.78,19.07999992,20.94000053,80.73999786,22.01000023,22.52000046,107.7399979,-65,128,-0.27715,0.0017054,544.89258,0.1701444,0.173907,0.185785,0.190459,0.188122,0.1720257,0.177178,0.179808,0.178493,61,57,97.25,90.56,152.6,123.55,-2.789747842,0.06783649551,-0.04929625424,0.02678146562,0.171746,0.204945,0.1508208,0.1994696,0.152006,0.20929,0.1835361027,0.1617882923,0.02174781034,0.1261227499,0.1654800113,0.1821268881,-0.01664687684,-0.09585322186,0.1523718205,0.2208978619,-0.06852604134,-0.3713767097,1.058719064,0.0037626,-0.176266489,0.0002235,0.066398,0.003234436327,0.00921443535,-0.01693611433,-0.004423305911,-0.2777626792,0.0031195,0.0972976,-0.3171028741,0.002155,0.114568,0.09748430911,0.002597372496,80.73999786,-4.590003967,-0.133121321,-0.3129357306,0.09748430911,0.002597372496,0.07545367161,-0.002229287833,0.06458063138,0.1532983052,0.2964060335,0.0159889761,-0.0001817415735,1,0.0001817415735,0.08927525457,0.1417978647,0.6295951972,0.04228596252,0.009115759137,0.7844258805,-0.001977589217,0.03200565763,0,0,0
2023-02-01,-0.0002406915708,-0.5587402214,0.0001105290981,10.45576673,6.448846504,14.32434401,65.16681222,0.01466161479,18.22911883,92,0.9587483195,0.4677374604,66.65822771,875392950000,3.003680097,0.02794930344,0.003750593575,5.485777798e-16,2.25,118.6396,76.34,17.87000084,19.96999931,81.19999695,18.55999947,21.64999962,97.33000183,-70,125,-0.28914,0.0017186,558.27304,0.1644738,0.1687,0.173337,0.181657,0.177497,0.1665869,0.167418,0.169833,0.1686255,57.1,57.05,98.43,88.23,148.3,120,-2.767886163,0.06776457622,-0.04773902374,0.5174202401,0.160834,0.19855,0.1465036,0.1945454,0.142078,0.200116,0.155696996,0.1629046093,-0.00720761323,-0.0452530249,0.1704419897,0.1682404268,0.00220156286,0.01300093399,0.1539061672,0.2117134112,-0.05780724396,-0.3188904131,1.009925912,0.0042262,-0.2098924827,0.002195,0.075432,0.003628851779,0.00496727329,-0.01638800921,0.0003944154517,-0.2817296048,0.0039376,0.0960836,-0.3392110908,0.0024715,0.116076,0.117515298,0.0200309889,81.19999695,0.4599990845,-0.03717665122,0.09594466976,0.117515298,0.0200309889,0.08412620746,0.008672535853,0.06260308334,0.1471414115,0.2984730702,0.00206703669,0.0103980563,0,0,0.08822016945,0.1481352455,0.5955380108,0.03973183963,0.01142699841,0.7123969463,0.00231123927,-0.07202893423,0,0,0
2023-02-08,-0.3771063696,-0.9522405904,0.000102958523,1.635771822,-10.64284315,8.859806246,58.91808279,0.01537102854,22.39660338,84,0.7482029324,-0.725988609,59.76624258,872534600000,2.439165116,0.01041715538,0,5.31959106e-16,2.34,120.139,78.47,19.62999916,21.81999969,94.83000183,21,23.13999939,100.75,-82,120,-0.29789,0.0015294,558.33578,0.184976,0.1870324,0.180405,0.182161,0.181283,0.1860042,0.1824486667,0.1839026667,0.1831756667,62.05,58.65,110.42,98,160.6333333,129.9333333,-3.090857146,0.0677944102,-0.053297944,0.3653989345,0.165717,0.199658,0.1619968,0.2168794,0.1549276667,0.2150283333,0.1484207733,0.1835361027,-0.03511532939,-0.2123600904,0.1702694773,0.1706794764,-0.0004099991834,-0.002405048478,0.1529339227,0.1788548961,-0.02592097338,-0.1565688904,0.9176108736,0.0020564,-0.1857872049,0.0014045,0.067882,0.009402203025,-0.0008219748945,0.001564250998,0.005773351246,-0.2897125763,0.0034339,0.1097652,-0.3249071061,0.001802333333,0.1202013333,0.1115639647,-0.005951333282,94.83000183,13.63000488,-0.0652381352,-0.02806148399,0.1115639647,-0.005951333282,0.06049494561,-0.02363126184,0.07572104493,0.1405798288,0.350072765,0.05159969475,-0.01114257301,1,0.01114257301,0.09723131666,0.1376295204,0.706471376,0.04026063804,0.01112915436,0.7235723301,-0.0002978440438,0.01117538382,0,0,0
2023-02-15,-0.05856244659,-1.411021469,0.0001165712093,-14.09334879,-21.40669307,-0.7714499636,60.57409043,0.01494720526,23.23620474,64,0.7496824784,0.9768970325,58.53310152,875751320000,3.231396459,0.00876941352,0.002047593971,5.013405991e-16,2.35,120.4926,78.57,18.22999954,20.68000031,84.80999756,16.02000046,22.20999908,108.6399994,-81,123,-0.29878,0.0016686,562.35138,0.1682114,0.171332,0.143964,0.150724,0.147344,0.1697717,0.1722993333,0.1742473333,0.1732733333,49.75,49.05,101.05,90.42,152.45,123.85,-2.84140922,0.06779238355,-0.04865090756,0.4476533807,0.132905,0.168891,0.147797,0.19832,0.145842,0.203841,0.1375721267,0.155696996,-0.01812486933,-0.1237634479,0.1725194123,0.1620552195,0.01046419276,0.06257262668,0.1504810162,0.1775033263,-0.02702231013,-0.1651524106,0.954547899,0.0031206,-0.2384789726,0.003554,0.071972,0.006971394148,-0.002531300238,-0.001483782805,-0.002430808877,-0.2919417422,0.0032868,0.101046,-0.3317233037,0.001568166667,0.115998,0.1343939015,0.02282993677,84.80999756,-10.02000427,0.1379524982,0.2031906334,0.1343939015,0.02282993677,0.07398446599,0.01348952038,0.0765356599,0.1312645368,0.3683137028,0.01824093777,0.002769337533,0,0,0.08540576257,0.1353918198,0.6308044509,0.03850855537,0.01224666119,0.6819755748,0.001117506824,-0.0415967553,1,0,0
2023-02-22,-0.1198614057,-1.023339309,0.0001099621069,-20.35013299,-11.75248484,-20.2199093,43.29206502,0.01469736183,19.93352149,40,0.0279551827,-0.3007130533,36.76604434,859361270000,-3.515789568,-0.02805323377,0,4.920592503e-16,2.41,120.8969,73.95,22.29000092,22.68000031,91.23999786,19.20000076,24.05999947,118.2099991,-73,128,-0.28563,0.001498333333,533.479,0.1980936667,0.200499,0.181891,0.188458,0.1851745,0.1992963333,0.1972358,0.1985586,0.1978972,59.05,56.35,113.25,100.0333333,165.38,135.935,-3.164297875,0.06683441701,-0.05710226896,0.7116086893,0.162996,0.206937,0.167887,0.230242,0.1630594,0.2291842,0.1435570068,0.1468699381,-0.003312931294,-0.02281520402,0.1635522541,0.164504728,-0.0009524738915,-0.005806775162,0.145155091,0.1821567709,-0.03700167985,-0.2270649306,0.8254277701,0.002405333333,-0.2375619369,-0.000208,0.087882,0.02262260854,0.01271881674,0.005982212594,0.01565121439,-0.3132401809,-0.0002318333333,0.12471,-0.3371619065,-0.0017754,0.1322496,0.01749660716,-0.1168972943,91.23999786,6.430000305,0.1609375016,0.02298500334,0.01749660716,-0.1168972943,0.06084652302,-0.01313794297,0.07922513041,0.1367970167,0.3667454076,-0.001568295118,-0.001574795486,1,0.001574795486,0.1194495373,0.110215245,1.083784165,0.03924237325,0.01218056771,0.6896067516,-6.60934786e-05,0.007631176789,0,0,0
2023-03-01,-0.04387199684,-0.8678947333,0.0001025676455,-27.25357288,-5.70250296,-22.69875971,40.29223159,0.01337613327,15.06381808,-72,0.07752461162,-0.2448060243,34.04271643,853980580000,-3.399863822,-0.02301081176,0,4.499325737e-16,2.44,120.6971,77.57,20.57999992,21.36000061,80.55000305,19.59000015,23.09000015,121.0800018,-88,129,-0.25307,0.0015424,533.7279,0.191425,0.1930862,0.197014,0.200954,0.198984,0.1922556,0.1906141429,0.1922964286,0.1914552857,63.7,59.1,111.25,95,162.1714286,129.5714286,-3.053933859,0.06753672758,-0.05508725957,0.5125366833,0.179559,0.212183,0.1662772,0.2148548,0.1605727143,0.2167231429,0.198527551,0.1279713795,0.07055617158,0.4391212457,0.1626685922,0.1633441709,-0.0006755786837,-0.004144498175,0.1463263807,0.1696307825,-0.02330440183,-0.1477845967,0.8496198335,0.0016612,-0.1665586023,-0.003113,0.065248,0.01567232153,0.02321795829,0.007880524054,-0.006950287012,-0.2549122089,-0.0016896,0.0971552,-0.2976466744,-0.002807357143,0.1123008571,0.03790090814,0.02040430098,80.55000305,-10.68999481,0.05053597567,-0.1104015259,0.03790090814,0.02040430098,0.08099248562,0.02014596259,0.08587206503,0.1213303094,0.4144357191,0.04769031142,-0.004736464203,1,0.004736464203,0.118042121,0.0914942509,1.290158888,0.03960170271,0.01292038455,0.6737416912,0.0007398168401,-0.01586506033,0,0,0
2023-03-08,-0.06438315951,-0.5385435266,9.481286095e-05,-7.165812489,-2.991833637,-7.123602721,46.22525303,0.0129963232,12.52496328,-76,0.3078034173,0.4518806455,35.22096856,865924150000,-2.134791737,-0.004104626412,0,4.396805143e-16,2.32,121.5222,76.56,19.11000061,20.19000053,74.66999817,20.56999969,21.84000015,129.7599945,-107,127,-0.2077,0.0016508,535.16676,0.1779532,0.1786464,0.196414,0.201165,0.1987895,0.1782998,0.1775871667,0.1794045,0.1784958333,64.5,59.45,105.19,87.53,155.7166667,120.8333333,-2.839884711,0.0670297369,-0.05109248218,0.4059738706,0.179294,0.217649,0.15615,0.1991156,0.1517348333,0.2019306667,0.224810786,0.1435570068,0.08125377924,0.4485268813,0.149782694,0.1567503143,-0.006967620288,-0.04546864749,0.1451107168,0.1693493001,-0.02423858333,-0.1544664314,0.8791390361,0.0006932,-0.1932519279,-0.000318,0.07671,0.0119485513,0.01890865111,0.003181577066,-0.003723770233,-0.2418787521,-0.000667,0.0859312,-0.2838605028,-0.001663083333,0.1003916667,0.05651490786,0.01861399972,74.66999817,-5.880004883,-0.07097710774,-0.1215130834,0.05651490786,0.01861399972,0.0817236045,0.0007311188834,0.07253820339,0.1262951018,0.3648191801,-0.04961653894,0.001413794136,0,0,0.1228689872,0.07904308698,1.554455828,0.0387494745,0.01417881346,0.6340901743,0.00125842891,-0.03965151694,0,0,0
2023-03-15,0.04837950068,-0.4060575694,0.0001068002126,56.55103478,2.447717815,-14.48678639,40.18655873,0.01647915261,16.21898357,-92,0.1817757351,0.9168126629,33.60914002,848474540000,-2.267820594,-0.01403627086,0,4.737307694e-16,2.29,122.1149,67.38,26.13999939,27.20000076,122.75,29.30999947,27.79999924,169.6499939,-42,164,-0.15878,0.001368,527.11352,0.2184924,0.2213704,0.246761,0.253351,0.250056,0.2199314,0.218503,0.2207524167,0.2196277083,76.9,74.95,122.97,109.32,177.7083333,150.8083333,-3.450262334,0.0677187822,-0.06300636991,0.3886509748,0.209535,0.290592,0.1823574,0.2596584,0.1774065833,0.2599010833,0.1735472847,0.198527551,-0.02498026638,-0.1344777903,0.1405057391,0.1647726213,-0.02426688226,-0.1593181356,0.1313144977,0.1681576034,-0.03684310566,-0.2473064631,0.7492000747,0.002878,-0.324145667,7.5e-06,0.162114,0.04117994007,0.02311481461,0.0199593507,0.02923138878,-0.3497657776,0.0010765,0.154602,-0.3772835753,-0.000973875,0.164989,0.04055093336,-0.0159639745,122.75,48.08000183,-0.1081542182,-0.03717711042,0.04055093336,-0.0159639745,0.02205876681,-0.05966483769,0.08801498784,0.1363736451,0.3922435226,0.02742434253,-0.007005363929,1,0.007005363929,0.1422722203,0.08899196418,1.59870862,0.04695247343,0.01980245669,0.5782446536,0.005623643235,-0.05584552067,1,0,0
2023-03-22,0.03691858499,-0.9491034538,0.0001204737002,46.7150923,26.32603947,3.207802498,46.5972493,0.01845037371,13.56966681,-72,0.3996466713,-0.9845131959,40.35582815,850550420000,-2.75292468,-0.0009241017536,0.008440335949,5.049666322e-16,2.28,120.6883,70.71,22.26000023,24.37999916,102.6399994,23.75,25.65999985,142.8399963,-48,150,-0.11679,0.0013698,532.831,0.2155824,0.2033294,0.222712,0.193799,0.2082555,0.2094559,0.207976,0.208636,0.208306,72.7,55.45,126.69,98.05,180.05,136.75,-3.321565377,0.06767018799,-0.06000941192,0.1204051818,0.186579,0.224669,0.1788262,0.2341038,0.168191,0.241565,0.1051646689,0.224810786,-0.1196461171,-0.7597317002,0.1222565741,0.172034952,-0.04977837789,-0.3415757627,0.1193766262,0.1718600083,-0.05248338208,-0.3643968186,0.8213421153,-0.012253,-0.1852410224,-0.0026315,0.07618,0.01995473632,-0.007169536235,0.01385552717,-0.02122520375,-0.2677335142,-0.0029909,0.1105552,-0.3581350853,-0.003428,0.146748,0.09523804628,0.05468711291,102.6399994,-20.11000061,-0.06273683247,0.04541738568,0.09523804628,0.05468711291,0.05250208083,0.03044331402,0.08385234513,0.1676194993,0.3334462565,-0.05879726614,-0.01660024864,1,0.01660024864,0.1324362102,0.1213736067,1.09114505,0.05150988875,0.02191386405,0.5745697655,0.002111407359,-0.003674888189,0,0,0
2023-03-29,-0.08345578315,-0.9978948992,0.0001287141388,-20.90883917,-4.330041586,11.07800813,55.78566632,0.01736480993,11.60044767,-20,0.8301980216,0.8209900803,39.6549075,864490180000,4.462156576,0.02393954375,0.007670610218,4.977578089e-16,2.33,119.8223,72.95,19.12000084,21.48999977,87.77999878,17.17000008,23.56999969,150.5800018,-51,150,-0.09964,0.001597,545.83584,0.180911,0.1825784,0.170381,0.173097,0.171739,0.1817447,0.183885,0.1858768889,0.1848809444,57.55,54.3,106.89,92.36,159.6666667,129.0055556,-2.952463422,0.06775838979,-0.0520786541,0.6328222291,0.150243,0.196381,0.1545146,0.2110682,0.1514325556,0.2173111111,0.1079229852,0.1735472847,-0.06562429946,-0.4750322235,0.1274112865,0.1717734788,-0.04436219237,-0.2987562953,0.1198068779,0.1682984148,-0.04849153689,-0.3398575866,0.9451361104,0.0016674,-0.266213534,0.001573,0.092276,0.007051315178,-0.0006243758946,0.005856607197,-0.01290342114,-0.3093887349,0.0010467,0.1131072,-0.3573135569,-0.0005091111111,0.1317571111,0.1239539136,0.02871586732,87.77999878,-14.86000061,0.1135702245,0.1763070569,0.1239539136,0.02871586732,0.09678920176,0.04428712093,0.07665473974,0.1717248144,0.3086193628,-0.02482689372,0.01413687078,0,0,0.1255287095,0.131604036,0.9538363211,0.05247722994,0.0229711019,0.5622653495,0.001057237852,-0.01230441594,0,1,1
2023-04-05,-0.2965061366,-0.8578845505,0.0001219727003,-37.67824949,-13.96358508,19.89131645,59.37447714,0.01266857909,13.75095524,64,0.8509991714,0.3136676146,47.02022272,868985040000,3.51277624,0.02191905233,0.00636626933,4.620751328e-16,2.23,119.4068,80.69,19.07999992,21.47999954,85.91999817,16.98999977,23.76000023,153.8999939,-49,145,-0.10993,0.0016618,548.59488,0.172599,0.1751166,0.153994,0.157231,0.1556125,0.1738578,0.1797610714,0.1818175,0.1807892857,54.5,48.5,103.81,87.98,160.9607143,127.1178571,-2.83861604,0.06705915832,-0.04982078927,0.5129689911,0.139476,0.173569,0.1465218,0.2041686,0.1454327857,0.2166422857,0.08345540676,0.1051646689,-0.02170926218,-0.2312149589,0.1269532341,0.1635522541,-0.03659901999,-0.2533137528,0.1193172641,0.1626332286,-0.04331596448,-0.3097115038,0.9407242823,0.0025176,-0.2178153301,0.00091,0.068186,0.009655299879,0.01315564256,0.006235198798,0.002603984701,-0.3287617796,0.0014874,0.1152936,-0.393341081,0.00024825,0.142419,0.125786144,0.001832230441,85.91999817,-1.86000061,0.123013548,0.009443323536,0.125786144,0.001832230441,0.1061452856,0.009356083864,0.07632035684,0.1614537735,0.320978387,0.01235902421,-0.002495481657,1,0.002495481657,0.1151341687,0.128475645,0.8961555999,0.05271834898,0.02596900915,0.50740094,0.002997907247,-0.05486440948,0,0,0
2023-04-12,-0.2608826388,-0.3078786377,8.516386488e-05,-31.46176437,10.01423612,10.93968154,58.27735003,0.0106334157,14.97681521,84,0.7307471613,-0.7887416741,55.72810232,868596430000,3.046090804,0.01061455047,0.007923318249,3.651173473e-16,2.27,119.1341,83.26,19.09000015,21.04999924,87.05999756,15.89999962,23.12999916,129.6799927,-54,143,-0.13521,0.0017074,544.05206,0.1691548,0.1716,0.145092,0.14803,0.146561,0.1703774,0.1764816429,0.1785538571,0.17751775,50.7,43.15,102.51,84.24,159.0928571,122.1714286,-2.758755222,0.06647833673,-0.0488243288,0.5247389169,0.129429,0.166898,0.1414204,0.2018726,0.1411872857,0.2128303571,0.1166775214,0.1106148541,0.006062667241,0.05335951677,0.1327540869,0.1598458161,-0.02709172919,-0.1857112551,0.1207241665,0.1603147322,-0.03959056573,-0.2836306319,0.938186732,0.0024452,-0.2528895443,0.0016025,0.074938,0.01089212566,0.009244480765,0.005811738202,0.001236825777,-0.3521901117,0.0012691,0.1209044,-0.4047429436,-0.0005089285714,0.1432861429,0.102671507,-0.02311463702,87.05999756,1.13999939,0.2006289692,0.07761542121,0.102671507,-0.02311463702,0.0988123515,-0.007332934125,0.06645721764,0.1344185079,0.330837474,0.009859087014,-0.004143456323,1,0.004143456323,0.0799342977,0.1153871449,0.6927487268,0.05140770718,0.02585702225,0.4970205117,-0.0001119869022,-0.01038042831,0,0,0
2023-04-19,-0.320133131,1.021358561,5.666456157e-05,-19.78826988,-4.456502603,7.554118863,64.31310169,0.009123951617,17.86126934,92,0.7806236779,0.4266437129,70.93522662,872192590000,1.100183736,0.01044386312,0.00557535364,3.091712881e-16,2.28,119.4377,79.18,16.45999908,20.02000046,95.04000092,14.30000019,22.57999992,124.0199966,-64,137,-0.16842,0.0019995,564.56525,0.1389635,0.142962,0.138615,0.14123,0.1399225,0.14096275,0.1570472857,0.1592757143,0.1581615,48.2,42.7,88.125,72.4,145.4285714,109.45,-2.368531851,0.0679459059,-0.04040069422,0.4279638887,0.124992,0.161041,0.116856,0.1723265,0.1254852857,0.19396,0.1599333984,0.07697276677,0.0829606316,0.7313057874,0.1385646016,0.1482505239,-0.00968592225,-0.06756691699,0.1201655398,0.1518050506,-0.03163951077,-0.2337268451,1.051699998,0.0039985,-0.252061825,0.003094,0.072098,0.005114939152,0.01365349918,0.001970286697,-0.005777186503,-0.3836366308,0.0036285,0.110941,-0.4287101256,0.001561142857,0.1369494286,0.216281991,0.113610484,95.04000092,7.980003357,0.1510488717,-0.04958009755,0.216281991,0.113610484,0.1278720983,0.02905974677,0.04996517134,0.1081830894,0.3159387976,-0.01489867636,-8.426554794e-05,1,8.426554794e-05,0.06540851378,0.09348445784,0.6996726011,0.04694976568,0.02497154785,0.468121992,-0.0008854744008,-0.02889851974,1,0,0
2023-04-26,0.0857681239,1.10067582,5.162821607e-05,-4.813678602,-2.901740969,-9.706228561,45.77874824,0.009373782309,16.07003626,64,0.1222767197,-0.6706388132,55.80206658,867507530000,-1.29273431,-0.01528197251,0,3.165569253e-16,2.25,119.4758,74.33,18.84000015,21.54000092,90.65000153,19.28000069,24.12999916,130.3899994,-47,141,-0.19681,0.0017288,549.42504,0.1659184,0.1677844,0.178524,0.17469,0.176607,0.1668514,0.1781551667,0.1795,0.1788275833,60.6,51.4,99.72,84.57,160.2166667,122.3083333,-2.728343367,0.06773007823,-0.04781475805,0.899750416,0.150275,0.20003,0.1314314,0.2020304,0.1362403333,0.2163738333,0.1695889563,0.1166775214,0.05291143489,0.373963703,0.1343952681,0.1326117491,0.001783519045,0.01335954081,0.1149192058,0.1521468113,-0.03722760547,-0.2806165951,0.7947895498,0.001866,-0.2840667418,-0.0014545,0.09951,0.01790868458,0.01757638845,0.008830652381,0.01279374543,-0.4234308098,-0.0001205,0.141198,-0.4545109504,-0.0025205,0.160267,0.1433121412,-0.07296984972,90.65000153,-4.38999939,-0.02282160365,-0.1738704753,0.1433121412,-0.07296984972,0.1202413248,-0.00763077352,0.05202621916,0.1027307278,0.3361801857,0.02024138806,-0.003848583503,1,0.003848583503,0.0679038186,0.0906322106,0.7492239034,0.04166453402,0.02407865802,0.4220826276,-0.0008928898288,-0.04603936436,0,1,0
2023-05-03,0.5607195137,1.718520159,6.05053544e-05,31.2172754,13.17563383,-6.383831121,49.05091364,0.01075562002,14.27248612,92,0.2391743838,-0.9364097509,47.97438947,863291870000,-1.459049815,-0.009109991754,0,3.300211032e-16,2.2,119.2773,68.62,18.34000015,21.29000092,91.54000092,18.48999977,23.79999924,134.5,-51,145,-0.21326,0.0017144,548.23984,0.1672482,0.1696686,0.159634,0.164718,0.162176,0.1684584,0.175462,0.177473,0.1764675,54.5,49.2,101.72,85.03,160.55,123.45,-2.748678758,0.06700969749,-0.04827488398,0.5922217531,0.136472,0.19272,0.1320982,0.2075156,0.133838,0.215345,0.129903222,0.1599333984,-0.03003017634,-0.2079677411,0.1190331899,0.1303664261,-0.0113332362,-0.09094678688,0.1056146304,0.1514723476,-0.04585771718,-0.3606061768,0.7738790471,0.0024204,-0.3417336995,0.00242,0.112496,0.01664015552,0.0007223630619,0.008196906465,-0.001268529064,-0.4441362512,0.0013485,0.1508348,-0.4668440331,-0.001876,0.163014,0.16085064,0.0175384988,91.54000092,0.8899993896,-0.008112472709,0.01470913094,0.16085064,0.0175384988,0.1178956418,-0.002345682967,0.04463453033,0.1150830053,0.2794591724,-0.05672101335,-0.007022908055,1,0.007022908055,0.08074414326,0.09004837868,0.8966751477,0.03349564196,0.01650023691,0.5073915307,-0.007578421106,0.08530890305,0,0,0
2023-05-10,0.731413311,0.541006652,8.205502659e-05,10.30233234,6.671452485,-3.947966801,54.65847645,0.0114608098,11.84560721,-12,0.5799951684,0.398855147,47.9162673,866446710000,0.0145054834,0.004893719829,0,3.931107247e-16,2.17,118.7561,72.53,16.94000053,20.69000053,97.52999878,14.59000015,23.37000084,125.5999985,-47,149,-0.22065,0.001856,569.3516,0.148643,0.151884,0.123477,0.130894,0.1271855,0.1502635,0.1628125,0.1652380714,0.1640252857,42.1,40.15,93.8,78.45,150.3178571,115.8714286,-2.546213219,0.0688014907,-0.0430645753,0.04540793907,0.107898,0.153471,0.11862,0.188557,0.1250275,0.2033475,0.114022153,0.1695889563,-0.05556680325,-0.3969848506,0.1125724894,0.132872607,-0.02030011757,-0.1657934625,0.1050534949,0.1505152522,-0.0454617573,-0.3595947271,0.8842640226,0.003241,-0.3487253653,0.003499,0.091146,0.01104123213,-0.01258426268,0.004249453221,-0.005598923388,-0.4553531026,0.003325,0.139874,-0.4770156072,0.0001622142857,0.15664,0.2213695326,0.06051889253,97.52999878,5.989997864,0.16106925,0.1691817227,0.2213695326,0.06051889253,0.1295311859,0.0116355441,0.05089423216,0.1188008744,0.2999157323,0.02045655996,0.004473942242,0,0,0.0845672474,0.1114119245,0.759050234,0.03144043655,0.01378530686,0.5615421292,-0.00271493005,0.05415059856,0,0,0
2023-05-17,0.8854934365,1.309346833,7.475687267e-05,-19.77879218,1.663112238,-1.758685404,56.84234642,0.01051134125,12.3128693,-12,0.7889165627,0.7688570062,48.8219829,863107120000,-0.2183392812,0.008126430895,0,4.049974885e-16,2.22,119.7849,72.78,16.87000084,20.04999924,92.76000214,14.67000008,22.86000061,120.7799988,-55,149,-0.22369,0.001952,571.586,0.140442,0.14387,0.12042,0.128101,0.1242605,0.142156,0.1539931429,0.1568552857,0.1554242143,43.55,40.1,90.45,73.5,144.0142857,108.55,-2.418285102,0.0687205592,-0.04074247796,0.4883795808,0.106312,0.149698,0.11179,0.179225,0.119953,0.1937512857,0.132727892,0.129903222,0.002824669966,0.02151138032,0.1146283046,0.1246626637,-0.01003435905,-0.08391663861,0.1037755472,0.1441323308,-0.04035678363,-0.3285014748,0.8769426805,0.003428,-0.3389398852,0.0037445,0.086772,0.01291891311,-0.001434175234,0.003382557597,0.001877680985,-0.4634469014,0.0033515,0.13487,-0.4704958719,0.001427928571,0.1475965714,0.188500192,-0.03286934054,92.76000214,-4.769996643,0.1499659681,-0.01110328189,0.188500192,-0.03286934054,0.1401496998,0.01061851387,0.04935669287,0.1163519111,0.2978523244,-0.002063407937,0.01182068862,0,0,0.08764256647,0.1093131585,0.8017567845,0.02843878315,0.01289800343,0.5464642997,-0.0008873034319,-0.01507782953,1,0,0
2023-05-24,0.7411683835,-0.001767871112,7.787752152e-05,-10.53510438,-12.15119725,-2.075083144,47.85422493,0.009874447768,15.25180067,44,0.3224514564,-0.2228943068,54.91329747,862618920000,-0.5529052363,-0.007223661502,0,4.044153089e-16,2.25,120.6481,74.37,20.03000069,22.02000046,106.5199966,19.77000046,23.92000008,132.2899933,-58,144,-0.22562,0.0016732,575.53758,0.1635686,0.165509,0.165616,0.166991,0.1663035,0.1645388,0.1706923333,0.1727358889,0.1717141111,59,51.75,102.87,87.51,157.4166667,118.4888889,-2.818400678,0.06992758381,-0.04715258084,0.4480868075,0.138832,0.200376,0.127757,0.2077152,0.1299186667,0.2135337778,0.1149109413,0.114022153,0.0008887883146,0.007764650913,0.1070072468,0.1327540869,-0.02574684015,-0.2156018873,0.1048023067,0.1458280914,-0.04102578466,-0.3303526894,0.8068254231,0.0019404,-0.3628688003,0.0033005,0.123088,0.02249644516,0.01465580273,0.008219903725,0.009577532044,-0.4766904679,0.0031973,0.1599164,-0.4869093958,1.211111111e-05,0.1672302222,0.09935095871,-0.08914923333,106.5199966,13.75999451,0.01315125052,-0.1368147175,0.09935095871,-0.08914923333,0.08628517616,-0.0538645236,0.04522932015,0.1124807313,0.2867878093,-0.01106451506,-0.007345512678,1,0.007345512678,0.07846104492,0.1142093602,0.6869931221,0.02779513236,0.01017148476,0.634055178,-0.00272651867,0.0875908783,0,0,0
2023-05-31,0.547663545,-0.4102569174,6.985577711e-05,7.434236559,1.008266224,1.884899073,55.27068844,0.0098801119,16.59757161,68,0.716925847,-0.06588203914,52.88985149,868729980000,1.351816622,0.003968733601,0,3.617027103e-16,2.18,121.1527,68.11,17.94000053,20.20999908,91.38999939,16.85000038,22.54999924,136.0200043,-76,142,-0.22768,0.001846,573.5829,0.147553,0.143107,0.150124,0.138341,0.1442325,0.14533,0.1561795556,0.1567497778,0.1564646667,52.7,41.6,97.55,71.3,149.5555556,104.3555556,-2.480916752,0.06861318523,-0.04165158408,0.05657625312,0.128044,0.164033,0.117487,0.175981,0.1212764444,0.1915963333,0.0919769816,0.1366448939,-0.04466791229,-0.3958471996,0.1011781536,0.1357407112,-0.03456255762,-0.2938636708,0.1068315807,0.1450656916,-0.03823411086,-0.3059331027,0.934017142,-0.004446,-0.2464350154,0.001806,0.071978,0.01375882123,0.00213118703,0.003437137038,-0.008737623931,-0.3986397154,0.001404,0.116988,-0.4495110721,-2.827777778e-05,0.1406397778,0.1265328028,0.02718184413,91.38999939,-15.12999725,0.06468843489,0.05153718437,0.1265328028,0.02718184413,0.115784278,0.02949910185,0.05781709356,0.09691903407,0.3736496088,0.08686179948,-0.006127358186,1,0.006127358186,0.07011466876,0.1026517157,0.6830345529,0.02985509383,0.01142955314,0.6171657271,0.001258068375,-0.01688945089,0,1,0
2023-06-07,0.2177647142,-0.9469945392,5.518318218e-05,-0.6700190479,-4.566884738,9.888797169,62.5850997,0.01031697604,22.84849278,84,0.8693085545,-0.7978960791,59.37863684,873221510000,1.802013354,0.01291618988,0,3.405430251e-16,2.21,120.0893,72.52,13.93999958,17.13999939,84,13.85999966,19.79999924,120.5,-77,139,-0.22927,0.002256,584.7535,0.118086,0.118188,0.111248,0.107258,0.109253,0.118137,0.1491052632,0.1495268158,0.1493160395,41.3,34.2,81.2,59.2,241.6236842,145.7184211,-2.055982864,0.06851209836,-0.03386173908,0.6154308919,0.102364,0.123244,0.101803,0.141161,0.1164854474,0.1765132105,0.09608405269,0.1279091509,-0.03182509821,-0.2860968961,0.09445441784,0.1347810077,-0.04032658986,-0.3555339289,0.1054338077,0.1356850345,-0.03025122682,-0.2522529364,1.14088734,0.000102,-0.1850998192,0.003551,0.04176,0.001266438794,-0.004424532874,0.00388485106,-0.01249238243,-0.3239821537,0.003345,0.078716,-0.4097477005,-0.002816710526,0.1200555263,0.22955523,0.1030224271,84,-7.38999939,0.00577200041,-0.05891643448,0.22955523,0.1030224271,0.1551925287,0.0394082507,0.05385939529,0.09347129155,0.3655680731,-0.008081535735,-0.003819293926,1,0.003819293926,0.06001906489,0.1010801532,0.5937769481,0.03432387345,0.01615795341,0.5292502917,0.004728400277,-0.08791543541,0,0,0
2023-06-14,-0.1347852721,-1.12837176,5.741852211e-05,0.1899244011,13.71670355,13.29727563,72.39344748,0.01001841767,30.63737194,96,0.96134598,0.2873789921,75.68063409,893307940000,3.974358051,0.02610996186,0,3.561322807e-16,2.21,119.0646,68.22,13.88000011,16.86000061,91.91000366,12.71000004,19.46999931,114.3700027,-91,138,-0.22492,0.00223,599.92,0.11671,0.12174,0.103293,0.114253,0.1618775789,0.1615347368,39.35,37.65,80.85,64,351.3105263,199.6815789,-2.128733988,0.06860007456,-0.03417346022,0.167204764,0.102078,0.121191,0.104225,0.140247,0.1241194211,0.1864951579,0.09637532527,0.0919769816,0.004398343666,0.04671186114,0.1190331899,0.118676221,0.0003569689032,0.003003407987,0.1246952112,0.1249941628,-0.0002989515389,-0.00239458874,0.9953971143,0.00503,-0.1712105129,0.0028615,0.038226,0.005181394897,0.003371800385,0.01052534077,0.003914956103,-0.2946922347,0.003011,0.072044,-0.4016278763,-0.006398868421,0.1247514737,0.2146974403,-0.01485778966,91.91000366,7.910003662,0.09205350691,0.0862815065,0.2146974403,-0.01485778966,0.1548041879,-0.0003883407815,0.05021179371,0.09333626074,0.3497908342,-0.01577723889,0.0008190899801,0,0,0.05494114692,0.1097528977,0.5005894887,0.02836966147,0.01428561605,0.4964474263,-0.0018723421,-0.03280279242,1,0,0
2023-06-21,0.04576842833,-1.024908589,5.515131863e-05,2.033378748,0.1749693022,7.550269668,64.16377135,0.01000512395,35.8939301,64,0.7370601506,-0.5744027559,72.88621372,882870910000,1.945647432,0.008520362246,0,3.562346299e-16,2.21,119.0438,72.55,13.19999981,16.88999939,92.73000336,12.02999973,19.53000069,110.8399963,-96,135,-0.21895,0.00219025,591.873575,0.120513,0.1213055,0.104043,0.103606,0.1701579167,0.168314875,41.45,32.15,82.9375,62.2375,398.8229167,221.6333333,-2.129850894,0.0677869449,-0.03465600472,0.0993611701,0.098077,0.11177,0.10394125,0.14255825,0.1266308333,0.1928375,0.09608405269,0.1010819933,-0.004997940644,-0.05070864544,0.1092706671,0.1108299658,-0.001559298696,-0.01416919855,0.1207851862,0.1207083306,7.685562216e-05,0.0006365025925,0.9166376084,0.0007925,-0.1305046057,0.001099,0.027386,0.005140718188,0.0005619574239,0.0140704566,-4.067670948e-05,-0.3133231508,0.0023405,0.077234,-0.4144803084,-0.009502229167,0.1324133333,0.2795454268,0.0648479865,92.73000336,0.8199996948,0.09725686636,0.00520335945,0.2795454268,0.0648479865,0.1563055887,0.001501400725,0.05396782417,0.1016131325,0.3468793696,-0.0029114646,-0.005259086367,1,0.005259086367,0.06160337956,0.1049641369,0.5868993102,0.02693460812,0.01465132681,0.4560408398,0.0003657107649,-0.04040658643,0,0,0
2023-06-28,0.3589350651,-1.183420091,4.722695077e-05,5.428232323,1.622279183,-4.934057446,61.79893214,0.00944627127,34.49257204,64,0.6887669827,0.1045279227,70.88674147,876747430000,1.814434582,0.003087786874,0.0025315911,3.180902687e-16,2.18,119.6759,69.54,13.43000031,15.89999962,85.79000092,11.73999977,18.34000015,108.3000031,-100,134,-0.21464,0.002324,588.08586,0.1134706,0.1181672,0.100151,0.10978,0.1625499167,0.1606948333,40.65,34,80.15,58.84,387.3,207.375,-2.027126709,0.06718125094,-0.03319757188,0.3768471274,0.095103,0.119526,0.099222,0.1385006,0.121256125,0.183166125,0.1125542145,0.1104783599,0.002075854583,0.01861534832,0.1143470224,0.1168312699,-0.002484247486,-0.02149287541,0.1182969791,0.1182130159,8.396322336e-05,0.0007100184232,1.008740973,0.0046966,-0.2275834114,0.002349,0.048846,0.004386945188,-0.001187711809,0.01214747497,-0.0007537729995,-0.3304574323,0.0030424,0.0785572,-0.406737681,-0.00941125,0.12382,0.1839165493,-0.09562887749,85.79000092,-6.940002441,0.1439523481,0.04669548177,0.1839165493,-0.09562887749,0.1534591568,-0.002846431889,0.04325119509,0.09064295593,0.323025276,-0.02385409358,-0.0003541393884,1,0.0003541393884,0.05011517592,0.09873881067,0.5075529631,0.02906102843,0.0154114828,0.4696855675,0.0007601559889,0.01364472764,0,1,1
2023-07-05,0.3125786029,-1.000388616,3.824503797e-05,-32.32138728,-2.435246124,1.838361566,67.84302813,0.00891279192,36.90614302,92,0.8630179608,0.1701829985,63.44076445,882919200000,0.474033883,0.01280256695,0.002110899971,2.967558754e-16,2.26,119.6971,71.78,14.18000031,16.51000023,87.76000214,12.56999969,18.70999908,110.5299988,-99,128,-0.21453,0.002214,588.43088,0.1195398,0.1208122,0.106132,0.10515,0.1640273333,0.1621792917,42,31.75,83.4,60.23,405.79375,201.4729167,-2.104621114,0.06616310982,-0.03444592669,0.1539313326,0.098471,0.1159,0.1037948,0.1413414,0.1220515833,0.1838129167,0.1123802208,0.1070602423,0.005319978524,0.04849626248,0.1162978899,0.1127787371,0.00351915279,0.03072709526,0.1209424622,0.1194368335,0.001505628685,0.01252727171,0.9384464212,0.0012724,-0.1626059495,0.0015445,0.034858,0.00738819732,-0.0003018745996,0.01233753335,0.003001252132,-0.3063325612,0.0023921,0.0750932,-0.4038476733,-0.0101710625,0.1235226667,0.164315929,-0.01960062029,87.76000214,1.970001221,0.1280827883,-0.01586955979,0.164315929,-0.01960062029,0.133252503,-0.02020665373,0.0446148532,0.08149581887,0.353775398,0.030750122,-0.001970258098,1,0.001970258098,0.04512981138,0.08975566043,0.5028074125,0.02736642131,0.01464737777,0.4647682428,-0.0007641050362,-0.004917324661,0,0,0
2023-07-12,0.2742543453,-1.112014692,4.295883233e-05,-19.51913066,-9.266891482,-2.124853909,67.17590048,0.008369253308,34.01830372,88,0.9765910965,-0.2887117161,61.34959314,886580810000,2.84776169,0.01607428603,0,3.138556141e-16,2.26,118.0104,75.77,13.53999996,16.11000061,95.84999847,11.38000011,18.26000023,114.0699997,-86,127,-0.22242,0.0023372,587.29998,0.1131234,0.1174042,0.105119,0.107913,0.1598306667,0.15759775,42.05,32.75,80.51,57.96,386.3916667,201.6583333,-2.014715102,0.06566178088,-0.03303852576,0.4081335062,0.100477,0.116285,0.0992546,0.135952,0.118713,0.1795000833,0.09664104703,0.09277830948,0.003862737544,0.04079068998,0.1037670787,0.1023194185,0.001447660194,0.01404928538,0.1200002582,0.119166409,0.0008338492428,0.006972983578,0.8876977724,0.0042808,-0.1458558234,0.001865,0.031616,0.007863896496,0.002737843545,0.0109895669,0.0004756991756,-0.3120439648,0.0023395,0.0733948,-0.407675496,-0.009607666667,0.1215741667,0.1898080248,0.02549209577,95.84999847,8.089996338,0.1898066631,0.06172387473,0.1898080248,0.02549209577,0.1334574511,0.0002049480569,0.05291480517,0.07766509026,0.4052293425,0.0514539445,0.007383905235,0,0,0.05247663229,0.08794446378,0.5967019416,0.02535036738,0.01488110398,0.4129827093,0.0002337262099,-0.05178553353,0,0,0
2023-07-19,0.08579553252,-1.022886454,3.743350537e-05,6.799576768,1.654490873,7.652915771,74.99785215,0.00791363697,38.9258588,100,0.9863831742,-0.2133501142,79.31174326,898516810000,2.591696329,0.0221089448,0,3.057710152e-16,2.22,117.745,75.4,13.76000023,16.55999947,93.56999969,13.35999966,18.46999931,107.1900024,-99,128,-0.23828,0.00218475,605.90235,0.11727925,0.119094,0.112993,0.112112,0.1596172917,0.1570645417,45,35.55,85.125,60.95,386.7104167,205.3833333,-2.131236721,0.06635342837,-0.03387595714,0.6348561534,0.107906,0.120543,0.10526075,0.1357035,0.1211397083,0.1790804167,0.07974291958,0.0837562999,-0.004013380319,-0.04910343552,0.09586339194,0.09226885622,0.003594535718,0.03821751189,0.1209470613,0.1197112334,0.001235827896,0.01027048546,0.7807047221,0.00181475,-0.1106330078,0.001672,0.025274,0.0104202188,0.005652947484,0.01074106648,0.002556322305,-0.2526744112,0.0022955,0.0608855,-0.3859881701,-0.008230854167,0.1158814167,0.2034883133,0.01368028847,93.56999969,-2.279998779,0.02994016336,-0.1598664997,0.2034883133,0.01368028847,0.1153381588,-0.01811929233,0.05211129362,0.05978168522,0.4657244285,0.06049508599,0.002355134827,0,0,0.04809052012,0.08405240829,0.5721492233,0.02143887912,0.01292533729,0.3971075998,-0.001955766687,-0.0158751095,1,0,0
2023-07-26,-0.1532279471,-0.2039137528,2.906668745e-05,-3.341199754,7.477560177,1.380650918,71.14867672,0.007365524604,39.97645794,84,0.8255062287,0.09887341684,72.0456341,902003660000,3.565464403,0.0121860793,0,2.51981101e-16,2.36,118.1097,79.11,13.18999958,15.78999996,85.37999725,11.73999977,18.12000084,104.8799973,-96,123,-0.25587,0.0008213461538,1570.316304,0.1555060769,0.1538785,0.099747,0.103108,0.1555060769,0.1538785,40.85,31.9,372.675,194.5730769,372.675,194.5730769,-7.229637579,0.1719293046,-0.04433293243,0.361854078,0.094462,0.111997,0.1172890769,0.1748707308,0.1172890769,0.1748707308,0.07091683145,0.06891128143,0.002005550017,0.02868790146,0.09300244568,0.09143326965,0.001569176034,0.01701637771,0.1092841635,0.1081225466,0.001161616862,0.01068621953,0.5910654665,-0.001627576923,-0.1698642345,0.001802,0.03507,0.009037566095,0.005538773048,0.01223921902,-0.001382652707,-0.3941791604,-0.008612384615,0.1151633077,-0.3941791604,-0.008612384615,0.1151633077,0.1971190648,-0.006369248502,85.37999725,-8.190002441,0.1235093558,0.09356919248,0.1971190648,-0.006369248502,0.1475618039,0.03222364511,0.04759985233,0.05028665789,0.4862759151,0.02055148657,-0.0001554509787,1,0.0001554509787,0.03929502093,0.0745802236,0.526882584,0.02234320844,0.01398316564,0.3741648305,0.001057828351,-0.02294276928,0,0,0
2023-08-02,-0.1736753133,-0.7547537934,2.664571939e-05,8.355177096,15.28977147,-7.22954318,53.82017463,0.008237563694,39.78174282,84,0.4827033764,-0.6617925191,56.61727502,897621980000,-0.2078341524,-0.008758933033,0,2.78469499e-16,2.36,119.4622,79.5,16.09000015,17.95999908,96.19999695,15.39999962,19.87999916,115.1500015,-80,121,-0.26998,0.0007965,1485.648629,0.1673478571,0.1651531429,0.129965,0.122423,0.1673478571,0.1651531429,49.3,39.8,376.1035714,194.1017857,376.1035714,194.1017857,-7.350887718,0.1645823459,-0.04764270186,0.4526166442,0.114319,0.140923,0.1252438571,0.1884556786,0.1252438571,0.1884556786,0.1011492802,0.1054063259,-0.004257045697,-0.04122520486,0.0979548271,0.09911909847,-0.001164271369,-0.01181571749,0.1038819356,0.1035731976,0.0003087379954,0.002976433686,0.5962033105,-0.002194714286,-0.20846099,0.001427,0.053208,0.01606421481,0.004814432087,0.01691182149,0.007026648715,-0.4030087025,-0.009400732143,0.1264236429,-0.4030087025,-0.009400732143,0.1264236429,0.116221188,-0.08089787681,96.19999695,10.81999969,0.04480523059,-0.07870412524,0.116221188,-0.08089787681,0.1069042413,-0.04065756254,0.0560776572,0.07621077463,0.4239044671,-0.06237144792,-0.01393620064,1,0.01393620064,0.06748277655,0.06829925594,0.9880455595,0.02297386567,0.01314926998,0.4276422534,-0.000833895657,0.05347742287,0,0,0
2023-08-09,-0.4335152173,-0.04431753337,3.856201074e-05,30.08466259,-3.376891941,-17.440519,46.30541628,0.009460751121,29.09322093,60,0.01218925399,-0.6896179017,35.22325892,885135460000,-1.908606897,-0.01555289602,0,2.775352754e-16,2.34,119.8273,84.35,15.96000004,18.04999924,97.43000031,15.32999992,19.86000061,112.5500031,-79,123,-0.27859,0.001045727273,1316.984988,0.1634777273,0.1630458788,0.133197,0.139287,0.1634777273,0.1630458788,49.35,45.8,316.4606061,178.9484848,316.4606061,178.9484848,-6.399206657,0.1473892652,-0.04678692269,0.5564678141,0.119071,0.156358,0.1250048182,0.1873241818,0.1250048182,0.1873241818,0.1134058266,0.1154547241,-0.00204889743,-0.01790568244,0.09663560504,0.09667654332,-4.093827988e-05,-0.0004235458644,0.1067314373,0.1067606898,-2.925248989e-05,-0.0002740381153,0.5921565334,-0.0004318484848,-0.2707558028,0.0014725,0.074574,0.01612580609,0.005232089254,0.01525657144,6.159128357e-05,-0.3990622942,-0.00709730303,0.1246387273,-0.3990622942,-0.00709730303,0.1246387273,0.1309523304,0.01473114249,97.43000031,1.230003357,0.04109589808,-0.003709332513,0.1309523304,0.01473114249,0.1002770886,-0.006627152692,0.05387995175,0.08460063267,0.3890794654,-0.03482500177,-0.007063619102,1,0.007063619102,0.07031854073,0.06597778275,1.065791207,0.0218365691,0.01249021507,0.4280138507,-0.0006590549093,0.0003715973741,0,0,0
2023-08-16,-0.1259933156,-0.1644649495,3.859484085e-05,29.18186346,-8.743972208,-19.25615872,38.32105112,0.01046812666,22.09839838,-56,-0.05200353788,-0.9663678074,36.58153939,882196790000,-4.023349177,-0.02209462451,0,2.895984359e-16,2.32,120.7308,79.4,16.78000069,18.96999931,104.5400009,16.36000061,20.70000076,117.2399979,-69,125,-0.28118,0.001199459459,1179.623397,0.1676417838,0.1668420811,0.146997,0.145643,0.1676417838,0.1668420811,54.5,46.3,297.0581081,161.7297297,297.0581081,161.7297297,-5.871502872,0.1339163275,-0.04792657869,0.4576556338,0.131561,0.161477,0.1295705676,0.1897211892,0.1295705676,0.1897211892,0.1024116205,0.09889635133,0.003515269199,0.03492784247,0.09921968616,0.09935763527,-0.0001379491138,-0.001389374527,0.1083872417,0.1069641977,0.001423043935,0.01321620745,0.5940952357,-0.0007997027027,-0.2041782977,0.000199,0.059832,0.01828490262,0.01162905409,0.01652852437,0.002159096525,-0.3767752869,-0.007596054054,0.1203012432,-0.3767752869,-0.007596054054,0.1203012432,0.1305124277,-0.0004399027289,104.5400009,7.11000061,0.02567237534,-0.01542352274,0.1305124277,-0.0004399027289,0.09119670597,-0.009080382664,0.05706635631,0.08957961879,0.389143693,6.422762248e-05,-0.007584081793,1,0.007584081793,0.08585678262,0.05460366677,1.572362951,0.02194774187,0.01207580218,0.4497929557,-0.0004144128928,0.02177910499,1,0,0
2023-08-23,0.2358639486,-0.3177763696,4.122803511e-05,16.40134102,-0.6579890213,-12.77707661,47.43559559,0.01105933683,21.22296772,-64,0.3537215548,0.6931803936,42.56015836,878354050000,-1.824306107,-0.002069524813,0,3.340120222e-16,2.35,120.4036,78.91,15.97999954,17.94000053,88.98999786,15.34000015,20.05999947,118.4000015,-76,125,-0.27927,0.001573547619,1075.805674,0.1552083095,0.1577261429,0.1552083095,0.1577261429,0.1552083095,0.1577261429,258.8178571,142.7238095,258.8178571,142.7238095,258.8178571,142.7238095,-5.009771717,0.1212582562,-0.04484123338,0.5076290065,0.1228486905,0.1789061667,0.1228486905,0.1789061667,0.1228486905,0.1789061667,0.1296088724,0.1130666306,0.01654224179,0.136543945,0.1054086103,0.1019574433,0.003451167051,0.03328882125,0.1070816746,0.1029612046,0.004120469994,0.03923959436,0.6516217213,0.002517833333,-0.3715431574,-0.005589797619,0.1121149524,0.0151407183,0.01169792991,0.01388098323,-0.003144184315,-0.3715431574,-0.005589797619,0.1121149524,-0.3715431574,-0.005589797619,0.1121149524,0.1226533822,-0.007859045491,88.98999786,-15.55000305,0.04172095067,0.01604857533,0.1226533822,-0.007859045491,0.1181716203,0.02697491437,0.06152915198,0.1063233728,0.366566735,-0.022576958,0.01098433071,0,0,0.08743594393,0.06920201222,1.263488461,0.01998210298,0.009586782748,0.5202315414,-0.002489019434,0.07043858564,0,0,0
2023-08-30,0.1396081099,-0.9158665979,6.832204723e-05,11.15296777,-12.46036862,7.167734363,58.27872884,0.01091489466,18.8819406,-64,0.8491768524,0.516766144,48.31671579,887302920000,0.5601663609,0.02012605955,0,3.949808837e-16,2.26,120.187,81.64,13.88000011,16.18000031,78.62999725,12.42000008,18.54999924,109.8399963,-78,122,-0.27655,0.002251595745,998.0274745,0.1362114255,0.1373126809,0.1362114255,0.1373126809,0.1362114255,0.1373126809,223.0553191,120.462766,223.0553191,120.462766,223.0553191,120.462766,-4.062270433,0.1105267122,-0.03919744337,0.4973703739,0.1118806383,0.1535787447,0.1118806383,0.1535787447,0.1118806383,0.1535787447,0.1266112093,0.1363481976,-0.009736988295,-0.07409084339,0.1142046437,0.1157316554,-0.001527011693,-0.01328223641,0.1058702918,0.1057865101,8.378165536e-05,0.0007916746259,0.846226367,0.001101255319,-0.3141580901,-0.004032361702,0.08339621277,0.005871624254,0.0001130282062,0.007513073469,-0.009269094049,-0.3141580901,-0.004032361702,0.08339621277,-0.3141580901,-0.004032361702,0.08339621277,0.1657060642,0.04305268202,78.62999725,-10.36000061,0.1175523373,0.07583138662,0.1657060642,0.04305268202,0.1464770635,0.02830544315,0.05235541821,0.1260401884,0.2934793026,-0.07308743235,0.003825854181,0,0,0.08305357528,0.0860192849,0.9655227358,0.02110269638,0.007708880319,0.6346969042,-0.001877902429,0.1144653628,0,0,0